profile_id,reported_date,product_group,gross_bookings_usd
8705891950202934,2017-04-27,Yearly,119.9985579
722125030276355,2017-04-25,Yearly,119.99883
5297786596069772,2017-06-29,Yearly,119.99
5297786596069772,2019-06-29,Yearly,119.99
5297786596069772,2020-06-29,Yearly,119.99
5297786596069772,2021-06-29,Yearly,119.99
6.67491E+15,2017-02-03,Yearly,119.99
3516566451194466,2017-06-09,Yearly,119.9980392
9237051930777508,2017-12-14,Yearly Monthly Billing,9.99
6813879535032831,2017-04-09,Yearly,119.99
3869284052075912,2017-04-24,Yearly,119.9989216
4167164366829308,2017-10-23,Yearly,119.9981342
4167164366829308,2018-10-23,Yearly,119.9981342
87725137641823,2017-01-19,Yearly,123.9509606
87725137641823,2018-01-19,Yearly,128.1241112
87725137641823,2019-01-19,Yearly,115.6288755
3878594459209394,2017-04-26,Yearly,119.9991466
1.79508E+15,2017-12-08,Yearly Monthly Billing,9.081818182
1.79508E+15,2018-01-08,Yearly Monthly Billing,9.081818182
1.79508E+15,2018-03-08,Yearly Monthly Billing,9.081818182
1.79508E+15,2018-04-08,Yearly Monthly Billing,9.081818182
1.79508E+15,2018-05-08,Yearly Monthly Billing,9.081818182
1.79508E+15,2018-06-08,Yearly Monthly Billing,9.081818182
1.79508E+15,2018-07-08,Yearly Monthly Billing,9.081818182
1.79508E+15,2018-08-08,Yearly Monthly Billing,9.081818182
1.79508E+15,2018-09-08,Yearly Monthly Billing,9.081818182
1.79508E+15,2018-10-08,Yearly Monthly Billing,9.081818182
1.79508E+15,2018-11-08,Yearly Monthly Billing,9.081818182
1.79508E+15,2018-12-08,Yearly Monthly Billing,9.081818182
1.79508E+15,2019-01-08,Yearly Monthly Billing,9.081818182
1.79508E+15,2019-02-08,Yearly Monthly Billing,9.081818182
1.79508E+15,2019-03-08,Yearly Monthly Billing,9.081818182
1.79508E+15,2019-04-08,Yearly Monthly Billing,9.081818182
1.79508E+15,2019-05-08,Yearly Monthly Billing,9.081818182
1.79508E+15,2019-06-08,Yearly Monthly Billing,9.081818182
1.79508E+15,2019-07-08,Yearly Monthly Billing,9.081818182
1.79508E+15,2019-08-08,Yearly Monthly Billing,9.081818182
1.79508E+15,2019-09-08,Yearly Monthly Billing,9.081818182
1.79508E+15,2019-10-08,Yearly Monthly Billing,9.081818182
3505952281258075,2017-11-15,Yearly,119.99
3505952281258075,2020-01-22,Yearly,179.99
4.3572E+15,2017-07-04,Yearly,95.992
2152941034592831,2017-10-20,Yearly,119.9985171
4429295749885323,2017-06-23,Yearly,119.9990695
1142744935679383,2017-07-09,Monthly,19.15364419
1142744935679383,2017-08-09,Monthly,18.9155375
1142744935679383,2017-09-09,Monthly,18.70161226
1142744935679383,2017-10-09,Monthly,19.06336677
1142744935679383,2018-12-20,Monthly,18.35662355
1142744935679383,2019-01-20,Monthly,18.22620492
1142744935679383,2019-02-20,Monthly,18.01502024
1142744935679383,2019-03-20,Monthly,17.93215847
1142744935679383,2019-05-03,Monthly,18.24861306
1142744935679383,2019-06-02,Monthly,18.03904048
1142744935679383,2019-06-20,Monthly,18.03904048
2945643531332998,2017-07-02,Yearly Monthly Billing,9.99
2945643531332998,2017-08-10,Yearly Monthly Billing,14.99
2945643531332998,2017-09-10,Yearly Monthly Billing,14.99
2945643531332998,2017-10-10,Yearly Monthly Billing,14.99
2945643531332998,2017-11-10,Yearly Monthly Billing,14.99
2945643531332998,2017-12-10,Yearly Monthly Billing,14.99
2945643531332998,2018-01-10,Yearly Monthly Billing,14.99
2945643531332998,2018-03-10,Yearly Monthly Billing,14.99
2945643531332998,2018-04-10,Yearly Monthly Billing,14.99
2945643531332998,2018-05-10,Yearly Monthly Billing,14.99
2945643531332998,2018-06-10,Yearly Monthly Billing,14.99
9087022446052078,2017-11-08,Yearly Monthly Billing,9.99
6217227443474136,2017-06-24,Yearly,109.0818182
7641287146966373,2017-07-02,Yearly,119.9989746
1373671254281575,2017-08-07,Monthly,19.99
1373671254281575,2017-09-07,Monthly,19.99
1373671254281575,2017-10-07,Monthly,19.99
1373671254281575,2017-11-07,Monthly,19.99
1373671254281575,2017-12-07,Monthly,19.99
1373671254281575,2018-01-07,Monthly,19.99
1373671254281575,2018-03-07,Monthly,19.99
1373671254281575,2018-04-07,Monthly,19.99
1373671254281575,2018-05-07,Monthly,19.99
1373671254281575,2018-06-07,Monthly,19.99
1373671254281575,2018-07-07,Monthly,19.99
1373671254281575,2018-08-07,Monthly,19.99
1373671254281575,2018-09-28,Monthly,19.99
1373671254281575,2018-11-02,Monthly,19.99
1373671254281575,2018-11-11,Monthly,19.99
1373671254281575,2018-12-28,Monthly,19.99
1373671254281575,2019-01-28,Monthly,19.99
1373671254281575,2019-02-28,Monthly,19.99
4976599054967758,2017-04-13,Weekly,7.5
4976599054967758,2017-04-20,Weekly,7.5
4976599054967758,2017-04-27,Weekly,7.5
3.56591E+15,2017-11-23,Yearly,179.9970588
3.56591E+15,2018-11-23,Yearly,179.9970588
8783662331099162,2017-09-17,Yearly Monthly Billing,9.99
8783662331099162,2017-10-21,Yearly Monthly Billing,9.99
8783662331099162,2017-11-17,Yearly Monthly Billing,9.99
4117048948183061,2017-06-11,Yearly,119.9982353
1165839337715178,2017-08-12,Yearly,116.3555921
7442270345435312,2017-06-19,Yearly,179.99
7442270345435312,2020-08-09,Yearly,89.99
7442270345435312,2021-08-09,Yearly,179.99
9667934925372074,2017-10-27,Yearly,119.9977548
9667934925372074,2018-10-27,Yearly,119.9977548
4613738625930765,2017-09-24,Yearly,120.6742448
3264408140762106,2017-10-19,Yearly,118.6822503
288907764360437,2017-12-14,Yearly Monthly Billing,9.99
288907764360437,2018-01-27,Yearly Monthly Billing,9.99
8536107060685867,2017-12-04,Yearly Monthly Billing,14.99
8536107060685867,2018-01-04,Yearly Monthly Billing,14.99
8536107060685867,2018-03-04,Yearly Monthly Billing,14.99
8536107060685867,2018-04-04,Yearly Monthly Billing,14.99
8536107060685867,2018-05-04,Yearly Monthly Billing,14.99
8536107060685867,2018-06-04,Yearly Monthly Billing,14.99
8536107060685867,2018-07-04,Yearly Monthly Billing,14.99
8536107060685867,2021-11-27,Yearly,179.99
9.91708E+15,2017-12-19,Yearly,119.9980261
9.91708E+15,2018-12-19,Yearly,119.9980261
9.91708E+15,2019-12-19,Yearly,119.9980261
9.91708E+15,2021-01-29,Yearly,119.9980261
3136462386281041,2017-03-17,Weekly,5.079573
3136462386281041,2017-03-24,Weekly,5.079573
3136462386281041,2017-03-31,Weekly,5.079573
3136462386281041,2017-04-07,Weekly,5.084615571
3136462386281041,2017-04-14,Weekly,5.084615571
3136462386281041,2017-04-21,Weekly,5.084615571
3136462386281041,2017-04-28,Weekly,5.084615571
3136462386281041,2017-05-05,Weekly,5.204751429
3136462386281041,2017-05-12,Weekly,5.204751429
3136462386281041,2017-05-19,Weekly,5.204751429
3136462386281041,2017-05-26,Weekly,5.204751429
3136462386281041,2017-06-02,Weekly,5.423013
3136462386281041,2017-06-09,Weekly,5.423013
3136462386281041,2017-06-16,Weekly,5.423013
3136462386281041,2017-06-23,Weekly,5.423013
3136462386281041,2017-06-30,Weekly,5.423013
3136462386281041,2017-07-07,Weekly,5.402025
3136462386281041,2017-07-14,Weekly,5.402025
3136462386281041,2017-07-21,Weekly,5.402025
3136462386281041,2017-07-28,Weekly,5.402025
3136462386281041,2017-08-04,Weekly,5.309078143
3136462386281041,2017-08-11,Weekly,5.309078143
3136462386281041,2017-08-18,Weekly,5.309078143
3136462386281041,2017-08-25,Weekly,5.309078143
3136462386281041,2017-09-01,Weekly,5.309078143
3136462386281041,2017-09-08,Weekly,5.215858714
3136462386281041,2017-09-15,Weekly,5.215858714
3136462386281041,2017-09-22,Weekly,5.215858714
3136462386281041,2017-09-29,Weekly,5.215858714
3136462386281041,2017-10-06,Weekly,5.168772
3136462386281041,2017-10-13,Weekly,5.168772
3136462386281041,2017-10-20,Weekly,5.168772
710460275073142,2017-01-31,Monthly,19.99
710460275073142,2017-02-28,Monthly,19.99
710460275073142,2017-03-28,Monthly,19.99
710460275073142,2017-04-28,Monthly,19.99
710460275073142,2017-05-28,Monthly,19.99
710460275073142,2017-06-28,Monthly,19.99
6135393997370558,2017-07-31,Yearly,117.8202635
633946575277292,2017-07-30,Monthly,19.99
633946575277292,2017-08-30,Monthly,19.99
633946575277292,2017-09-29,Monthly,19.99
722392502257368,2017-05-12,Monthly,18.17272727
722392502257368,2019-04-08,Yearly,163.6272727
6429363090169218,2017-11-06,Yearly,123.5030126
2167096843260455,2017-09-30,Yearly,120.2689348
1920989177126007,2017-11-25,Yearly,52.16521739
6543223192963775,2017-12-25,Yearly,121.5557891
470798909399959,2017-02-03,Yearly,109.0818182
919273901792468,2017-10-09,Yearly,119.9984069
3851925074152147,2017-03-17,Weekly,4.454520857
3282198530404026,2017-04-15,Yearly,108.5968971
6539793135173101,2017-05-12,Yearly,119.99
5.5877E+15,2017-04-11,Yearly,119.9987199
1623927863883899,2017-02-20,Weekly,5.192520857
1623927863883899,2017-02-27,Weekly,5.192520857
1623927863883899,2017-03-06,Weekly,5.367619714
1623927863883899,2017-03-13,Weekly,5.367619714
1623927863883899,2017-03-20,Weekly,5.367619714
1623927863883899,2017-03-27,Weekly,5.367619714
1623927863883899,2017-04-03,Weekly,5.352945
1623927863883899,2017-04-10,Weekly,5.352945
1623927863883899,2017-04-17,Weekly,5.352945
1623927863883899,2017-04-24,Weekly,5.352945
1623927863883899,2017-05-01,Weekly,5.380299
1623927863883899,2017-05-08,Weekly,5.380299
1623927863883899,2017-05-15,Weekly,5.380299
1623927863883899,2017-05-22,Weekly,5.380299
1623927863883899,2017-05-29,Weekly,5.380299
1623927863883899,2017-06-05,Weekly,5.441575286
9036688952113455,2017-12-01,Yearly Monthly Billing,9.99
9036688952113455,2018-01-02,Yearly Monthly Billing,9.99
7921935005319297,2017-06-05,Yearly,179.99
4683426688505553,2017-01-07,Yearly,119.9988971
4683426688505553,2018-01-07,Yearly,119.9988971
4683426688505553,2019-01-07,Yearly,119.9988971
8.74649E+15,2017-11-23,Yearly Monthly Billing,9.99
8.74649E+15,2017-12-23,Yearly Monthly Billing,9.99
8.74649E+15,2018-01-23,Yearly Monthly Billing,9.99
8.74649E+15,2018-03-23,Yearly Monthly Billing,9.99
8.74649E+15,2018-04-23,Yearly Monthly Billing,9.99
8.74649E+15,2018-05-23,Yearly Monthly Billing,9.99
8.74649E+15,2018-06-23,Yearly Monthly Billing,9.99
8.74649E+15,2018-07-23,Yearly Monthly Billing,9.99
8.74649E+15,2018-08-23,Yearly Monthly Billing,9.99
8.74649E+15,2018-09-23,Yearly Monthly Billing,9.99
8.74649E+15,2018-10-23,Yearly Monthly Billing,9.99
8.74649E+15,2018-11-23,Yearly Monthly Billing,9.99
8.74649E+15,2018-12-23,Yearly Monthly Billing,9.99
8.74649E+15,2019-01-23,Yearly Monthly Billing,9.99
8.74649E+15,2019-02-23,Yearly Monthly Billing,9.99
8.74649E+15,2019-03-23,Yearly Monthly Billing,9.99
8.74649E+15,2019-04-23,Yearly Monthly Billing,9.99
8.74649E+15,2019-05-23,Yearly Monthly Billing,9.99
8.74649E+15,2019-06-23,Yearly Monthly Billing,9.99
8.74649E+15,2019-07-23,Yearly Monthly Billing,9.99
8.74649E+15,2019-08-23,Yearly Monthly Billing,9.99
8.74649E+15,2019-09-23,Yearly Monthly Billing,9.99
8.74649E+15,2019-10-23,Yearly Monthly Billing,9.99
1949908524303527,2017-05-17,Yearly,119.9985911
5279254184663518,2017-07-16,Yearly,119.9987097
7062726042137621,2017-07-27,Yearly,119.9987024
9179852053731553,2017-11-22,Monthly,19.67033086
9179852053731553,2017-12-22,Monthly,19.90872986
6800316813796582,2017-10-09,Yearly,119.99
6926441836341458,2017-05-26,Yearly,113.4155479
9803866497098547,2017-05-15,Weekly,5.027351
9803866497098547,2017-05-22,Weekly,5.027351
9803866497098547,2017-05-29,Weekly,5.027351
9803866497098547,2017-06-05,Weekly,5.073313
9803866497098547,2017-06-12,Weekly,5.073313
5143590425118675,2017-10-03,Yearly Monthly Billing,9.99
5143590425118675,2017-11-03,Yearly Monthly Billing,9.99
5143590425118675,2017-12-03,Yearly Monthly Billing,9.99
1916828710874277,2017-03-02,Yearly,119.9977273
8330744823181592,2017-07-14,Monthly,19.99
8330744823181592,2017-08-14,Monthly,19.99
8330744823181592,2017-09-14,Monthly,19.99
3112552444912318,2017-11-16,Yearly,119.9985503
6111818911397953,2017-02-21,Yearly,106.3081403
5728785522451748,2017-10-05,Yearly,119.9970313
3149442467070319,2017-08-30,Yearly,126.32984
8286975439354563,2017-12-23,Yearly,125.5031985
1540973065456552,2017-12-19,Yearly Monthly Billing,9.99
1540973065456552,2018-01-22,Yearly Monthly Billing,9.99
1540973065456552,2018-08-09,Yearly Monthly Billing,9.99
1540973065456552,2018-09-09,Yearly Monthly Billing,9.99
1540973065456552,2018-10-09,Yearly Monthly Billing,9.99
1540973065456552,2018-11-09,Yearly Monthly Billing,9.99
1540973065456552,2018-12-09,Yearly Monthly Billing,9.99
1540973065456552,2019-01-09,Yearly Monthly Billing,9.99
1540973065456552,2019-02-09,Yearly Monthly Billing,9.99
1540973065456552,2019-03-09,Yearly Monthly Billing,9.99
1540973065456552,2019-04-09,Yearly Monthly Billing,9.99
1540973065456552,2019-05-09,Yearly Monthly Billing,9.99
1540973065456552,2019-06-09,Yearly Monthly Billing,9.99
2827416496536754,2017-11-19,Yearly,119.998884
31885765077430,2017-05-31,Yearly,119.9923077
8.52547E+15,2017-12-29,Yearly Monthly Billing,10.03616983
8.52547E+15,2018-02-28,Yearly Monthly Billing,10.235088
8.52547E+15,2018-03-28,Yearly Monthly Billing,10.045278
8.52547E+15,2018-05-02,Yearly Monthly Billing,9.66890475
8.52547E+15,2018-05-31,Yearly Monthly Billing,9.66890475
8.52547E+15,2018-06-29,Yearly Monthly Billing,9.70362
8.52547E+15,2018-08-03,Yearly Monthly Billing,9.61595775
8.52547E+15,2018-09-02,Yearly Monthly Billing,9.4453785
8.52547E+15,2018-09-28,Yearly Monthly Billing,9.4453785
8.52547E+15,2018-10-28,Yearly Monthly Billing,9.41116275
8.52547E+15,2018-11-28,Yearly Monthly Billing,9.5113125
8.52547E+15,2019-01-02,Yearly Monthly Billing,9.41216175
8.52547E+15,2019-02-01,Yearly Monthly Billing,9.30310425
3266118722236259,2017-06-10,Yearly,119.9977001
3266118722236259,2018-06-10,Yearly,119.9977001
3266118722236259,2019-06-10,Yearly,119.9977001
2428471932365864,2017-10-30,Yearly Monthly Billing,9.99
2428471932365864,2017-11-30,Yearly Monthly Billing,9.99
2428471932365864,2017-12-30,Yearly Monthly Billing,9.99
2428471932365864,2018-01-30,Yearly Monthly Billing,9.99
6.56196E+15,2017-11-06,Yearly,126.5391839
3059820270229199,2017-04-26,Monthly,18.53233143
3059820270229199,2017-05-26,Monthly,18.73132857
8402313896882677,2017-06-18,Monthly,19.18237123
8402313896882677,2018-06-18,Monthly,19.09864262
5625469825765899,2017-12-28,Yearly Monthly Billing,9.99
5625469825765899,2018-01-28,Yearly Monthly Billing,9.99
5625469825765899,2018-03-28,Yearly Monthly Billing,9.99
5625469825765899,2018-04-28,Yearly Monthly Billing,9.99
5625469825765899,2018-05-29,Yearly Monthly Billing,9.99
4309154938692253,2017-05-27,Weekly,4.762965714
854335787997764,2017-06-29,Yearly,119.99
8618402799033309,2017-12-07,Yearly,119.9985108
1935842688201813,2017-04-01,Yearly,112.2106483
9340719304016837,2017-03-19,Yearly,119.9991365
9340719304016837,2018-03-19,Yearly,119.9991365
9340719304016837,2019-03-19,Yearly,119.9991365
3.06531E+15,2017-02-04,Yearly,119.99
3.06531E+15,2019-02-04,Yearly,119.99
3.06531E+15,2020-02-04,Yearly,119.99
3.06531E+15,2021-10-30,Yearly,179.99
680131844708631,2017-11-16,Yearly Monthly Billing,9.99
680131844708631,2017-12-16,Yearly Monthly Billing,9.99
680131844708631,2018-01-16,Yearly Monthly Billing,9.99
680131844708631,2018-03-16,Yearly Monthly Billing,9.99
680131844708631,2018-04-16,Yearly Monthly Billing,9.99
680131844708631,2018-05-16,Yearly Monthly Billing,9.99
7265746362159413,2017-10-03,Yearly,119.9958556
703161257043723,2017-12-14,Yearly Monthly Billing,9.99
703161257043723,2018-06-30,Yearly Monthly Billing,9.99
703161257043723,2018-07-31,Yearly Monthly Billing,9.99
703161257043723,2018-08-31,Yearly Monthly Billing,9.99
703161257043723,2018-09-30,Yearly Monthly Billing,9.99
703161257043723,2018-10-31,Yearly Monthly Billing,9.99
703161257043723,2018-11-30,Yearly Monthly Billing,9.99
703161257043723,2018-12-31,Yearly Monthly Billing,9.99
703161257043723,2019-01-31,Yearly Monthly Billing,9.99
703161257043723,2019-02-28,Yearly Monthly Billing,9.99
703161257043723,2019-03-31,Yearly Monthly Billing,9.99
703161257043723,2019-04-30,Yearly Monthly Billing,9.99
703161257043723,2019-05-31,Yearly Monthly Billing,9.99
703161257043723,2019-06-30,Yearly Monthly Billing,9.99
9394297856850361,2017-05-20,Yearly,198
2195801616114559,2017-10-16,Yearly,119.9983093
4124275430600053,2017-07-26,Yearly,109.0818182
8960869096194795,2017-06-11,Yearly,119.99
9120576182571327,2017-11-14,Yearly,119.0939841
9120576182571327,2018-11-14,Yearly,114.2336786
6213629170534754,2017-11-09,Yearly Monthly Billing,9.91599075
6213629170534754,2017-12-09,Yearly Monthly Billing,10.03616983
6213629170534754,2018-01-09,Yearly Monthly Billing,10.03617038
6213629170534754,2018-03-09,Yearly Monthly Billing,10.045278
6213629170534754,2018-04-09,Yearly Monthly Billing,9.7370865
6213629170534754,2018-05-09,Yearly Monthly Billing,9.66890475
6213629170534754,2018-06-09,Yearly Monthly Billing,9.70362
6213629170534754,2018-07-09,Yearly Monthly Billing,9.64343025
6213629170534754,2018-08-09,Yearly Monthly Billing,9.61595775
6213629170534754,2018-09-09,Yearly Monthly Billing,9.4453785
6213629170534754,2018-10-09,Yearly Monthly Billing,9.41116275
6213629170534754,2018-11-09,Yearly Monthly Billing,9.5113125
6213629170534754,2018-12-09,Yearly Monthly Billing,9.479511
6213629170534754,2019-01-09,Yearly Monthly Billing,9.41216175
6213629170534754,2019-02-11,Yearly Monthly Billing,9.30310425
6213629170534754,2019-03-11,Yearly Monthly Billing,9.26031375
6213629170534754,2019-04-09,Yearly Monthly Billing,9.28712025
6213629170534754,2019-05-09,Yearly Monthly Billing,9.4237335
6213629170534754,2019-06-09,Yearly Monthly Billing,9.3155085
6213629170534754,2019-07-09,Yearly Monthly Billing,9.110547
6213629170534754,2019-08-09,Yearly Monthly Billing,9.04253175
6213629170534754,2019-09-09,Yearly Monthly Billing,9.21752325
6213629170534754,2019-10-09,Yearly Monthly Billing,9.14259825
6213629170534754,2019-11-09,Yearly Monthly Billing,9.1949625
6213629170534754,2019-12-09,Yearly Monthly Billing,9.1520055
6213629170534754,2020-01-09,Yearly Monthly Billing,9.2329245
6213629170534754,2020-02-09,Yearly Monthly Billing,9.18605475
6213629170534754,2020-03-09,Yearly Monthly Billing,9.01672425
6213629170534754,2020-04-09,Yearly Monthly Billing,8.713167874
6213629170534754,2020-05-09,Yearly Monthly Billing,8.850510709
6213629170534754,2020-06-09,Yearly Monthly Billing,9.200003386
6213629170534754,2020-07-09,Yearly Monthly Billing,9.336323622
6213629170534754,2020-08-09,Yearly Monthly Billing,9.150132047
6213629170534754,2020-09-09,Yearly Monthly Billing,9.275361024
6213629170534754,2020-10-09,Yearly Monthly Billing,9.402556535
9164717721166629,2017-10-27,Yearly Monthly Billing,9.844479
9164717721166629,2017-11-27,Yearly Monthly Billing,9.91599075
9164717721166629,2017-12-27,Yearly Monthly Billing,10.03616983
9164717721166629,2018-01-27,Yearly Monthly Billing,10.03617038
9073901684451541,2017-08-13,Yearly,119.99
5475043417043906,2017-07-11,Yearly,105.8708463
9542376019014044,2017-03-26,Yearly,119.99
9469082654528602,2017-12-09,Yearly,119.9988127
9469082654528602,2018-09-20,Monthly,19.99515571
9469082654528602,2018-10-20,Monthly,19.99515571
9533045886967587,2017-07-05,Yearly,118.802099
345114919585279,2017-03-08,Monthly,20.72246686
345114919585279,2017-04-08,Monthly,20.93928
345114919585279,2017-05-08,Monthly,20.93348286
345114919585279,2017-06-08,Monthly,21.310587
345114919585279,2017-07-08,Monthly,21.30421014
345114919585279,2017-11-01,Yearly,119.99
2495995387028278,2017-12-30,Yearly Monthly Billing,9.99
2495995387028278,2018-01-30,Yearly Monthly Billing,9.99
2495995387028278,2018-03-28,Yearly Monthly Billing,9.99
2495995387028278,2018-04-28,Yearly Monthly Billing,9.99
2495995387028278,2018-05-28,Yearly Monthly Billing,9.99
2495995387028278,2018-06-28,Yearly Monthly Billing,9.99
2495995387028278,2018-07-28,Yearly Monthly Billing,9.99
2495995387028278,2018-08-28,Yearly Monthly Billing,9.99
2495995387028278,2018-09-28,Yearly Monthly Billing,9.99
2495995387028278,2018-10-28,Yearly Monthly Billing,9.99
2495995387028278,2018-11-28,Yearly Monthly Billing,9.99
7105580565065884,2017-03-04,Yearly,104.6936748
3861579250968349,2017-04-15,Weekly,5.104525571
3861579250968349,2017-04-22,Weekly,5.104525571
8877679572695497,2017-11-15,Yearly,119.9978431
868693666947658,2017-08-14,Yearly,119.99
4939945222550674,2017-08-27,Monthly,19.99
8377632640388583,2017-03-03,Monthly,20
9.69672E+15,2017-04-24,Yearly,119.9989216
9.69672E+15,2018-05-10,Yearly,119.9968876
7.99306E+15,2017-07-25,Yearly,119.9980901
7.99306E+15,2018-07-25,Yearly,119.9980901
9843772798713198,2017-06-28,Yearly,119.9989672
9175476164217782,2017-11-07,Yearly Monthly Billing,9.99
9175476164217782,2019-10-13,Monthly,19.99
9175476164217782,2019-11-13,Monthly,19.99
9175476164217782,2019-12-13,Monthly,19.99
9175476164217782,2020-01-13,Monthly,19.99
9175476164217782,2021-02-22,Monthly,29.99
9175476164217782,2021-03-22,Monthly,29.99
9175476164217782,2021-04-22,Monthly,29.99
178086519701552,2017-12-01,Yearly,119.9985826
178086519701552,2018-12-01,Yearly,119.9985826
178086519701552,2019-12-01,Yearly,119.9985826
178086519701552,2020-12-01,Yearly,119.9985826
178086519701552,2021-12-01,Yearly,119.9985826
7746878439060049,2017-12-06,Yearly,119.9989576
107753505229904,2017-10-28,Yearly Monthly Billing,9.99
107753505229904,2017-11-29,Yearly Monthly Billing,9.99
107753505229904,2017-12-29,Yearly Monthly Billing,9.99
107753505229904,2018-01-28,Yearly Monthly Billing,9.99
107753505229904,2018-03-28,Yearly Monthly Billing,9.99
107753505229904,2018-04-28,Yearly Monthly Billing,9.99
107753505229904,2018-05-28,Yearly Monthly Billing,9.99
107753505229904,2018-06-28,Yearly Monthly Billing,9.99
107753505229904,2018-07-28,Yearly Monthly Billing,9.99
107753505229904,2018-08-28,Yearly Monthly Billing,9.99
107753505229904,2018-09-28,Yearly Monthly Billing,9.99
107753505229904,2018-10-28,Yearly Monthly Billing,9.99
107753505229904,2018-11-28,Yearly Monthly Billing,9.99
107753505229904,2018-12-28,Yearly Monthly Billing,9.99
107753505229904,2019-01-28,Yearly Monthly Billing,9.99
107753505229904,2019-02-28,Yearly Monthly Billing,9.99
107753505229904,2019-03-28,Yearly Monthly Billing,9.99
107753505229904,2019-04-28,Yearly Monthly Billing,9.99
107753505229904,2019-05-28,Yearly Monthly Billing,9.99
107753505229904,2019-06-28,Yearly Monthly Billing,9.99
107753505229904,2019-07-28,Yearly Monthly Billing,9.99
9.89425E+15,2017-09-26,Yearly,123.390918
9.89425E+15,2018-09-26,Yearly,114.1909655
8174367736820663,2017-08-20,Yearly,117.3182379
8553819241245219,2017-05-25,Yearly,119.99
6558023546477886,2017-03-26,Weekly,5.5
6558023546477886,2017-04-02,Weekly,5.5
6558023546477886,2017-04-09,Weekly,5.5
6558023546477886,2017-04-16,Weekly,5.5
6558023546477886,2017-04-23,Weekly,5.5
6558023546477886,2017-04-30,Weekly,5.5
6558023546477886,2017-05-07,Weekly,5.5
6558023546477886,2017-05-14,Weekly,5.5
6558023546477886,2017-05-21,Weekly,5.5
6558023546477886,2017-05-28,Weekly,5.5
6558023546477886,2017-06-04,Weekly,5.5
6558023546477886,2017-06-11,Weekly,5.5
6558023546477886,2017-06-18,Weekly,5.5
6558023546477886,2017-06-25,Weekly,5.5
6558023546477886,2017-07-02,Weekly,5.5
6558023546477886,2017-07-09,Weekly,5.5
6586390397508342,2017-11-10,Monthly,19.99
6586390397508342,2017-12-10,Monthly,19.99
6586390397508342,2018-01-10,Monthly,19.99
6586390397508342,2018-03-10,Monthly,19.99
6586390397508342,2018-04-10,Monthly,19.99
6586390397508342,2018-04-10,Monthly,19.99
6586390397508342,2018-04-10,Monthly,19.99
6586390397508342,2018-04-10,Monthly,19.99
5.78323E+15,2017-03-02,Yearly,119.9977273
4522861671544733,2017-09-13,Yearly,122.2
9941289240494303,2017-11-16,Yearly,119.9985503
811157565280209,2017-10-31,Yearly,119.2357771
2744153463407365,2017-07-09,Yearly,128.0213268
5949701933685757,2017-05-24,Yearly,119.9986755
6981433823947483,2017-09-29,Yearly,106.969819
710697528630304,2017-07-03,Yearly,119.9988108
57060081435726,2017-12-11,Yearly,127.8913075
2473218725629985,2017-08-01,Monthly,20.1060276
2473218725629985,2017-09-01,Monthly,20.1060276
423088483477479,2017-01-10,Yearly,91.69672112
3.4882E+15,2017-08-02,Yearly,119.9982571
3.4882E+15,2018-08-02,Yearly,119.9982571
7135340688840648,2017-06-10,Monthly,19.46895104
7135340688840648,2017-07-10,Monthly,18.64237132
7135340688840648,2017-08-10,Monthly,18.69556446
7135340688840648,2017-09-10,Monthly,17.81057658
7958420079936071,2017-11-25,Yearly,60.515
8340597698550655,2017-01-20,Yearly,119.9967421
8340597698550655,2018-01-20,Yearly,119.9967421
8340597698550655,2019-01-20,Yearly,119.9967421
8342809595299023,2017-03-24,Yearly,119.9992197
8305925473046419,2017-07-06,Yearly,119.9992933
8305925473046419,2018-07-06,Yearly,119.9992933
8305925473046419,2019-07-06,Yearly,119.9992933
8385592777232775,2017-12-18,Yearly Monthly Billing,15.05927786
8385592777232775,2018-01-18,Yearly Monthly Billing,15.05927868
8385592777232775,2018-03-18,Yearly Monthly Billing,15.07294467
8385592777232775,2018-04-18,Yearly Monthly Billing,14.61050317
8385592777232775,2018-05-18,Yearly Monthly Billing,14.50819642
8385592777232775,2018-06-18,Yearly Monthly Billing,14.56028667
8385592777232775,2018-07-18,Yearly Monthly Billing,14.46997192
8385592777232775,2018-08-18,Yearly Monthly Billing,14.42874942
8385592777232775,2018-09-18,Yearly Monthly Billing,14.17279517
5855322612132508,2017-05-27,Yearly,97.72422127
5855322612132508,2018-05-27,Yearly,99.14074414
5855322612132508,2019-05-27,Yearly,95.23700041
5855322612132508,2020-05-27,Yearly,92.76790138
6445703227114127,2017-06-09,Monthly,19.99
6445703227114127,2017-07-09,Monthly,19.99
1668952552159548,2017-11-20,Yearly,119.998884
1668952552159548,2018-11-20,Yearly,119.998884
1668952552159548,2019-11-20,Yearly,119.998884
6552082114281507,2017-11-12,Yearly,109.5666624
6552082114281507,2018-11-12,Yearly,103.5906557
9797464869009914,2017-09-05,Yearly Monthly Billing,9.99
9797464869009914,2017-10-05,Yearly Monthly Billing,9.99
9797464869009914,2017-11-05,Yearly Monthly Billing,9.99
9797464869009914,2017-12-05,Yearly Monthly Billing,9.99
9797464869009914,2018-01-05,Yearly Monthly Billing,9.99
9797464869009914,2018-03-05,Yearly Monthly Billing,9.99
9797464869009914,2018-04-05,Yearly Monthly Billing,9.99
9797464869009914,2018-05-05,Yearly Monthly Billing,9.99
9797464869009914,2018-06-05,Yearly Monthly Billing,9.99
9797464869009914,2018-07-05,Yearly Monthly Billing,9.99
9797464869009914,2018-08-05,Yearly Monthly Billing,9.99
875878502676466,2017-12-05,Yearly,179.9941176
168387161508728,2017-05-26,Yearly,119.99
3673709233533794,2017-10-16,Yearly,119.9988235
7937053224791402,2017-08-30,Yearly,119.9985459
7937053224791402,2018-08-30,Yearly,119.9985459
7937053224791402,2019-08-30,Yearly,119.9985459
7937053224791402,2020-08-30,Yearly,119.9985459
1934282529682806,2017-11-09,Yearly,119.9979575
9157386102914876,2017-12-01,Yearly,119.9985826
5090894066700725,2017-01-31,Yearly,102.2053531
5090894066700725,2019-02-14,Yearly Monthly Billing,13.50901218
5090894066700725,2019-03-14,Yearly Monthly Billing,13.44687621
5090894066700725,2019-04-14,Yearly Monthly Billing,13.48580185
5090894066700725,2019-05-14,Yearly Monthly Billing,13.68417758
5090894066700725,2019-06-14,Yearly Monthly Billing,13.52702435
5090894066700725,2019-07-14,Yearly Monthly Billing,13.22940032
5090894066700725,2019-08-14,Yearly Monthly Billing,13.13063556
5090894066700725,2019-09-14,Yearly Monthly Billing,13.38474024
5090894066700725,2019-10-14,Yearly Monthly Billing,13.27594185
5090894066700725,2019-11-14,Yearly Monthly Billing,13.35197984
5090894066700725,2019-12-14,Yearly Monthly Billing,13.2896021
5090894066700725,2020-01-14,Yearly Monthly Billing,13.40710435
5090894066700725,2020-02-14,Yearly Monthly Billing,13.33904492
5090894066700725,2020-03-14,Yearly Monthly Billing,13.09316056
5090894066700725,2020-04-14,Yearly Monthly Billing,13.39042194
5090894066700725,2020-05-14,Yearly Monthly Billing,13.60149081
5090894066700725,2020-06-14,Yearly Monthly Billing,14.13859218
5090894066700725,2020-07-14,Yearly Monthly Billing,14.34808952
5090894066700725,2020-08-14,Yearly Monthly Billing,14.06194976
5090894066700725,2020-09-14,Yearly Monthly Billing,14.25440202
5090894066700725,2020-10-14,Yearly Monthly Billing,14.44987645
5090894066700725,2020-11-14,Yearly Monthly Billing,14.69842032
5090894066700725,2020-12-14,Yearly Monthly Billing,14.65985734
5090894066700725,2021-01-14,Yearly Monthly Billing,14.51177065
5090894066700725,2021-02-13,Yearly Monthly Billing,14.19528823
5090894066700725,2021-03-13,Yearly Monthly Billing,14.57620347
5090894066700725,2021-04-13,Yearly Monthly Billing,14.67823218
5090894066700725,2021-05-13,Yearly Monthly Billing,14.38556452
5090894066700725,2021-06-13,Yearly Monthly Billing,14.21608081
5090894066700725,2021-07-13,Yearly Monthly Billing,14.173045
5090894066700725,2021-08-13,Yearly Monthly Billing,14.11646984
5090894066700725,2021-09-13,Yearly Monthly Billing,14.01444113
5090894066700725,2021-10-13,Yearly Monthly Billing,13.60983202
5090894066700725,2021-11-13,Yearly Monthly Billing,13.63981202
7826966304905293,2017-10-30,Yearly Monthly Billing,9.99
7826966304905293,2017-11-30,Yearly Monthly Billing,9.99
7826966304905293,2017-12-30,Yearly Monthly Billing,9.99
7826966304905293,2018-01-30,Yearly Monthly Billing,9.99
7826966304905293,2018-03-28,Yearly Monthly Billing,9.99
7826966304905293,2018-04-28,Yearly Monthly Billing,9.99
7826966304905293,2018-05-28,Yearly Monthly Billing,9.99
7826966304905293,2018-06-28,Yearly Monthly Billing,9.99
7826966304905293,2018-07-28,Yearly Monthly Billing,9.99
7826966304905293,2018-08-28,Yearly Monthly Billing,9.99
7826966304905293,2018-09-28,Yearly Monthly Billing,9.99
7826966304905293,2018-10-28,Yearly Monthly Billing,9.99
7826966304905293,2018-11-28,Yearly Monthly Billing,9.99
7826966304905293,2018-12-28,Yearly Monthly Billing,9.99
7826966304905293,2019-01-28,Yearly Monthly Billing,9.99
7826966304905293,2019-02-28,Yearly Monthly Billing,9.99
7826966304905293,2019-03-28,Yearly Monthly Billing,9.99
7826966304905293,2019-04-28,Yearly Monthly Billing,9.99
7826966304905293,2019-05-28,Yearly Monthly Billing,9.99
7826966304905293,2019-06-28,Yearly Monthly Billing,9.99
7826966304905293,2019-07-28,Yearly Monthly Billing,9.99
7826966304905293,2019-08-28,Yearly Monthly Billing,9.99
7826966304905293,2019-09-28,Yearly Monthly Billing,9.99
3964432384777181,2017-12-03,Yearly,36.0359181
3964432384777181,2018-12-03,Yearly,32.76
3964432384777181,2019-12-03,Yearly,32.76
3964432384777181,2020-12-03,Yearly,32.76
3964432384777181,2021-12-03,Yearly,32.76
8648437821485895,2021-12-02,Yearly,89.99540091
8648437821485895,2017-09-23,Yearly,120.318552
8745461004628351,2017-12-14,Yearly Monthly Billing,10.03616983
4596160446754759,2017-03-16,Yearly,119.9978802
5509710590994691,2017-03-05,Yearly,119.99
5509710590994691,2019-03-05,Yearly,119.99
5509710590994691,2020-03-05,Yearly,119.99
7582648889858936,2017-11-09,Monthly,12.29841667
7582648889858936,2017-12-09,Monthly,12.44648548
1259629799697175,2017-07-16,Yearly,119.9987097
4616249979809616,2017-07-18,Yearly,119.9992507
8190859877642929,2017-11-04,Yearly,118.1240803
8190859877642929,2018-12-26,Yearly,112.9168673
8190859877642929,2019-12-26,Yearly,109.0157278
9461662043526625,2017-11-27,Yearly,59.99
6249217674304068,2017-06-16,Yearly,119.9988313
9547188114980893,2017-03-01,Monthly,20.28498
9547188114980893,2017-04-01,Monthly,20.44575
9547188114980893,2017-05-01,Monthly,20.42478
9547188114980893,2017-06-01,Monthly,20.97
9547188114980893,2017-07-01,Monthly,21.0399
2650117407581851,2017-05-15,Yearly,119.9980283
1319466678735749,2017-05-23,Yearly,97.04908728
1319466678735749,2018-05-23,Yearly,98.45582401
6545797605838382,2017-02-21,Yearly,119.5047644
6545797605838382,2018-02-21,Yearly,123.6324039
6545797605838382,2019-02-21,Yearly,119.9495256
6978412520934711,2017-11-09,Yearly,119.9979575
6978412520934711,2018-11-09,Yearly,119.9979575
6978412520934711,2019-11-09,Yearly,119.9979575
2967908624198032,2017-09-28,Monthly,19.99
2.09373E+15,2017-11-30,Yearly,120.77
3417318264539421,2017-07-16,Yearly,119.9987097
930680391533530,2017-10-12,Yearly Monthly Billing,9.99
6.03779E+15,2017-02-21,Yearly,119.99
7382725066233006,2017-08-17,Yearly,119.9982765
1852374595287594,2017-07-01,Yearly,119.99
7.28345E+15,2017-11-26,Yearly,89.32332408
7.28345E+15,2020-11-27,Yearly,178.452846
9430267614058544,2017-03-07,Yearly,107.96
9430267614058544,2018-03-07,Yearly,107.96
9430267614058544,2019-03-07,Yearly,107.96
9430267614058544,2020-03-07,Yearly,107.96
9430267614058544,2021-03-07,Yearly,107.96
9430267614058544,2021-09-05,Yearly,107.96
3458988287027522,2017-03-17,Yearly,109.9723475
3458988287027522,2018-03-17,Yearly,121.6678434
3458988287027522,2019-03-17,Yearly,112.1604004
3458988287027522,2020-03-17,Yearly,109.2100581
1350035690472653,2018-06-30,Yearly,119.9951245
1350035690472653,2017-05-27,Yearly,119.9985171
4590545582984359,2018-07-12,Yearly,119.9958824
4590545582984359,2017-06-18,Yearly,119.9986555
3073213982146739,2017-07-21,Yearly,119.9990991
5804034908823574,2017-03-05,Yearly,119.99
5804034908823574,2018-04-22,Yearly Monthly Billing,9.99
5804034908823574,2018-05-22,Yearly Monthly Billing,9.99
5804034908823574,2018-06-22,Yearly Monthly Billing,9.99
5804034908823574,2018-07-22,Yearly Monthly Billing,9.99
5804034908823574,2018-08-22,Yearly Monthly Billing,9.99
5804034908823574,2018-09-22,Yearly Monthly Billing,9.99
5804034908823574,2018-10-22,Yearly Monthly Billing,9.99
5804034908823574,2018-11-22,Yearly Monthly Billing,9.99
5804034908823574,2018-12-22,Yearly Monthly Billing,9.99
5804034908823574,2019-01-22,Yearly Monthly Billing,9.99
5804034908823574,2019-02-22,Yearly Monthly Billing,9.99
5804034908823574,2019-03-22,Yearly Monthly Billing,9.99
5804034908823574,2019-04-22,Yearly Monthly Billing,9.99
5804034908823574,2019-05-22,Yearly Monthly Billing,9.99
5804034908823574,2019-06-22,Yearly Monthly Billing,9.99
5804034908823574,2019-07-22,Yearly Monthly Billing,9.99
5804034908823574,2019-08-22,Yearly Monthly Billing,9.99
5804034908823574,2019-09-22,Yearly Monthly Billing,9.99
5804034908823574,2019-10-22,Yearly Monthly Billing,9.99
5804034908823574,2019-11-22,Yearly Monthly Billing,9.99
5804034908823574,2019-12-22,Yearly Monthly Billing,9.99
5804034908823574,2020-01-22,Yearly Monthly Billing,9.99
5804034908823574,2020-02-22,Yearly Monthly Billing,9.99
5804034908823574,2020-03-22,Yearly Monthly Billing,9.99
5804034908823574,2020-04-22,Yearly Monthly Billing,9.99
5804034908823574,2020-05-22,Yearly Monthly Billing,9.99
5804034908823574,2020-06-22,Yearly Monthly Billing,9.99
5804034908823574,2020-07-22,Yearly Monthly Billing,9.99
5804034908823574,2020-08-22,Yearly Monthly Billing,9.99
5804034908823574,2020-09-22,Yearly Monthly Billing,9.99
4637602061497996,2017-12-20,Yearly Monthly Billing,9.99
4637602061497996,2018-01-20,Yearly Monthly Billing,9.99
4637602061497996,2018-03-20,Yearly Monthly Billing,9.99
4637602061497996,2018-04-20,Yearly Monthly Billing,9.99
8569970892307197,2017-09-08,Yearly,119.9982272
7.78425E+15,2017-09-24,Yearly,120.6742448
7.78425E+15,2018-09-24,Yearly,120.6742448
2473103023540665,2017-05-21,Monthly,18.96227143
2473103023540665,2017-06-21,Monthly,19.46623214
2570960141034798,2017-11-26,Yearly,59.99
4798419784875905,2017-12-08,Yearly,88.34235675
9970527807482034,2017-11-05,Yearly Monthly Billing,9.99
9970527807482034,2017-12-05,Yearly Monthly Billing,9.99
9970527807482034,2018-01-05,Yearly Monthly Billing,9.99
9970527807482034,2018-03-05,Yearly Monthly Billing,9.99
9970527807482034,2018-04-05,Yearly Monthly Billing,9.99
9970527807482034,2018-05-05,Yearly Monthly Billing,9.99
9970527807482034,2018-06-05,Yearly Monthly Billing,9.99
9970527807482034,2018-07-05,Yearly Monthly Billing,9.99
9970527807482034,2018-08-05,Yearly Monthly Billing,9.99
9970527807482034,2018-09-05,Yearly Monthly Billing,9.99
9970527807482034,2018-10-05,Yearly Monthly Billing,9.99
9970527807482034,2021-04-19,Yearly,151.19
6795375672247546,2017-11-14,Yearly,126.5391009
1.17006E+15,2017-04-13,Yearly,119.99
6103159794262911,2017-07-31,Yearly,119.99
1890094786037716,2017-03-14,Yearly,119.99
9317000661349366,2017-11-25,Yearly,119.9988235
4217188245447595,2017-08-03,Yearly,119.9978824
7162692098999987,2017-10-27,Yearly,119.9983928
27593077611522,2017-07-09,Yearly,119.9990474
5.94463E+15,2017-12-28,Yearly,119.9981532
5.94463E+15,2018-12-28,Yearly,119.9981532
5.94463E+15,2019-12-28,Yearly,119.9981532
1762278259849394,2017-09-26,Yearly,119.9986732
1168551373621337,2017-02-01,Yearly,93.66185309
751502582634699,2017-02-26,Yearly,119.9984023
3.08626E+15,2017-06-03,Yearly,119.99
3896757488871878,2017-03-29,Weekly,5.18463
3896757488871878,2017-04-05,Weekly,5.3559
3896757488871878,2017-04-12,Weekly,5.3559
3896757488871878,2017-04-19,Weekly,5.3559
3896757488871878,2017-04-26,Weekly,5.3559
3896757488871878,2017-05-03,Weekly,5.42718
3896757488871878,2017-05-10,Weekly,5.42718
3896757488871878,2017-05-17,Weekly,5.42718
3896757488871878,2017-05-24,Weekly,5.42718
3896757488871878,2017-05-31,Weekly,5.42718
3896757488871878,2017-06-07,Weekly,5.55291
3896757488871878,2017-06-14,Weekly,5.55291
3896757488871878,2017-06-21,Weekly,5.55291
3896757488871878,2017-06-28,Weekly,5.55291
3896757488871878,2017-07-05,Weekly,5.50836
3896757488871878,2017-07-12,Weekly,5.50836
757775251567832,2017-12-13,Yearly,108.7740366
1025456714139955,2020-09-27,Yearly,175.406985
1025456714139955,2017-03-28,Yearly,108.1613186
1025456714139955,2018-03-28,Yearly,119.6642126
1025456714139955,2019-03-28,Yearly,110.3133386
4754379897238207,2017-12-05,Yearly,110.5443738
4754379897238207,2018-12-05,Yearly,106.6768759
4754379897238207,2019-12-05,Yearly,106.1370814
5088225161652379,2018-08-18,Yearly,119.9957837
5088225161652379,2019-08-18,Yearly,119.9957837
5088225161652379,2017-08-11,Yearly,119.9990104
7721083885071039,2017-03-26,Yearly,119.9992744
9974613965431976,2017-09-09,Monthly,19.15789257
9974613965431976,2017-08-02,Monthly,19.37703714
3824910156628181,2017-07-28,Yearly,127.7151338
2643459114338243,2017-08-17,Yearly,104.3391304
9620451707739755,2017-01-19,Yearly,109.0818182
9284041737287934,2017-11-18,Yearly Monthly Billing,9.99
9284041737287934,2017-12-24,Yearly Monthly Billing,9.99
9284041737287934,2018-01-12,Yearly Monthly Billing,9.99
9284041737287934,2018-03-30,Yearly Monthly Billing,9.99
9284041737287934,2018-05-04,Yearly Monthly Billing,9.99
8908573219302239,2017-11-18,Yearly Monthly Billing,9.91599075
8908573219302239,2017-12-18,Yearly Monthly Billing,10.03616983
8908573219302239,2018-01-18,Yearly Monthly Billing,10.03617038
8908573219302239,2018-03-18,Yearly Monthly Billing,10.045278
9601734493098674,2017-07-13,Yearly,119.9988862
1410255793735057,2017-05-30,Yearly,119.9986124
1410255793735057,2018-05-30,Yearly,119.9986124
6099408959209097,2017-09-06,Yearly,123.1057842
9.02297E+15,2017-10-12,Yearly,112.3322095
8680302341139881,2017-07-06,Yearly,107.2714404
7349314079424251,2017-07-28,Yearly,119.9987123
3555169680867017,2017-03-04,Weekly,5.367619714
3555169680867017,2017-03-11,Weekly,5.367619714
8595938855176656,2017-10-05,Yearly Monthly Billing,9.99
8595938855176656,2017-11-09,Yearly Monthly Billing,9.99
8595938855176656,2017-12-04,Yearly Monthly Billing,9.99
8595938855176656,2018-01-04,Yearly Monthly Billing,9.99
8595938855176656,2018-03-04,Yearly Monthly Billing,9.99
8595938855176656,2018-04-05,Yearly Monthly Billing,9.99
8595938855176656,2018-05-05,Yearly Monthly Billing,9.99
8595938855176656,2018-06-05,Yearly Monthly Billing,9.99
8595938855176656,2018-07-05,Yearly Monthly Billing,9.99
8595938855176656,2018-08-05,Yearly Monthly Billing,9.99
8595938855176656,2018-09-05,Yearly Monthly Billing,9.99
8595938855176656,2019-01-14,Yearly Monthly Billing,14.99
8595938855176656,2019-02-14,Yearly Monthly Billing,14.99
8595938855176656,2019-03-14,Yearly Monthly Billing,14.99
8595938855176656,2019-04-15,Yearly Monthly Billing,14.99
8595938855176656,2019-05-15,Yearly Monthly Billing,14.99
8595938855176656,2019-06-15,Yearly Monthly Billing,14.99
8595938855176656,2019-07-15,Yearly Monthly Billing,14.99
8595938855176656,2019-08-15,Yearly Monthly Billing,14.99
8595938855176656,2019-09-15,Yearly Monthly Billing,14.99
8595938855176656,2019-10-15,Yearly Monthly Billing,14.99
8595938855176656,2019-11-14,Yearly Monthly Billing,14.99
5775673785430265,2017-11-15,Yearly Monthly Billing,9.99
5775673785430265,2017-12-15,Yearly Monthly Billing,9.99
941815491105429,2017-05-27,Yearly,119.9985171
4968728052654509,2019-04-10,Yearly,75.45828973
4968728052654509,2017-03-05,Weekly,5
4968728052654509,2017-03-12,Weekly,5
4968728052654509,2017-03-19,Weekly,5
4968728052654509,2017-03-26,Weekly,5
4968728052654509,2017-04-02,Weekly,5
4968728052654509,2017-04-09,Weekly,5
4968728052654509,2017-04-16,Weekly,5
4968728052654509,2017-04-23,Weekly,5
5836510997532765,2017-09-02,Yearly,119.9985294
7099648249323205,2017-09-26,Yearly,119.9986732
7099648249323205,2018-09-26,Yearly,119.9986732
3775659054413609,2017-03-06,Yearly,116.9499908
3775659054413609,2018-03-06,Yearly,124.2037699
54257214299139,2017-11-27,Yearly,59.0534619
8830364882549634,2017-02-09,Monthly,19.99
8830364882549634,2017-03-18,Monthly,19.99
5.00846E+15,2017-03-03,Yearly Monthly Billing,9.99
5.00846E+15,2017-04-03,Yearly Monthly Billing,9.99
5.00846E+15,2017-05-03,Yearly Monthly Billing,9.99
5.00846E+15,2017-06-03,Yearly Monthly Billing,9.99
5.00846E+15,2017-07-03,Yearly Monthly Billing,9.99
5.00846E+15,2017-08-03,Yearly Monthly Billing,9.99
5.00846E+15,2017-09-03,Yearly Monthly Billing,9.99
5.00846E+15,2017-10-03,Yearly Monthly Billing,9.99
5.00846E+15,2017-11-03,Yearly Monthly Billing,9.99
5.00846E+15,2017-12-03,Yearly Monthly Billing,9.99
5.00846E+15,2018-01-03,Yearly Monthly Billing,9.99
454206775281909,2017-03-25,Yearly,119.9992547
454206775281909,2018-03-25,Yearly,119.9992547
454206775281909,2019-03-25,Yearly,119.9992547
8726796192943057,2017-03-15,Yearly,119.9989305
3693422171149929,2017-01-21,Yearly,104.5206612
6499467242901145,2017-09-05,Yearly,122.928058
1936027370577778,2017-08-31,Monthly,19.99
3452293982819334,2017-03-10,Yearly,158.3156379
6554167163192201,2017-11-18,Yearly Monthly Billing,7.992
6554167163192201,2017-12-18,Yearly Monthly Billing,7.992
6554167163192201,2018-01-18,Yearly Monthly Billing,7.992
6923738957888979,2017-09-26,Yearly Monthly Billing,9.99
6923738957888979,2017-10-26,Yearly Monthly Billing,9.99
6923738957888979,2017-11-26,Yearly Monthly Billing,9.99
6923738957888979,2017-12-26,Yearly Monthly Billing,9.99
6923738957888979,2018-01-26,Yearly Monthly Billing,9.99
6923738957888979,2018-03-26,Yearly Monthly Billing,9.99
6923738957888979,2018-04-26,Yearly Monthly Billing,9.99
6923738957888979,2018-05-26,Yearly Monthly Billing,9.99
6923738957888979,2018-06-26,Yearly Monthly Billing,9.99
6929525188321684,2017-10-02,Yearly,119.9981227
228613109030746,2017-06-14,Yearly,119.9984775
228613109030746,2018-06-14,Yearly,119.9984775
1917672110237703,2017-05-23,Monthly,18.89471458
1917672110237703,2017-06-23,Monthly,19.50207742
1917672110237703,2018-07-12,Monthly,19.29651358
1917672110237703,2018-08-12,Monthly,19.24154108
5684325334400121,2017-09-18,Yearly,74.817
5733466599075926,2017-11-10,Yearly Monthly Billing,9.99
5733466599075926,2017-12-10,Yearly Monthly Billing,9.99
5733466599075926,2018-01-10,Yearly Monthly Billing,9.99
5733466599075926,2018-03-10,Yearly Monthly Billing,9.99
5733466599075926,2018-04-10,Yearly Monthly Billing,9.99
5733466599075926,2018-04-10,Yearly Monthly Billing,9.99
5733466599075926,2018-04-10,Yearly Monthly Billing,9.99
5733466599075926,2018-04-10,Yearly Monthly Billing,9.99
5733466599075926,2018-05-10,Yearly Monthly Billing,9.99
5733466599075926,2018-06-10,Yearly Monthly Billing,9.99
5733466599075926,2018-07-10,Yearly Monthly Billing,9.99
5733466599075926,2018-08-10,Yearly Monthly Billing,9.99
5733466599075926,2018-09-10,Yearly Monthly Billing,9.99
5733466599075926,2018-10-10,Yearly Monthly Billing,9.99
5733466599075926,2018-11-10,Yearly Monthly Billing,9.99
5733466599075926,2018-12-10,Yearly Monthly Billing,9.99
5733466599075926,2019-01-10,Yearly Monthly Billing,9.99
5733466599075926,2019-02-10,Yearly Monthly Billing,9.99
5733466599075926,2019-03-10,Yearly Monthly Billing,9.99
5733466599075926,2019-04-10,Yearly Monthly Billing,9.99
5733466599075926,2019-05-10,Yearly Monthly Billing,9.99
5733466599075926,2019-06-10,Yearly Monthly Billing,9.99
5733466599075926,2019-07-10,Yearly Monthly Billing,9.99
5733466599075926,2019-08-10,Yearly Monthly Billing,9.99
5733466599075926,2019-09-10,Yearly Monthly Billing,9.99
5733466599075926,2019-10-10,Yearly Monthly Billing,9.99
5733466599075926,2019-11-10,Yearly Monthly Billing,9.99
5733466599075926,2019-12-10,Yearly Monthly Billing,9.99
5733466599075926,2020-01-10,Yearly Monthly Billing,9.99
5733466599075926,2020-02-10,Yearly Monthly Billing,9.99
5733466599075926,2020-03-10,Yearly Monthly Billing,9.99
5733466599075926,2020-04-10,Yearly Monthly Billing,9.99
5733466599075926,2020-05-10,Yearly Monthly Billing,9.99
5733466599075926,2020-06-10,Yearly Monthly Billing,9.99
5733466599075926,2020-07-10,Yearly Monthly Billing,9.99
5733466599075926,2020-08-10,Yearly Monthly Billing,9.99
5733466599075926,2020-09-10,Yearly Monthly Billing,9.99
5733466599075926,2020-10-10,Yearly Monthly Billing,9.99
6667635051570977,2017-12-18,Yearly,95.992
2698405178325703,2017-08-31,Yearly,119.9982254
8665911384882425,2017-12-15,Yearly Monthly Billing,9.081818182
8665911384882425,2018-01-15,Yearly Monthly Billing,9.081818182
8665911384882425,2018-03-20,Yearly Monthly Billing,9.081818182
8665911384882425,2018-04-19,Yearly Monthly Billing,9.081818182
8665911384882425,2018-05-15,Yearly Monthly Billing,9.081818182
5616277716117153,2017-07-10,Yearly,106.5982867
9137075784831812,2017-11-24,Yearly,59.0534619
5.08322E+15,2017-02-27,Monthly,17.70937457
5.08322E+15,2017-03-27,Monthly,18.16711286
3759536778160124,2017-02-17,Yearly,119.99
3226866949553651,2017-06-30,Yearly,116.1009831
3226866949553651,2018-06-30,Yearly,115.5942171
3226866949553651,2019-06-30,Yearly,107.719014
3226866949553651,2020-06-30,Yearly,107.719014
3226866949553651,2021-06-30,Yearly,107.719014
6133254339658847,2017-04-24,Yearly,119.9989216
6133254339658847,2018-04-24,Yearly,119.9989216
5761728791950279,2017-12-05,Yearly,119.9979695
5761728791950279,2019-05-05,Monthly,19.9968254
5761728791950279,2019-06-05,Monthly,19.9968254
5761728791950279,2019-07-05,Monthly,19.9968254
5761728791950279,2019-08-05,Monthly,19.9968254
5761728791950279,2019-09-05,Monthly,19.9968254
5761728791950279,2019-10-05,Monthly,19.9968254
5761728791950279,2019-11-05,Monthly,19.9968254
5761728791950279,2019-12-05,Monthly,19.9968254
5761728791950279,2020-01-05,Monthly,19.9968254
5761728791950279,2020-02-05,Monthly,19.9968254
5761728791950279,2020-03-05,Monthly,19.9968254
5761728791950279,2020-04-05,Monthly,19.9968254
6149100336043874,2019-12-07,Yearly,104.4379841
6149100336043874,2019-12-07,Yearly,104.4379841
6149100336043874,2020-12-15,Yearly,109.2743573
6149100336043874,2018-12-06,Yearly,105.4382319
6149100336043874,2017-11-29,Yearly,111.696117
540952943576006,2017-07-15,Yearly,119.99
9318539523883082,2017-02-15,Weekly,4.927546143
9318539523883082,2017-02-22,Weekly,4.927546143
9318539523883082,2017-03-01,Weekly,5.058841857
9094153847476076,2017-03-08,Monthly,29.99
9769692470910794,2017-05-20,Yearly,119.99
9921660130271156,2017-03-04,Yearly,119.998226
804652249292432,2017-11-30,Yearly,126.5392058
4201704838048277,2017-04-25,Yearly,119.99883
4201704838048277,2018-04-25,Yearly,119.99883
7110225339766778,2017-11-24,Yearly,119.9977742
6.70878E+15,2017-03-02,Yearly,119.9977273
6.70878E+15,2018-03-02,Yearly,119.9977273
763472565510450,2017-11-08,Monthly,19.84190742
4526238702431307,2018-12-06,Monthly,17.60117718
4526238702431307,2019-01-06,Monthly,17.59014318
4526238702431307,2017-02-11,Monthly,20
4526238702431307,2017-03-11,Monthly,20
4526238702431307,2017-04-11,Monthly,20
4526238702431307,2017-05-11,Monthly,20
4526238702431307,2017-06-11,Monthly,20
4526238702431307,2017-07-11,Monthly,20
4526238702431307,2017-08-11,Monthly,20
4526238702431307,2017-09-11,Monthly,20
4526238702431307,2017-10-11,Monthly,20
4526238702431307,2017-11-11,Monthly,20
4526238702431307,2017-12-11,Monthly,20
4526238702431307,2018-01-11,Monthly,6.13205902
4526238702431307,2018-02-11,Monthly,6.1262
4526238702431307,2018-03-11,Monthly,5.8866
4526238702431307,2018-04-11,Monthly,5.4036
4526238702431307,2018-05-11,Monthly,5.2476
4526238702431307,2018-06-11,Monthly,5.497
4526238702431307,2018-07-11,Monthly,5.0348
4526238702431307,2018-08-24,Monthly,14.26067835
4526238702431307,2018-09-24,Monthly,16.14722129
4526238702431307,2018-10-24,Monthly,14.90255618
4526238702431307,2018-11-24,Monthly,14.86743135
4526238702431307,2019-01-18,Monthly,17.59014318
4526238702431307,2019-02-18,Monthly,16.88072188
4526238702431307,2019-03-18,Monthly,16.81646506
4526238702431307,2019-04-18,Monthly,16.89435212
4526238702431307,2019-05-18,Monthly,17.15332659
4526238702431307,2019-06-18,Monthly,17.79005329
4526238702431307,2019-07-18,Monthly,16.09016824
4526238702431307,2019-08-18,Monthly,16.06355682
4526238702431307,2019-09-18,Monthly,16.69249482
8.07805E+15,2017-02-15,Yearly,93.66185944
7595650122487058,2017-12-05,Yearly,119.9988971
4239997223962177,2017-06-29,Yearly,119.99
445196471231297,2017-11-12,Yearly Monthly Billing,9.99
445196471231297,2017-12-12,Yearly Monthly Billing,9.99
445196471231297,2018-01-09,Yearly Monthly Billing,9.99
445196471231297,2018-03-17,Yearly Monthly Billing,9.99
445196471231297,2018-04-08,Yearly Monthly Billing,9.99
445196471231297,2018-05-13,Yearly Monthly Billing,9.99
445196471231297,2018-06-12,Yearly Monthly Billing,9.99
445196471231297,2018-07-08,Yearly Monthly Billing,9.99
445196471231297,2018-09-03,Yearly Monthly Billing,9.99
445196471231297,2018-09-08,Yearly Monthly Billing,9.99
445196471231297,2018-10-08,Yearly Monthly Billing,9.99
445196471231297,2018-11-08,Yearly Monthly Billing,9.99
445196471231297,2018-12-08,Yearly Monthly Billing,9.99
445196471231297,2019-01-08,Yearly Monthly Billing,9.99
445196471231297,2019-02-09,Yearly Monthly Billing,9.99
445196471231297,2019-03-09,Yearly Monthly Billing,9.99
445196471231297,2019-04-08,Yearly Monthly Billing,9.99
445196471231297,2019-05-08,Yearly Monthly Billing,9.99
445196471231297,2019-06-08,Yearly Monthly Billing,9.99
445196471231297,2019-07-08,Yearly Monthly Billing,9.99
6594111744066489,2017-11-20,Yearly,80.78001212
6594111744066489,2018-11-20,Yearly,68.97334368
3090826878079777,2017-02-10,Yearly,119.99
2893738370801939,2017-01-27,Yearly,103.036291
3964649079501346,2017-07-01,Yearly,106.8102054
3028285559012016,2017-12-02,Yearly,95.992
1608759275184302,2021-11-27,Yearly,89.99101412
1608759275184302,2017-10-23,Yearly,119.9986928
1608759275184302,2018-10-23,Yearly,119.9986928
9064844137756904,2017-01-23,Monthly,20.10456747
9064844137756904,2017-02-23,Monthly,20.10456747
9064844137756904,2017-03-23,Monthly,20.10456747
9064844137756904,2017-04-23,Monthly,20.10456747
6387149949846584,2017-08-26,Monthly,19.54605542
6387149949846584,2017-09-26,Monthly,19.32499933
6387149949846584,2017-10-26,Monthly,19.69881233
6387149949846584,2017-11-26,Monthly,19.84190742
6387149949846584,2017-12-26,Monthly,20.08238588
6387149949846584,2018-01-26,Monthly,20.08238698
6387149949846584,2018-03-26,Monthly,20.10061133
6387149949846584,2018-04-26,Monthly,19.48391983
6387149949846584,2018-05-26,Monthly,19.34748808
6387149949846584,2018-06-26,Monthly,19.41695333
6387149949846584,2018-07-26,Monthly,19.29651358
6387149949846584,2018-08-26,Monthly,19.24154108
8207771256624178,2017-11-20,Yearly,119.998884
8.57134E+15,2017-12-26,Yearly,179.9982353
9.27472E+15,2017-05-04,Yearly,122.9125475
9.27472E+15,2018-05-04,Yearly,121.1143034
1226464178719336,2017-06-09,Yearly,117.0612441
1226464178719336,2019-06-09,Yearly,110.0544346
1226464178719336,2020-06-09,Yearly,115.0300855
1226464178719336,2021-06-09,Yearly,115.6605248
4276954789299842,2017-07-10,Yearly,119.99
2342333959569408,2017-11-12,Yearly Monthly Billing,9.99
2342333959569408,2017-12-12,Yearly Monthly Billing,9.99
2342333959569408,2018-01-12,Yearly Monthly Billing,9.99
2342333959569408,2018-03-12,Yearly Monthly Billing,9.99
2342333959569408,2018-04-12,Yearly Monthly Billing,9.99
2342333959569408,2018-05-12,Yearly Monthly Billing,9.99
2342333959569408,2018-06-12,Yearly Monthly Billing,9.99
2342333959569408,2018-07-12,Yearly Monthly Billing,9.99
2342333959569408,2018-08-12,Yearly Monthly Billing,9.99
2342333959569408,2018-09-12,Yearly Monthly Billing,9.99
2342333959569408,2018-10-12,Yearly Monthly Billing,9.99
5494687186545578,2017-07-10,Monthly,19.30936488
5494687186545578,2017-08-10,Monthly,19.06932236
2612939245451827,2017-01-17,Yearly,117.1125648
7001653075633382,2017-01-25,Monthly,17.30675529
7531128458646417,2017-10-26,Yearly,110.9827665
7471730296831964,2017-11-13,Yearly Monthly Billing,14.39898298
7471730296831964,2017-12-13,Yearly Monthly Billing,14.5734947
7471730296831964,2018-01-13,Yearly Monthly Billing,14.5734955
7471730296831964,2018-03-13,Yearly Monthly Billing,14.58672065
7471730296831964,2018-04-13,Yearly Monthly Billing,14.13919661
7471730296831964,2018-05-13,Yearly Monthly Billing,14.04019008
7471730296831964,2018-06-13,Yearly Monthly Billing,14.0906
7471730296831964,2018-07-13,Yearly Monthly Billing,14.00319863
7471730296831964,2018-08-13,Yearly Monthly Billing,13.96330589
7471730296831964,2018-09-13,Yearly Monthly Billing,13.71560823
7471730296831964,2017-10-13,Yearly Monthly Billing,14.29514097
4657843956830836,2017-08-31,Yearly,118.3111483
693892546971233,2017-11-27,Yearly,59.99
3467240590906316,2017-09-04,Yearly,119.9975712
6.56459E+15,2017-06-28,Yearly,119.9989672
6020162167652368,2017-08-04,Yearly,119.999178
3565039138870821,2017-06-28,Yearly,119.9989672
5804257127020281,2017-02-09,Yearly,119.9984917
5804257127020281,2018-02-09,Yearly,119.9984917
6326176717521874,2017-01-02,Monthly,19.6560681
6326176717521874,2017-02-02,Monthly,19.3390623
6326176717521874,2017-03-01,Monthly,19.99
6326176717521874,2017-04-01,Monthly,19.99
6326176717521874,2017-05-01,Monthly,19.99
6326176717521874,2017-06-01,Monthly,19.99
6326176717521874,2017-07-01,Monthly,19.99
6326176717521874,2017-08-01,Monthly,19.99
6326176717521874,2017-09-01,Monthly,19.99
6326176717521874,2017-10-01,Monthly,19.99
6326176717521874,2017-11-01,Monthly,19.99
6326176717521874,2017-12-01,Monthly,19.99
6326176717521874,2018-01-01,Monthly,19.99
6326176717521874,2018-03-01,Monthly,19.99
6326176717521874,2018-04-09,Monthly,19.99
6326176717521874,2018-05-01,Monthly,19.99
6326176717521874,2018-06-01,Monthly,19.99
6326176717521874,2018-07-01,Monthly,19.99
6326176717521874,2018-08-01,Monthly,19.99
6326176717521874,2018-09-01,Monthly,19.99
6326176717521874,2018-10-01,Monthly,19.99
6326176717521874,2018-11-01,Monthly,19.99
2058221875897711,2018-04-30,Yearly,119.9965567
2058221875897711,2017-04-30,Yearly,119.9993464
8448515308781091,2017-10-18,Yearly,112.3321028
6.15346E+15,2017-10-05,Yearly Monthly Billing,9.99
6.15346E+15,2017-11-07,Yearly Monthly Billing,9.99
6.15346E+15,2017-11-25,Yearly Monthly Billing,9.99
6.15346E+15,2017-12-20,Yearly Monthly Billing,9.99
4.34462E+15,2017-10-18,Monthly,19.866336
4.34462E+15,2017-11-18,Monthly,20.010648
1426264400826004,2017-08-14,Yearly,109.0818182
4322764932087274,2017-09-13,Yearly,119.9989647
4292547025990876,2018-03-23,Yearly,116.61828
4292547025990876,2019-03-23,Yearly,107.283064
4292547025990876,2017-03-17,Yearly,105.485064
4292547025990876,2019-03-24,Yearly,107.283064
8372159832942999,2017-08-13,Yearly,119.99865
1844757066275413,2017-03-18,Monthly,18.01825909
1844757066275413,2017-04-18,Monthly,18.53948595
1844757066275413,2017-05-18,Monthly,18.73855992
7156556205704118,2017-03-01,Yearly,119.99
9017129612268552,2017-10-11,Yearly,119.9983193
9017129612268552,2018-10-11,Yearly,119.9983193
9017129612268552,2019-10-11,Yearly,119.9983193
9017129612268552,2020-10-11,Yearly,119.9983193
9017129612268552,2021-10-11,Yearly,119.9983193
2518184226478232,2017-09-27,Yearly Monthly Billing,9.99
9981409236406764,2017-12-04,Monthly,20.08238588
9981409236406764,2018-01-24,Monthly,20.08238698
9.40464E+15,2017-03-20,Yearly,119.9989886
4682735873084334,2017-05-24,Yearly,119.99
9250305711680896,2017-08-24,Monthly,19.99
9250305711680896,2017-09-24,Monthly,19.99
9425572473917027,2017-12-14,Yearly Monthly Billing,9.081818182
9425572473917027,2018-01-18,Yearly Monthly Billing,9.081818182
9425572473917027,2018-03-14,Yearly Monthly Billing,9.081818182
9425572473917027,2018-04-14,Yearly Monthly Billing,9.081818182
9425572473917027,2018-05-14,Yearly Monthly Billing,9.081818182
9425572473917027,2018-06-14,Yearly Monthly Billing,9.081818182
9425572473917027,2018-07-14,Yearly Monthly Billing,9.081818182
9425572473917027,2018-08-14,Yearly Monthly Billing,9.081818182
9425572473917027,2018-09-14,Yearly Monthly Billing,9.081818182
9425572473917027,2018-10-14,Yearly Monthly Billing,9.081818182
9425572473917027,2018-11-14,Yearly Monthly Billing,9.081818182
2542465125070151,2017-07-25,Yearly,119.99
9449085164400271,2017-12-01,Yearly,119.99
1803723258780761,2018-09-07,Yearly,119.9956933
1803723258780761,2019-09-07,Yearly,119.9956933
1803723258780761,2020-09-07,Yearly,119.9956933
1803723258780761,2017-09-07,Yearly,119.9984998
9844871680752598,2017-10-19,Yearly,115.3632726
9.22157E+15,2017-10-08,Yearly Monthly Billing,9.99
9.22157E+15,2017-11-08,Yearly Monthly Billing,9.99
9.22157E+15,2017-12-08,Yearly Monthly Billing,9.99
9.22157E+15,2018-01-08,Yearly Monthly Billing,9.99
6798581844702655,2017-06-23,Yearly,119.99
1.65004E+15,2017-11-08,Yearly,119.9970991
9151150688342134,2017-02-02,Yearly,93.66183452
2.92382E+15,2017-11-27,Yearly,59.99
2.92382E+15,2019-11-27,Yearly,119.99
1677064773742083,2017-04-24,Yearly,119.99
1677064773742083,2019-04-24,Yearly,119.99
6395338927848959,2017-01-03,Yearly,109.0818182
6774143281796301,2017-05-30,Yearly,114.6357841
6774143281796301,2018-05-30,Yearly,116.5519857
6905934503022112,2017-06-03,Yearly,113.2912791
9539887500469071,2017-05-20,Yearly,179.99
8604866499671217,2017-10-22,Yearly,119.9986928
644899820949191,2017-08-30,Yearly,127.5086143
644899820949191,2018-08-30,Yearly,124.6880661
9027148554977846,2017-08-14,Yearly,113.115776
8433605362300233,2017-10-18,Yearly,119.9974848
6122421982413527,2017-07-03,Yearly,119.9988108
7779294108948398,2017-08-20,Yearly,124.9559627
7519534217235478,2017-11-08,Yearly Monthly Billing,9.99
7452314622219057,2017-11-07,Yearly Monthly Billing,9.99
7452314622219057,2017-12-07,Yearly Monthly Billing,9.99
7452314622219057,2018-01-07,Yearly Monthly Billing,9.99
7452314622219057,2018-03-07,Yearly Monthly Billing,9.99
7452314622219057,2018-04-08,Yearly Monthly Billing,9.99
7452314622219057,2018-05-08,Yearly Monthly Billing,9.99
7452314622219057,2018-06-08,Yearly Monthly Billing,9.99
7452314622219057,2018-07-08,Yearly Monthly Billing,9.99
7452314622219057,2018-08-08,Yearly Monthly Billing,9.99
7452314622219057,2018-09-08,Yearly Monthly Billing,9.99
7452314622219057,2018-10-08,Yearly Monthly Billing,9.99
7452314622219057,2018-11-07,Yearly Monthly Billing,9.99
7452314622219057,2018-12-07,Yearly Monthly Billing,9.99
7452314622219057,2019-01-07,Yearly Monthly Billing,9.99
7452314622219057,2019-02-07,Yearly Monthly Billing,9.99
7452314622219057,2019-03-07,Yearly Monthly Billing,9.99
7452314622219057,2019-04-08,Yearly Monthly Billing,9.99
7452314622219057,2019-05-08,Yearly Monthly Billing,9.99
7452314622219057,2019-06-08,Yearly Monthly Billing,9.99
7452314622219057,2019-07-08,Yearly Monthly Billing,9.99
7452314622219057,2019-08-08,Yearly Monthly Billing,9.99
7452314622219057,2019-09-08,Yearly Monthly Billing,9.99
7452314622219057,2019-10-08,Yearly Monthly Billing,9.99
7452314622219057,2019-11-07,Yearly Monthly Billing,9.99
7452314622219057,2019-12-07,Yearly Monthly Billing,9.99
7452314622219057,2020-01-07,Yearly Monthly Billing,9.99
7452314622219057,2020-02-07,Yearly Monthly Billing,9.99
7452314622219057,2020-03-07,Yearly Monthly Billing,9.99
7452314622219057,2020-04-08,Yearly Monthly Billing,9.99
7452314622219057,2020-05-08,Yearly Monthly Billing,9.99
7452314622219057,2020-06-08,Yearly Monthly Billing,9.99
7452314622219057,2020-07-08,Yearly Monthly Billing,9.99
7452314622219057,2020-08-08,Yearly Monthly Billing,9.99
7452314622219057,2020-09-08,Yearly Monthly Billing,9.99
7452314622219057,2020-10-08,Yearly Monthly Billing,9.99
9.85029E+15,2017-05-29,Yearly,119.99
7269162080613858,2017-12-04,Yearly Monthly Billing,9.99
7269162080613858,2018-01-04,Yearly Monthly Billing,9.99
5.24689E+15,2017-02-25,Monthly,19.99
5.24689E+15,2017-03-25,Monthly,19.99
1913705138683266,2017-10-31,Yearly Monthly Billing,9.99
1913705138683266,2017-11-30,Yearly Monthly Billing,9.99
1913705138683266,2017-12-30,Yearly Monthly Billing,9.99
6291863282477444,2017-07-11,Yearly,119.999095
1824267581795331,2017-10-16,Yearly Monthly Billing,9.99
1824267581795331,2017-11-16,Yearly Monthly Billing,9.99
1824267581795331,2017-12-16,Yearly Monthly Billing,9.99
7048879338086457,2017-10-12,Yearly,119.9983193
298253519624246,2017-10-01,Yearly,121.7371867
298253519624246,2018-10-01,Yearly,121.7371867
298253519624246,2019-10-01,Yearly,121.7371867
298253519624246,2020-10-01,Yearly,121.7371867
9310902456332488,2017-07-01,Yearly,119.9989934
1780213215058319,2017-07-12,Yearly,119.998977
6363442796212213,2017-12-21,Yearly,119.9981373
3926459463124536,2017-03-02,Yearly,119.9977273
3926459463124536,2018-03-02,Yearly,119.9977273
3926459463124536,2019-03-02,Yearly,119.9977273
3926459463124536,2020-03-02,Yearly,119.9977273
3926459463124536,2021-03-02,Yearly,119.9977273
9999018452192934,2017-02-23,Yearly,93.66207614
321103153205820,2017-11-16,Yearly,119.9987688
1073911052477861,2017-11-10,Yearly,119.9984543
1073911052477861,2019-07-08,Yearly,119.9890196
4995792568843027,2017-07-13,Yearly,119.9988862
2006444147860815,2017-04-30,Yearly,119.9993464
5.23036E+15,2017-08-28,Yearly,82.49705882
5834883001646536,2017-01-04,Yearly,117.4144578
5834883001646536,2018-01-04,Yearly,126.0105001
5834883001646536,2019-01-04,Yearly,118.114348
3879292065917728,2017-08-04,Yearly,117.3252221
5501664108140341,2017-09-13,Yearly,124.4308352
3518362264474534,2017-04-17,Yearly,119.9978066
3518362264474534,2018-04-17,Yearly,119.9978066
6944816031856925,2017-08-25,Yearly Monthly Billing,9.99
6944816031856925,2017-09-25,Yearly Monthly Billing,9.99
6944816031856925,2017-10-25,Yearly Monthly Billing,9.99
6944816031856925,2017-11-25,Yearly Monthly Billing,9.99
6944816031856925,2017-12-25,Yearly Monthly Billing,9.99
6944816031856925,2018-01-25,Yearly Monthly Billing,9.99
6944816031856925,2018-03-25,Yearly Monthly Billing,9.99
6944816031856925,2018-04-25,Yearly Monthly Billing,9.99
6944816031856925,2018-05-25,Yearly Monthly Billing,9.99
6944816031856925,2018-06-25,Yearly Monthly Billing,9.99
6944816031856925,2018-07-25,Yearly Monthly Billing,9.99
6944816031856925,2018-08-25,Yearly Monthly Billing,9.99
2090606225546129,2017-07-03,Yearly,119.9988108
2090606225546129,2018-07-03,Yearly,119.9988108
2090606225546129,2019-07-03,Yearly,119.9988108
2090606225546129,2020-07-03,Yearly,119.9988108
2090606225546129,2021-07-03,Yearly,119.9988108
7977497483953045,2017-04-23,Yearly,119.99
5.89637E+15,2017-07-08,Yearly,107.6080173
5.89637E+15,2018-07-08,Yearly,107.1355443
5.89637E+15,2019-07-08,Yearly,100.409262
2237525221492192,2017-08-30,Yearly,110.0765225
5452458634242345,2017-09-20,Yearly Monthly Billing,9.99
9.84074E+15,2017-01-08,Yearly,151.0403226
8857927037580665,2021-02-04,Yearly,175.5481481
8857927037580665,2017-12-19,Yearly,119.9980261
8290329703344942,2017-08-15,Yearly,119.99
1582175400720779,2017-04-27,Yearly,104.3391304
1602056611540547,2017-06-21,Monthly,19.50207742
1602056611540547,2017-07-21,Monthly,19.792099
1602056611540547,2017-08-25,Monthly,19.54605542
5851660838193169,2017-10-17,Yearly,119.9983093
6454057948760875,2017-05-06,Yearly,119.9990058
6454057948760875,2018-05-06,Yearly,119.9990058
9499332296135404,2017-04-16,Yearly,119.9980164
9499332296135404,2018-04-16,Yearly,119.9980164
9499332296135404,2019-04-16,Yearly,119.9980164
9499332296135404,2020-04-16,Yearly,119.9980164
9499332296135404,2021-04-16,Yearly,119.9980164
4951969940277685,2021-03-11,3 Months,39.84208586
4951969940277685,2021-06-11,3 Months,38.85773914
4951969940277685,2021-09-12,3 Months,38.30658429
4951969940277685,2017-03-27,Monthly,18.01130571
4951969940277685,2017-04-27,Monthly,18.53233143
4951969940277685,2017-05-27,Monthly,18.73132857
9.48819E+15,2017-04-25,Yearly,119.99883
6532763796767763,2017-09-29,Yearly,120.2689348
1884787762125662,2017-03-03,Yearly,121.9719113
2136102801081687,2017-12-29,Yearly Monthly Billing,9.99
2136102801081687,2018-01-29,Yearly Monthly Billing,9.99
2136102801081687,2018-03-18,Yearly Monthly Billing,14.99
2136102801081687,2018-04-18,Yearly Monthly Billing,14.99
2136102801081687,2018-05-18,Yearly Monthly Billing,14.99
2136102801081687,2018-06-18,Yearly Monthly Billing,14.99
2136102801081687,2018-07-18,Yearly Monthly Billing,14.99
2136102801081687,2018-08-18,Yearly Monthly Billing,14.99
2136102801081687,2018-09-18,Yearly Monthly Billing,14.99
2136102801081687,2018-10-18,Yearly Monthly Billing,14.99
2136102801081687,2018-11-18,Yearly Monthly Billing,14.99
2136102801081687,2018-12-18,Yearly Monthly Billing,14.99
8674188390312559,2017-02-05,Monthly,19.99849009
8674188390312559,2017-03-05,Monthly,19.99849009
8674188390312559,2017-04-05,Monthly,19.99849009
8674188390312559,2017-05-05,Monthly,19.99849009
8674188390312559,2017-06-05,Monthly,19.99849009
8674188390312559,2018-02-12,Monthly,19.99298643
8674188390312559,2018-03-12,Monthly,19.99298643
8674188390312559,2018-04-12,Monthly,19.99298643
8674188390312559,2018-05-12,Monthly,19.99298643
4758911840759519,2017-02-06,Yearly,119.5048877
4758911840759519,2018-02-06,Yearly,123.6325315
4758911840759519,2019-02-06,Yearly,119.9496493
8589258700048485,2017-12-28,Yearly Monthly Billing,9.99
8589258700048485,2018-04-04,Yearly Monthly Billing,14.99
8589258700048485,2018-05-04,Yearly Monthly Billing,14.99
8589258700048485,2018-06-04,Yearly Monthly Billing,14.99
8589258700048485,2018-07-04,Yearly Monthly Billing,14.99
8589258700048485,2018-08-04,Yearly Monthly Billing,14.99
8589258700048485,2018-09-04,Yearly Monthly Billing,14.99
8589258700048485,2018-10-04,Yearly Monthly Billing,14.99
8589258700048485,2018-11-04,Yearly Monthly Billing,14.99
8589258700048485,2018-12-04,Yearly Monthly Billing,14.99
8589258700048485,2019-01-04,Yearly Monthly Billing,14.99
8169850163808175,2018-01-25,Yearly,132
8169850163808175,2017-01-22,Yearly,132
8169850163808175,2018-01-22,Yearly,132
5045102850161119,2017-01-04,Yearly,119.9949804
5.09924E+15,2017-08-28,Yearly,119.99
7156311656120233,2017-04-12,Yearly,119.9987849
5705665261866673,2017-10-11,Yearly,179.9960784
5705665261866673,2018-10-18,Yearly,158.1796791
5705665261866673,2019-10-18,Yearly,158.1796791
8615908398233579,2018-04-12,Monthly,19.31543886
8615908398233579,2017-12-29,Monthly,19.90974293
8615908398233579,2018-01-29,Monthly,19.90974402
8615908398233579,2020-06-14,Monthly,28.98862786
8615908398233579,2020-07-14,Monthly,29.41816429
8615908398233579,2020-08-14,Monthly,28.83148643
8615908398233579,2020-09-14,Monthly,29.226075
8615908398233579,2020-10-14,Monthly,29.62686
8615908398233579,2020-11-14,Monthly,30.13645429
8615908398233579,2020-12-14,Monthly,30.05738786
8615908398233579,2021-01-14,Monthly,29.75376286
8615908398233579,2021-02-14,Monthly,29.10487286
8615908398233579,2021-03-14,Monthly,29.88587071
8615908398233579,2021-04-14,Monthly,30.09506214
8615908398233579,2021-05-14,Monthly,29.495
8615908398233579,2021-06-14,Monthly,29.14750429
8615908398233579,2021-07-14,Monthly,29.05926714
8615908398233579,2021-08-14,Monthly,28.94327
8615908398233579,2021-09-14,Monthly,28.73407857
8615908398233579,2021-10-14,Monthly,27.90450071
8615908398233579,2021-11-14,Monthly,27.96596929
8615908398233579,2021-12-14,Monthly,27.95754214
8615908398233579,2022-01-14,Monthly,27.95754214
8615908398233579,2022-02-14,Monthly,27.95754214
7096533441168285,2017-05-11,Yearly,119.99
8538657792613693,2017-05-06,Yearly,119.9990058
5764617260719001,2017-12-30,Yearly,119.99828
1.57482E+15,2017-02-19,Yearly,110.517602
1348230971531357,2017-10-22,Yearly,125.8963551
1348230971531357,2018-10-22,Yearly,120.986378
1289066813111704,2020-04-18,Yearly,109.9894311
1289066813111704,2021-04-18,Yearly,125.9936951
1289066813111704,2017-09-15,Yearly,122.6376449
1289066813111704,2018-09-15,Yearly,113.4938559
3176232282250107,2017-06-24,Yearly,129.2561673
9157000826684094,2017-09-20,Yearly,95.992
988658851138406,2017-06-23,Yearly,119.9990695
861438952610687,2017-08-09,Yearly,119.9984226
4400413056771457,2017-09-08,Yearly,119.9987759
8540377238815221,2017-09-29,Yearly,106.969819
6173221858471045,2017-10-09,Yearly Monthly Billing,9.99
6173221858471045,2017-11-09,Yearly Monthly Billing,9.99
6173221858471045,2017-12-09,Yearly Monthly Billing,9.99
6173221858471045,2018-01-09,Yearly Monthly Billing,9.99
6173221858471045,2018-03-09,Yearly Monthly Billing,9.99
2816043415822163,2017-03-02,Weekly,5.079573
2816043415822163,2017-03-09,Weekly,5.079573
15971844717362,2017-10-09,Yearly Monthly Billing,9.99
15971844717362,2017-11-09,Yearly Monthly Billing,9.99
15971844717362,2017-12-09,Yearly Monthly Billing,9.99
15971844717362,2018-01-09,Yearly Monthly Billing,9.99
15971844717362,2018-03-09,Yearly Monthly Billing,9.99
15971844717362,2018-04-09,Yearly Monthly Billing,9.99
15971844717362,2018-05-09,Yearly Monthly Billing,9.99
15971844717362,2018-06-09,Yearly Monthly Billing,9.99
15971844717362,2018-07-09,Yearly Monthly Billing,9.99
2967501741377672,2017-07-07,Yearly,119.9991886
138570498716676,2017-10-24,Yearly Monthly Billing,9.99
138570498716676,2017-11-24,Yearly Monthly Billing,9.99
138570498716676,2017-12-24,Yearly Monthly Billing,9.99
138570498716676,2018-01-24,Yearly Monthly Billing,9.99
138570498716676,2018-03-24,Yearly Monthly Billing,9.99
1699795927899031,2017-11-11,Yearly,120
1699795927899031,2017-11-11,Yearly,60
1793222858530091,2017-11-09,Monthly,19.99
1793222858530091,2017-12-09,Monthly,19.99
2988634100202763,2017-04-30,Yearly,119.99
6171951845802635,2017-12-09,Yearly Monthly Billing,9.99
6171951845802635,2018-01-09,Yearly Monthly Billing,9.99
6171951845802635,2018-01-16,Yearly Monthly Billing,9.99
6171951845802635,2018-03-09,Yearly Monthly Billing,9.99
6171951845802635,2018-04-09,Yearly Monthly Billing,9.99
6171951845802635,2018-05-09,Yearly Monthly Billing,9.99
6171951845802635,2018-06-09,Yearly Monthly Billing,9.99
6171951845802635,2018-07-09,Yearly Monthly Billing,9.99
6171951845802635,2018-08-09,Yearly Monthly Billing,9.99
6171951845802635,2018-09-09,Yearly Monthly Billing,9.99
6171951845802635,2018-10-09,Yearly Monthly Billing,9.99
6171951845802635,2018-11-09,Yearly Monthly Billing,9.99
6171951845802635,2018-12-09,Yearly Monthly Billing,9.99
6171951845802635,2019-01-09,Yearly Monthly Billing,9.99
6171951845802635,2019-02-09,Yearly Monthly Billing,9.99
6171951845802635,2019-03-09,Yearly Monthly Billing,9.99
6171951845802635,2019-04-09,Yearly Monthly Billing,9.99
6171951845802635,2019-05-09,Yearly Monthly Billing,9.99
6171951845802635,2019-06-09,Yearly Monthly Billing,9.99
6171951845802635,2019-07-09,Yearly Monthly Billing,9.99
6171951845802635,2019-08-09,Yearly Monthly Billing,9.99
6171951845802635,2019-09-09,Yearly Monthly Billing,9.99
6171951845802635,2019-10-09,Yearly Monthly Billing,9.99
6171951845802635,2019-11-09,Yearly Monthly Billing,9.99
6171951845802635,2019-12-09,Yearly Monthly Billing,9.99
6171951845802635,2020-01-09,Yearly Monthly Billing,9.99
6171951845802635,2020-02-09,Yearly Monthly Billing,9.99
6171951845802635,2020-03-09,Yearly Monthly Billing,9.99
6171951845802635,2020-04-09,Yearly Monthly Billing,9.99
6171951845802635,2020-05-09,Yearly Monthly Billing,9.99
6171951845802635,2020-06-09,Yearly Monthly Billing,9.99
6171951845802635,2020-07-09,Yearly Monthly Billing,9.99
6171951845802635,2020-08-09,Yearly Monthly Billing,9.99
6171951845802635,2020-09-09,Yearly Monthly Billing,9.99
6171951845802635,2020-10-09,Yearly Monthly Billing,9.99
6171951845802635,2020-11-09,Yearly Monthly Billing,9.99
8240509712138947,2017-02-15,Yearly,119.9982155
2168398216743941,2017-12-07,Yearly Monthly Billing,9.99
2168398216743941,2018-01-07,Yearly Monthly Billing,9.99
2168398216743941,2018-03-07,Yearly Monthly Billing,9.99
2168398216743941,2018-04-07,Yearly Monthly Billing,9.99
2168398216743941,2018-05-07,Yearly Monthly Billing,9.99
2168398216743941,2018-06-07,Yearly Monthly Billing,9.99
799370602625224,2017-12-04,Yearly,119.9983957
6462511815171127,2017-11-18,Yearly,119.9991506
6995603607519862,2017-11-26,Yearly,59.99
8.41499E+15,2017-07-10,Yearly,119.99
7504241824658633,2017-11-25,Yearly,89.32332408
8430409982013091,2017-12-27,Yearly Monthly Billing,9.99
8430409982013091,2018-01-27,Yearly Monthly Billing,9.99
8430409982013091,2018-03-27,Yearly Monthly Billing,9.99
8430409982013091,2018-04-27,Yearly Monthly Billing,9.99
8430409982013091,2018-05-27,Yearly Monthly Billing,9.99
8430409982013091,2018-06-27,Yearly Monthly Billing,9.99
8430409982013091,2018-07-27,Yearly Monthly Billing,9.99
8430409982013091,2018-08-27,Yearly Monthly Billing,9.99
8430409982013091,2018-09-27,Yearly Monthly Billing,9.99
8430409982013091,2018-10-27,Yearly Monthly Billing,9.99
8430409982013091,2018-11-27,Yearly Monthly Billing,9.99
8939179885351304,2017-03-04,Yearly,119.998226
2347490555814681,2017-06-02,Weekly,5.55291
2347490555814681,2017-06-09,Weekly,5.55291
2347490555814681,2017-06-16,Weekly,5.55291
2347490555814681,2017-06-23,Weekly,5.55291
2347490555814681,2017-06-30,Weekly,5.55291
2347490555814681,2017-07-07,Weekly,5.50836
2347490555814681,2017-07-14,Weekly,5.50836
9154634725775635,2017-12-07,Yearly Monthly Billing,10.03616983
9154634725775635,2018-01-07,Yearly Monthly Billing,10.03617038
9154634725775635,2018-03-07,Yearly Monthly Billing,12.0543336
5159228479152422,2017-09-19,Yearly Monthly Billing,9.657666
5159228479152422,2017-10-19,Yearly Monthly Billing,9.844479
5159228479152422,2017-11-26,Yearly Monthly Billing,9.91599075
5159228479152422,2017-12-26,Yearly Monthly Billing,10.03616983
5159228479152422,2018-01-29,Yearly Monthly Billing,15.05927868
430657140358803,2017-01-27,Yearly,119.99
430657140358803,2018-01-27,Yearly,119.99
7754312343559847,2017-08-30,Yearly,117.3182379
2789942608314511,2017-05-07,Monthly,19.585954
2485109761049859,2020-12-14,Yearly,175.1990588
2485109761049859,2021-12-14,Yearly,175.1990588
2485109761049859,2017-12-16,Yearly,119.9983307
2485109761049859,2018-12-16,Yearly,119.9983307
4611883704970788,2017-05-23,Yearly,119.9987809
6435449437558802,2017-06-16,Yearly,119.99
1659858866363927,2017-08-14,Yearly,179.9932773
8679524457207486,2017-10-21,Yearly,119.9987338
8496907083997144,2017-03-17,Yearly,117.25448
4371481876885692,2017-02-24,Weekly,5.192520857
4686758418192492,2017-03-10,Monthly,17.3826087
6307481885600039,2017-09-26,Yearly Monthly Billing,9.99
6307481885600039,2017-10-26,Yearly Monthly Billing,9.99
6307481885600039,2017-11-26,Yearly Monthly Billing,9.99
9155009610445183,2017-02-11,Yearly,115.71084
9155009610445183,2018-02-11,Yearly,123.76056
4290919406749814,2019-12-25,Yearly,119.9891403
4290919406749814,2019-12-26,Yearly,119.9891403
4290919406749814,2020-01-16,Yearly,179.9889706
4290919406749814,2017-03-27,Yearly,119.9984981
2759739576773827,2017-12-15,Yearly Monthly Billing,9.99
2759739576773827,2018-01-15,Yearly Monthly Billing,9.99
2759739576773827,2018-03-15,Yearly Monthly Billing,9.99
2759739576773827,2018-04-15,Yearly Monthly Billing,9.99
2759739576773827,2018-05-15,Yearly Monthly Billing,9.99
2759739576773827,2018-06-15,Yearly Monthly Billing,9.99
6955472122305806,2017-02-21,Yearly,119.9984418
470057940765845,2017-10-29,Yearly Monthly Billing,9.99
1844444398370142,2017-05-16,Yearly,114.3648071
1533824006092398,2017-07-02,Yearly,105.8129406
468838835387712,2017-11-19,Yearly Monthly Billing,9.99
468838835387712,2017-12-19,Yearly Monthly Billing,9.99
468838835387712,2018-01-19,Yearly Monthly Billing,9.99
468838835387712,2018-04-08,Yearly Monthly Billing,10.3043522
468838835387712,2018-04-19,Yearly Monthly Billing,10.3745294
468838835387712,2018-05-19,Yearly Monthly Billing,10.5922416
468838835387712,2018-06-19,Yearly Monthly Billing,10.525368
4026469958341808,2017-10-22,Yearly Monthly Billing,9.99
4026469958341808,2017-11-22,Yearly Monthly Billing,9.99
4026469958341808,2017-12-22,Yearly Monthly Billing,9.99
4026469958341808,2018-01-22,Yearly Monthly Billing,9.99
4026469958341808,2018-03-22,Yearly Monthly Billing,9.99
4026469958341808,2018-04-22,Yearly Monthly Billing,9.99
4026469958341808,2018-05-22,Yearly Monthly Billing,9.99
4026469958341808,2018-06-22,Yearly Monthly Billing,9.99
4026469958341808,2018-07-22,Yearly Monthly Billing,9.99
4026469958341808,2018-08-22,Yearly Monthly Billing,9.99
4026469958341808,2018-09-22,Yearly Monthly Billing,9.99
4026469958341808,2018-10-22,Yearly Monthly Billing,9.99
4026469958341808,2018-11-22,Yearly Monthly Billing,9.99
4026469958341808,2018-12-22,Yearly Monthly Billing,9.99
4026469958341808,2019-01-22,Yearly Monthly Billing,9.99
4026469958341808,2019-02-22,Yearly Monthly Billing,9.99
4026469958341808,2019-03-22,Yearly Monthly Billing,9.99
4026469958341808,2019-04-22,Yearly Monthly Billing,9.99
4026469958341808,2019-05-22,Yearly Monthly Billing,9.99
2376661090538015,2017-10-30,Yearly,111.724862
7842104024951588,2018-07-24,Yearly,115.6154821
7842104024951588,2017-07-23,Yearly,127.2233077
9650162616513156,2017-12-30,Yearly,119.9976339
5.86881E+15,2017-05-10,Yearly,119.9986831
5.86881E+15,2018-05-10,Yearly,119.9986831
3370758134779907,2017-10-10,Yearly,119.99
3370758134779907,2019-10-10,Yearly,119.99
7865747726632131,2017-06-11,Yearly,119.99
4455010348359614,2017-04-19,Yearly,119.99
2.30567E+15,2017-08-25,Yearly,119.9987484
1098731253225425,2017-06-20,Yearly,117.0612441
3018983286687581,2017-10-20,Yearly Monthly Billing,9.99
3018983286687581,2017-11-20,Yearly Monthly Billing,9.99
3018983286687581,2017-12-20,Yearly Monthly Billing,9.99
3018983286687581,2018-01-20,Yearly Monthly Billing,9.99
3018983286687581,2018-03-20,Yearly Monthly Billing,9.99
3018983286687581,2018-04-20,Yearly Monthly Billing,9.99
3018983286687581,2018-05-20,Yearly Monthly Billing,9.99
3018983286687581,2018-06-20,Yearly Monthly Billing,9.99
3018983286687581,2018-07-20,Yearly Monthly Billing,9.99
3018983286687581,2018-08-20,Yearly Monthly Billing,9.99
4987771176284191,2017-08-08,Yearly,116.3627957
4987771176284191,2018-08-08,Yearly,114.549942
4987771176284191,2018-09-09,Monthly,112.5179194
4987771176284191,2018-10-09,Monthly,112.1103249
7476331489563361,2017-09-17,Monthly,19.978728
7476331489563361,2017-10-17,Monthly,19.855
7476331489563361,2017-11-17,Monthly,20.207792
7476331489563361,2017-12-17,Monthly,20.4619375
7476331489563361,2018-01-17,Monthly,20.46193282
7476331489563361,2018-02-17,Monthly,19.973712
7476331489563361,2018-03-17,Monthly,19.212952
1062141441563216,2017-09-10,Yearly Monthly Billing,9.99
1062141441563216,2017-10-10,Yearly Monthly Billing,9.99
1062141441563216,2017-11-10,Yearly Monthly Billing,9.99
1062141441563216,2017-12-10,Yearly Monthly Billing,9.99
1062141441563216,2018-01-10,Yearly Monthly Billing,9.99
9860171344417186,2017-08-07,Yearly,179.99
57018688678746,2017-12-09,Yearly,123.117981
269613252301594,2017-09-13,Yearly,119.9986057
1659219645005972,2017-12-20,Yearly Monthly Billing,9.99
1659219645005972,2018-01-20,Yearly Monthly Billing,9.99
1659219645005972,2018-03-20,Yearly Monthly Billing,9.99
1659219645005972,2018-04-20,Yearly Monthly Billing,9.99
1659219645005972,2018-05-20,Yearly Monthly Billing,9.99
1659219645005972,2018-06-20,Yearly Monthly Billing,9.99
1659219645005972,2018-07-20,Yearly Monthly Billing,9.99
1659219645005972,2018-08-20,Yearly Monthly Billing,9.99
1659219645005972,2018-09-20,Yearly Monthly Billing,9.99
1659219645005972,2018-10-20,Yearly Monthly Billing,9.99
1659219645005972,2018-11-20,Yearly Monthly Billing,9.99
1659219645005972,2018-12-20,Yearly Monthly Billing,9.99
1659219645005972,2019-01-20,Yearly Monthly Billing,9.99
1659219645005972,2019-02-20,Yearly Monthly Billing,9.99
1659219645005972,2019-03-20,Yearly Monthly Billing,9.99
1659219645005972,2019-04-20,Yearly Monthly Billing,9.99
1659219645005972,2019-05-20,Yearly Monthly Billing,9.99
1659219645005972,2019-06-20,Yearly Monthly Billing,9.99
1659219645005972,2019-07-20,Yearly Monthly Billing,9.99
1659219645005972,2019-08-20,Yearly Monthly Billing,9.99
1659219645005972,2019-09-20,Yearly Monthly Billing,9.99
1659219645005972,2019-10-20,Yearly Monthly Billing,9.99
1659219645005972,2019-11-20,Yearly Monthly Billing,9.99
2500465914320154,2017-01-17,Monthly,20.0460117
2500465914320154,2017-02-17,Monthly,20.0460117
2500465914320154,2017-03-17,Monthly,20.0460117
5609731464934413,2017-01-26,Monthly,20
5609731464934413,2017-02-26,Monthly,20
5533383844628837,2017-02-28,Yearly,100.4486365
6558021274607844,2017-01-30,Monthly,18.527432
6558021274607844,2017-02-28,Monthly,18.674568
6558021274607844,2017-03-30,Monthly,18.923696
1907111210858661,2017-02-26,Monthly,19.99
1907111210858661,2017-03-26,Monthly,19.99
3540923429071572,2017-12-16,Yearly,119.9988024
3540923429071572,2018-12-16,Yearly,119.9988024
2152803266573037,2017-11-17,Monthly,19.84048943
2152803266573037,2017-12-17,Monthly,20.08095071
2152803266573037,2018-01-17,Monthly,20.08095181
2152803266573037,2018-02-17,Monthly,20.47895771
2152803266573037,2018-03-17,Monthly,20.09917486
2152803266573037,2018-04-17,Monthly,19.48252743
2152803266573037,2018-05-17,Monthly,19.34610543
2152803266573037,2018-06-17,Monthly,19.41556571
2152803266573037,2018-07-17,Monthly,19.29513457
2152803266573037,2018-08-17,Monthly,19.240166
2152803266573037,2018-09-17,Monthly,18.89886114
2152803266573037,2018-10-17,Monthly,18.83040029
2152803266573037,2018-11-17,Monthly,19.03078571
2152803266573037,2018-12-17,Monthly,18.96715543
2152803266573037,2019-01-17,Monthly,18.83239914
2152803266573037,2019-02-17,Monthly,18.61419057
8196123013650174,2017-08-01,Yearly,119.99
7.21275E+15,2017-01-28,Yearly,101.3877103
333008097408027,2017-11-20,Yearly Monthly Billing,9.99
333008097408027,2017-12-20,Yearly Monthly Billing,9.99
333008097408027,2018-01-20,Yearly Monthly Billing,9.99
333008097408027,2018-03-20,Yearly Monthly Billing,9.99
333008097408027,2018-04-20,Yearly Monthly Billing,9.99
333008097408027,2018-05-20,Yearly Monthly Billing,9.99
333008097408027,2018-06-20,Yearly Monthly Billing,9.99
333008097408027,2018-07-20,Yearly Monthly Billing,9.99
3115954816703008,2017-08-30,Yearly,119.9985459
4669820079378166,2017-12-24,Yearly Monthly Billing,9.71242242
4669820079378166,2018-01-24,Yearly Monthly Billing,9.712422952
4669820079378166,2018-03-24,Yearly Monthly Billing,9.721236774
4669820079378166,2018-04-24,Yearly Monthly Billing,9.422986935
4669820079378166,2018-06-10,Yearly Monthly Billing,9.3906
4669820079378166,2018-07-10,Yearly Monthly Billing,9.332351855
2323938036322878,2017-12-10,Yearly Monthly Billing,9.081818182
7112466257979776,2017-01-08,Yearly,117.9152844
9.28266E+15,2017-12-28,Monthly,26.07826087
3016001999364348,2017-03-05,Weekly,7.784419
3016001999364348,2017-03-12,Weekly,7.784419
5.61614E+15,2017-04-02,Monthly,18.69264571
5.61614E+15,2017-05-02,Monthly,18.89336429
3949940767978117,2017-03-14,Yearly,120
2993614109023007,2017-11-19,Yearly,120.0979197
2.48708E+15,2017-08-13,Yearly,119.99
2.48708E+15,2019-08-13,Yearly,119.99
2.48708E+15,2020-08-13,Yearly,119.99
2.48708E+15,2021-08-13,Yearly,119.99
5408507970047393,2017-07-14,Yearly,180
5408507970047393,2018-07-14,Yearly,180
6316420764639053,2017-11-24,Yearly,59.99
1.77676E+15,2017-10-02,Yearly,119.2318023
1.77676E+15,2018-02-10,Yearly,123.9626789
1.77676E+15,2019-02-10,Yearly,112.6749203
1.77676E+15,2020-02-10,Yearly,111.2572706
1.77676E+15,2021-02-10,Yearly,118.3989583
1.77676E+15,2022-02-10,Yearly,113.7316037
9869449518229536,2017-12-26,Yearly,119.9971242
5249947854577653,2017-03-27,Weekly,5.079573
5249947854577653,2017-04-03,Weekly,5.084615571
5249947854577653,2017-04-10,Weekly,5.084615571
5249947854577653,2017-04-17,Weekly,5.084615571
5249947854577653,2017-04-24,Weekly,5.084615571
5249947854577653,2017-05-01,Weekly,5.084615571
5249947854577653,2017-05-08,Weekly,5.204751429
5249947854577653,2017-05-15,Weekly,5.204751429
5249947854577653,2017-05-22,Weekly,5.204751429
5249947854577653,2017-05-29,Weekly,5.204751429
5249947854577653,2017-06-05,Weekly,5.423013
5249947854577653,2017-06-12,Weekly,5.423013
5249947854577653,2017-06-19,Weekly,5.423013
5249947854577653,2017-06-26,Weekly,5.423013
5249947854577653,2017-07-03,Weekly,5.402025
5249947854577653,2017-07-10,Weekly,5.402025
5249947854577653,2017-07-17,Weekly,5.402025
5249947854577653,2017-07-24,Weekly,5.402025
5249947854577653,2017-07-31,Weekly,5.402025
5249947854577653,2017-08-07,Weekly,5.309078143
5249947854577653,2017-08-14,Weekly,5.309078143
5249947854577653,2017-08-21,Weekly,5.309078143
5249947854577653,2017-08-28,Weekly,5.309078143
5249947854577653,2017-09-04,Weekly,5.215858714
5249947854577653,2017-09-11,Weekly,5.215858714
5249947854577653,2017-09-18,Weekly,5.215858714
5249947854577653,2017-09-25,Weekly,5.215858714
5249947854577653,2017-10-02,Weekly,5.168772
5249947854577653,2017-10-09,Weekly,5.168772
5249947854577653,2017-10-16,Weekly,5.168772
5249947854577653,2017-10-23,Weekly,5.168772
5249947854577653,2017-10-30,Weekly,5.168772
5249947854577653,2017-11-06,Weekly,5.290134429
5249947854577653,2017-11-13,Weekly,5.290134429
5249947854577653,2017-11-20,Weekly,5.290134429
5249947854577653,2017-11-27,Weekly,5.290134429
5249947854577653,2017-12-04,Weekly,5.335749298
5249947854577653,2017-12-11,Weekly,5.335749298
5249947854577653,2017-12-18,Weekly,5.335749298
5249947854577653,2017-12-25,Weekly,5.335749298
5249947854577653,2018-01-01,Weekly,5.335749298
5249947854577653,2018-01-08,Weekly,5.335749244
5249947854577653,2018-01-15,Weekly,5.335749244
5249947854577653,2018-01-22,Weekly,5.335749244
5249947854577653,2018-01-29,Weekly,5.335749244
5249947854577653,2018-02-05,Weekly,5.211906429
5249947854577653,2018-02-12,Weekly,5.211906429
5249947854577653,2018-02-19,Weekly,5.211906429
5249947854577653,2018-02-26,Weekly,5.211906429
5249947854577653,2018-03-05,Weekly,5.134564286
5249947854577653,2018-03-12,Weekly,5.134564286
5249947854577653,2018-03-19,Weekly,5.134564286
5249947854577653,2018-03-26,Weekly,5.134564286
5249947854577653,2018-04-02,Weekly,5.205501
5249947854577653,2018-04-09,Weekly,5.205501
5249947854577653,2018-04-16,Weekly,5.205501
5249947854577653,2018-04-23,Weekly,5.205501
1.45711E+15,2017-01-14,Yearly,120
1.45711E+15,2018-03-15,Yearly,120
1807910904847273,2017-07-13,Yearly,118.802099
4.59831E+15,2019-09-07,Monthly,8.204042
4.59831E+15,2019-10-07,Monthly,7.750743
4.59831E+15,2019-11-07,Monthly,8.013918
4.59831E+15,2019-12-07,Monthly,7.851866
4.59831E+15,2020-01-07,Monthly,7.344018
4.59831E+15,2020-02-07,Monthly,6.378405
4.59831E+15,2020-03-07,Monthly,5.881722
4.59831E+15,2020-04-07,Monthly,6.156062
4.59831E+15,2020-05-07,Monthly,5.990501
4.59831E+15,2020-06-07,Monthly,6.29706
4.59831E+15,2020-07-07,Monthly,5.897034
4.59831E+15,2020-08-07,Monthly,5.922554
4.59831E+15,2020-09-07,Monthly,5.862263
4.59831E+15,2020-10-07,Monthly,6.172969
4.59831E+15,2020-11-07,Monthly,6.380957
4.59831E+15,2020-12-07,Monthly,6.022082
4.59831E+15,2021-01-07,Monthly,5.878532
4.59831E+15,2021-02-07,Monthly,5.722222
4.59831E+15,2021-03-07,Monthly,5.959239
4.59831E+15,2021-04-07,Monthly,6.30982
4.59831E+15,2021-05-07,Monthly,6.676032
4.59831E+15,2021-06-07,Monthly,6.333107
4.59831E+15,2021-07-07,Monthly,6.270583
4.59831E+15,2021-08-07,Monthly,6.173288
4.59831E+15,2021-09-07,Monthly,5.830363
4.59831E+15,2021-10-07,Monthly,5.878532
4.59831E+15,2021-11-07,Monthly,5.818879
4.59831E+15,2021-12-07,Monthly,6.037713
4.59831E+15,2022-01-07,Monthly,6.037713
4.59831E+15,2022-02-07,Monthly,6.037713
4.59831E+15,2017-12-15,Yearly,74.99705882
2036260208516964,2017-12-13,Yearly,118.4913438
4358051622378503,2017-06-12,Yearly,119.99
7219472973254767,2017-08-25,Yearly,119.998054
7219472973254767,2018-08-25,Yearly,119.998054
7219472973254767,2019-08-25,Yearly,119.998054
7219472973254767,2020-08-25,Yearly,119.998054
5491072192216845,2017-12-12,Yearly Monthly Billing,9.081818182
5491072192216845,2018-01-12,Yearly Monthly Billing,9.081818182
7337699422158539,2017-10-22,Yearly,125.8963551
7337699422158539,2018-10-22,Yearly,120.986378
8252803508509736,2017-03-19,Monthly,29.99
8252803508509736,2017-04-19,Monthly,29.99
8252803508509736,2017-05-19,Monthly,29.99
1305695525562241,2017-11-09,Monthly,19.99
2502558238866071,2017-12-26,Yearly,119.9971242
2502558238866071,2018-12-26,Yearly,119.9971242
2502558238866071,2019-12-26,Yearly,119.9971242
2502558238866071,2020-12-26,Yearly,119.9971242
2502558238866071,2021-12-26,Yearly,119.9971242
9368089421587158,2017-07-23,Yearly,119.99
9368089421587158,2019-07-23,Yearly,119.99
1968251900301092,2017-11-26,Yearly,119.9988235
3451131024176903,2017-04-30,Yearly,119.9993464
2465386566239059,2017-12-03,Yearly Monthly Billing,9.99
8702701649295466,2017-01-20,Yearly,101.7096774
8702701649295466,2018-01-20,Yearly,116.656019
7.10975E+15,2017-12-07,Yearly Monthly Billing,9.99
7.10975E+15,2018-01-07,Yearly Monthly Billing,9.99
7.10975E+15,2018-06-15,Yearly Monthly Billing,10.61
7.10975E+15,2018-07-15,Yearly Monthly Billing,10.5
7.10975E+15,2018-08-15,Yearly Monthly Billing,10.56
7.10975E+15,2018-09-15,Yearly Monthly Billing,10.62
7.10975E+15,2018-10-15,Yearly Monthly Billing,10.61
7.10975E+15,2018-11-15,Yearly Monthly Billing,10.44
7.10975E+15,2018-12-15,Yearly Monthly Billing,10.33
7.10975E+15,2019-01-15,Yearly Monthly Billing,10.41
7.10975E+15,2019-02-15,Yearly Monthly Billing,10.41
7.10975E+15,2019-03-15,Yearly Monthly Billing,10.38
7.10975E+15,2019-04-15,Yearly Monthly Billing,10.37
7.10975E+15,2019-05-15,Yearly Monthly Billing,10.26
7593717121340873,2017-10-04,Yearly Monthly Billing,9.99
7593717121340873,2017-11-04,Yearly Monthly Billing,9.99
7593717121340873,2017-12-04,Yearly Monthly Billing,9.99
7593717121340873,2018-01-04,Yearly Monthly Billing,9.99
7593717121340873,2018-03-04,Yearly Monthly Billing,9.99
7593717121340873,2018-04-04,Yearly Monthly Billing,9.99
7593717121340873,2018-05-04,Yearly Monthly Billing,9.99
7593717121340873,2018-06-04,Yearly Monthly Billing,9.99
7593717121340873,2018-07-09,Yearly Monthly Billing,9.99
7593717121340873,2018-08-08,Yearly Monthly Billing,9.99
7593717121340873,2018-09-04,Yearly Monthly Billing,9.99
8475170398418517,2017-07-12,Yearly,128.6359451
2396738576755222,2017-07-26,Yearly,114.9697732
6215527867344158,2017-05-16,Yearly,119.999155
1908277077806051,2017-06-05,Yearly,119.99
4070770507460965,2017-09-13,Yearly,169.7583733
9202867146291209,2017-12-27,Yearly Monthly Billing,9.99
9202867146291209,2018-01-27,Yearly Monthly Billing,9.99
8063007686156699,2017-02-02,Yearly,93.66185309
4551838915425173,2017-07-18,Yearly,119.9992507
9873982707033847,2017-03-19,Yearly,119.99
9873982707033847,2019-10-01,Yearly,179.99
9873982707033847,2020-10-18,Yearly,179.99
9873982707033847,2021-10-18,Yearly,179.99
5032328190299037,2021-08-24,Yearly,118.4959303
5032328190299037,2017-01-13,Monthly,21.34137543
7270937881912106,2017-01-18,Monthly,20.08542199
7270937881912106,2017-02-18,Monthly,20.08542199
7270937881912106,2017-03-18,Monthly,20.08542199
7270937881912106,2017-04-18,Monthly,20.08542199
2379307966616433,2017-07-20,Monthly,19.46819486
2379307966616433,2017-08-20,Monthly,19.22617786
4084643721018613,2017-12-31,Yearly Monthly Billing,10.03616983
4084643721018613,2018-02-28,Yearly Monthly Billing,10.235088
4084643721018613,2018-03-28,Yearly Monthly Billing,10.045278
4084643721018613,2018-04-28,Yearly Monthly Billing,9.7370865
4084643721018613,2018-05-28,Yearly Monthly Billing,9.66890475
4084643721018613,2018-06-28,Yearly Monthly Billing,9.70362
4084643721018613,2018-07-28,Yearly Monthly Billing,9.64343025
4084643721018613,2018-08-28,Yearly Monthly Billing,9.61595775
4084643721018613,2018-09-28,Yearly Monthly Billing,9.4453785
4084643721018613,2018-10-28,Yearly Monthly Billing,9.41116275
4084643721018613,2018-11-28,Yearly Monthly Billing,9.5113125
5386737568814527,2017-12-09,Yearly,119.9987484
2427933999169847,2017-12-22,Yearly,127.8916631
9.76975E+15,2017-10-29,Yearly,119.9988747
9.76975E+15,2018-10-29,Yearly,119.9988747
1595421420496873,2017-04-20,Yearly,119.99
1595421420496873,2018-09-18,Yearly Monthly Billing,9.99
1595421420496873,2018-10-18,Yearly Monthly Billing,9.99
1595421420496873,2018-11-18,Yearly Monthly Billing,9.99
1595421420496873,2018-12-18,Yearly Monthly Billing,9.99
1595421420496873,2019-01-18,Yearly Monthly Billing,9.99
1595421420496873,2019-02-18,Yearly Monthly Billing,9.99
1595421420496873,2019-03-18,Yearly Monthly Billing,9.99
1595421420496873,2019-04-18,Yearly Monthly Billing,9.99
1595421420496873,2019-05-18,Yearly Monthly Billing,9.99
1595421420496873,2019-06-18,Yearly Monthly Billing,9.99
1595421420496873,2019-07-19,Yearly Monthly Billing,9.99
2281752750756317,2017-08-25,Yearly,119.99
528527375808975,2017-06-06,Yearly,119.9981699
148288047839697,2017-02-14,Yearly,109.0818182
8980421218794404,2017-11-19,Yearly Monthly Billing,9.99
8980421218794404,2017-12-19,Yearly Monthly Billing,9.99
8980421218794404,2018-01-19,Yearly Monthly Billing,9.99
6692493823451865,2017-06-30,Yearly,119.9993536
2822963975314548,2017-06-04,Yearly,179.99
3404868007275862,2017-04-10,Yearly,119.99
5160496347427573,2017-09-05,Yearly,119.9975712
7.22361E+15,2017-02-17,Weekly,5.168499429
3479086977453272,2017-11-05,Yearly Monthly Billing,9.99
3479086977453272,2017-12-05,Yearly Monthly Billing,9.99
3479086977453272,2018-01-05,Yearly Monthly Billing,9.99
3479086977453272,2018-03-05,Yearly Monthly Billing,9.99
3479086977453272,2018-04-05,Yearly Monthly Billing,8.256198347
3479086977453272,2018-05-10,Yearly Monthly Billing,8.256198347
3479086977453272,2018-06-09,Yearly Monthly Billing,8.256198347
3479086977453272,2018-07-05,Yearly Monthly Billing,8.256198347
3479086977453272,2018-08-05,Yearly Monthly Billing,8.256198347
3479086977453272,2018-09-14,Yearly Monthly Billing,8.256198347
3479086977453272,2018-10-13,Yearly Monthly Billing,8.256198347
5935271770024843,2017-10-26,Yearly Monthly Billing,9.99
5935271770024843,2017-11-26,Yearly Monthly Billing,9.99
7971210041224337,2017-05-15,Yearly,119.99
742785837287871,2017-10-26,Yearly Monthly Billing,9.99
742785837287871,2017-12-03,Yearly Monthly Billing,9.99
742785837287871,2018-01-01,Yearly Monthly Billing,9.99
742785837287871,2018-01-26,Yearly Monthly Billing,9.99
2.54007E+15,2017-12-08,Yearly,119.9985108
2735658642289228,2017-01-28,Yearly,119.99
2735658642289228,2018-01-28,Yearly,119.99
2735658642289228,2020-01-28,Yearly,119.99
2371704197472761,2017-08-30,Yearly,119.9985459
5525329249575768,2017-01-23,Monthly,18.527432
3332668704757917,2017-12-27,Yearly,79.99607843
480699594983888,2017-11-05,Yearly,119.9989207
480699594983888,2018-11-05,Yearly,119.9989207
480699594983888,2019-11-05,Yearly,119.9989207
480699594983888,2020-11-05,Yearly,119.9989207
8239463624084473,2017-02-20,Monthly,17.56427132
8239463624084473,2017-03-20,Monthly,18.01825909
8239463624084473,2017-04-20,Monthly,18.53948595
8239463624084473,2017-05-20,Monthly,18.73855992
8239463624084473,2017-06-20,Monthly,19.34090322
8239463624084473,2017-07-20,Monthly,19.62852793
8239463624084473,2017-08-20,Monthly,19.38451777
8239463624084473,2017-09-20,Monthly,19.1652886
8239463624084473,2017-10-20,Monthly,19.53601223
8239463624084473,2017-11-20,Monthly,19.67792471
8239463624084473,2017-12-20,Monthly,19.91641575
8239463624084473,2018-01-20,Monthly,19.91641684
8239463624084473,2018-03-20,Monthly,19.93449058
8239463624084473,2018-04-20,Monthly,19.3228957
7816769988480753,2017-08-27,Yearly,119.99
4722016074226994,2017-08-19,Yearly,119.99
9095851951097609,2020-04-06,Yearly,176.8245125
9095851951097609,2017-09-18,Yearly,120.6437192
9095851951097609,2018-09-18,Yearly,120.6437192
2934403942106295,2017-12-06,Monthly,20.25114543
2934403942106295,2018-01-06,Monthly,20.25114654
2934403942106295,2018-03-06,Monthly,20.26952403
2934403942106295,2019-08-25,Yearly,164.2885194
2934403942106295,2020-08-25,Yearly,175.9409813
1618104846331495,2017-02-12,Yearly,104.3391304
1.55993E+15,2017-12-11,Monthly,19.99
1.55993E+15,2018-01-11,Monthly,19.99
6442480044258137,2018-04-16,Monthly,19.31543886
6442480044258137,2018-05-16,Monthly,19.18018686
6442480044258137,2018-06-16,Monthly,19.24905143
6442480044258137,2018-07-16,Monthly,19.12965314
6442480044258137,2018-08-16,Monthly,19.075156
6442480044258137,2018-09-16,Monthly,18.73677829
6442480044258137,2018-10-16,Monthly,18.66890457
6442480044258137,2018-11-16,Monthly,18.86757143
6442480044258137,2018-12-16,Monthly,18.80448686
6442480044258137,2019-01-16,Monthly,18.67088629
6442480044258137,2019-02-16,Monthly,18.45454914
6442480044258137,2017-12-09,Monthly,19.90954031
6442480044258137,2018-01-09,Monthly,19.9095414
6442480044258137,2018-02-09,Monthly,20.30414994
6442480044258137,2018-03-09,Monthly,19.9276089
4497462026389246,2017-11-07,Yearly,104.3391304
9282697959637045,2017-01-29,Yearly,132
6796610598885074,2017-08-15,Yearly,119.9982384
2334388306231083,2017-11-24,Yearly,58.09324301
2334388306231083,2019-11-24,Yearly,107.7471179
3310394444437465,2017-08-20,Yearly,114.4636313
3310394444437465,2020-07-27,Yearly Monthly Billing,14.37051225
3310394444437465,2020-08-27,Yearly Monthly Billing,13.92473875
3310394444437465,2020-09-27,Yearly Monthly Billing,14.09902125
3310394444437465,2020-10-27,Yearly Monthly Billing,14.41792575
3310394444437465,2020-11-27,Yearly Monthly Billing,14.489046
3310394444437465,2020-12-27,Yearly Monthly Billing,14.78749125
3310394444437465,2021-01-27,Yearly Monthly Billing,15.0932975
3310394444437465,2021-02-27,Yearly Monthly Billing,14.58206707
3310394444437465,2021-03-27,Yearly Monthly Billing,14.65789488
3310394444437465,2021-04-27,Yearly Monthly Billing,14.94135146
3310394444437465,2021-05-27,Yearly Monthly Billing,14.66190805
2135974077889605,2017-03-22,Yearly,119.9988592
7749526958740449,2017-08-16,Yearly,119.9979381
7749526958740449,2018-08-16,Yearly,119.9979381
7749526958740449,2019-08-16,Yearly,119.9979381
7749526958740449,2020-08-16,Yearly,119.9979381
7749526958740449,2021-08-16,Yearly,119.9979381
4433663810193796,2017-11-12,Yearly,109.5666624
4168525607851566,2017-03-20,Weekly,5.367619714
4168525607851566,2017-03-27,Weekly,5.367619714
4168525607851566,2017-04-03,Weekly,5.352945
4168525607851566,2017-04-10,Weekly,5.352945
4168525607851566,2017-04-17,Weekly,5.352945
4168525607851566,2017-04-24,Weekly,5.352945
4168525607851566,2017-05-01,Weekly,5.352945
4168525607851566,2017-05-08,Weekly,5.380299
4168525607851566,2017-05-15,Weekly,5.380299
4168525607851566,2017-05-22,Weekly,5.380299
4168525607851566,2017-05-29,Weekly,5.380299
4168525607851566,2017-06-05,Weekly,5.441575286
4168525607851566,2017-06-12,Weekly,5.441575286
4168525607851566,2017-06-19,Weekly,5.441575286
4168525607851566,2017-06-26,Weekly,5.441575286
4168525607851566,2017-07-03,Weekly,5.368409571
4168525607851566,2017-07-10,Weekly,5.368409571
4168525607851566,2017-07-17,Weekly,5.368409571
4168525607851566,2017-07-24,Weekly,5.368409571
4168525607851566,2017-07-31,Weekly,5.368409571
4168525607851566,2017-08-07,Weekly,5.517858857
4168525607851566,2017-08-14,Weekly,5.517858857
4168525607851566,2017-08-21,Weekly,5.517858857
4168525607851566,2017-08-28,Weekly,5.517858857
4168525607851566,2018-12-15,Weekly,5.449614
4168525607851566,2018-12-22,Weekly,5.449614
4168525607851566,2018-12-29,Weekly,5.449614
4168525607851566,2019-01-05,Weekly,5.470295647
4168525607851566,2019-01-12,Weekly,5.470295647
4168525607851566,2019-01-19,Weekly,5.470295647
4168525607851566,2019-01-26,Weekly,5.470295647
4168525607851566,2019-02-02,Weekly,5.436781412
4168525607851566,2019-02-09,Weekly,5.436781412
4168525607851566,2019-02-16,Weekly,5.436781412
4168525607851566,2019-02-23,Weekly,5.436781412
4168525607851566,2019-03-02,Weekly,5.358373882
4168525607851566,2019-03-09,Weekly,5.358373882
4168525607851566,2019-03-16,Weekly,5.358373882
4168525607851566,2019-03-23,Weekly,5.358373882
4168525607851566,2019-03-30,Weekly,5.358373882
4168525607851566,2019-04-06,Weekly,5.238893765
4168525607851566,2019-04-13,Weekly,5.238893765
4168525607851566,2019-04-20,Weekly,5.238893765
4168525607851566,2019-04-27,Weekly,5.238893765
4168525607851566,2019-05-04,Weekly,5.238063176
4168525607851566,2019-05-11,Weekly,5.238063176
4168525607851566,2019-05-18,Weekly,5.238063176
4168525607851566,2019-05-25,Weekly,5.238063176
4168525607851566,2019-06-01,Weekly,5.238063176
4168525607851566,2019-06-08,Weekly,5.165552824
4168525607851566,2019-06-15,Weekly,5.165552824
4168525607851566,2019-06-22,Weekly,5.165552824
4168525607851566,2019-06-29,Weekly,5.165552824
4168525607851566,2019-07-06,Weekly,5.004211059
4168525607851566,2019-07-13,Weekly,5.004211059
4168525607851566,2019-07-20,Weekly,5.004211059
4168525607851566,2019-07-27,Weekly,5.004211059
4168525607851566,2019-08-03,Weekly,5.102718824
4168525607851566,2019-08-10,Weekly,5.102718824
4168525607851566,2019-08-17,Weekly,5.102718824
4168525607851566,2019-08-24,Weekly,5.102718824
4168525607851566,2019-08-31,Weekly,5.102718824
4168525607851566,2019-09-07,Weekly,5.316304588
4168525607851566,2019-09-14,Weekly,5.316304588
4168525607851566,2019-09-21,Weekly,5.316304588
4168525607851566,2017-09-08,Weekly,5.466850714
4168525607851566,2017-09-15,Weekly,5.466850714
4168525607851566,2017-09-22,Weekly,5.466850714
4168525607851566,2017-09-29,Weekly,5.466850714
4168525607851566,2017-10-06,Weekly,5.604078
4168525607851566,2017-10-13,Weekly,5.604078
4168525607851566,2017-10-20,Weekly,5.604078
4168525607851566,2017-10-27,Weekly,5.604078
4168525607851566,2017-11-03,Weekly,5.572359
4168525607851566,2017-11-10,Weekly,5.572359
4168525607851566,2017-11-17,Weekly,5.572359
4168525607851566,2017-11-24,Weekly,5.572359
4168525607851566,2017-12-01,Weekly,5.652899531
4168525607851566,2017-12-08,Weekly,5.652899531
4168525607851566,2017-12-15,Weekly,5.652899531
4168525607851566,2017-12-22,Weekly,5.652899531
4168525607851566,2017-12-29,Weekly,5.652899531
4168525607851566,2018-01-05,Weekly,5.652899631
4168525607851566,2018-01-12,Weekly,5.652899631
4168525607851566,2018-01-19,Weekly,5.652899631
4168525607851566,2018-01-26,Weekly,5.652899631
4168525607851566,2018-02-02,Weekly,5.829852429
4168525607851566,2018-02-09,Weekly,5.829852429
4168525607851566,2018-02-16,Weekly,5.829852429
4168525607851566,2018-02-23,Weekly,5.829852429
4168525607851566,2018-03-02,Weekly,5.697738429
4168525607851566,2018-03-09,Weekly,5.697738429
4168525607851566,2018-03-16,Weekly,5.697738429
4168525607851566,2018-03-23,Weekly,5.697738429
4168525607851566,2018-03-30,Weekly,5.697738429
4168525607851566,2018-04-06,Weekly,5.549120571
4168525607851566,2018-04-13,Weekly,5.549120571
4168525607851566,2018-04-20,Weekly,5.549120571
4168525607851566,2018-04-27,Weekly,5.549120571
4168525607851566,2018-05-04,Weekly,5.458287
4168525607851566,2018-05-11,Weekly,5.458287
4168525607851566,2018-05-18,Weekly,5.458287
4168525607851566,2018-05-25,Weekly,5.458287
4168525607851566,2018-06-01,Weekly,5.442614571
4168525607851566,2018-06-08,Weekly,5.442614571
4168525607851566,2018-06-15,Weekly,5.442614571
4168525607851566,2018-06-22,Weekly,5.442614571
4168525607851566,2018-06-29,Weekly,5.442614571
4168525607851566,2018-07-06,Weekly,5.344838571
4168525607851566,2018-07-13,Weekly,5.344838571
4168525607851566,2018-07-20,Weekly,5.344838571
4168525607851566,2018-07-27,Weekly,5.344838571
4168525607851566,2018-08-03,Weekly,5.414553857
4168525607851566,2018-08-10,Weekly,5.414553857
4168525607851566,2018-08-17,Weekly,5.414553857
4168525607851566,2018-08-24,Weekly,5.414553857
4168525607851566,2018-08-31,Weekly,5.414553857
4168525607851566,2018-09-07,Weekly,5.328043714
4168525607851566,2018-09-14,Weekly,5.328043714
4168525607851566,2018-09-21,Weekly,5.328043714
4168525607851566,2018-09-28,Weekly,5.328043714
4168525607851566,2018-10-05,Weekly,5.276910857
4168525607851566,2018-10-12,Weekly,5.276910857
4168525607851566,2018-10-19,Weekly,5.276910857
4168525607851566,2018-10-26,Weekly,5.276910857
4168525607851566,2018-11-02,Weekly,5.268430286
4168525607851566,2018-11-09,Weekly,5.268430286
4168525607851566,2018-11-16,Weekly,5.268430286
4168525607851566,2018-11-23,Weekly,5.268430286
4168525607851566,2018-11-30,Weekly,5.268430286
4168525607851566,2018-12-07,Weekly,5.455127571
8656871979676672,2017-02-18,Yearly,119.998126
4935266330852228,2017-11-17,Yearly,119.9987268
7984281716289765,2017-04-01,Monthly,19.99
7984281716289765,2017-05-01,Monthly,19.99
7984281716289765,2020-09-01,Monthly,14.99
7984281716289765,2021-11-27,Yearly,39
2294064294597624,2017-11-22,Yearly,119.99
2107248782209898,2017-05-12,Weekly,5
2107248782209898,2017-05-19,Weekly,5
2107248782209898,2017-05-26,Weekly,5
2107248782209898,2017-06-02,Weekly,5
2107248782209898,2017-06-09,Weekly,5
2107248782209898,2017-06-16,Weekly,5
2107248782209898,2017-06-23,Weekly,5
2107248782209898,2017-06-30,Weekly,5
2107248782209898,2017-07-07,Weekly,5
2107248782209898,2017-07-14,Weekly,5
2107248782209898,2017-07-21,Weekly,5
2107248782209898,2017-07-28,Weekly,5
2107248782209898,2017-08-04,Weekly,5
2107248782209898,2017-08-11,Weekly,5
2107248782209898,2017-08-18,Weekly,5
2107248782209898,2017-08-25,Weekly,5
2107248782209898,2017-09-01,Weekly,5
2107248782209898,2017-09-08,Weekly,5
2107248782209898,2017-09-15,Weekly,5
2107248782209898,2017-09-22,Weekly,5
2107248782209898,2017-09-29,Weekly,5
2107248782209898,2017-10-06,Weekly,5
366430665396383,2017-03-03,Yearly,109.92463
3953690578431004,2017-05-14,Yearly,119.99
3453910995173157,2018-08-19,Yearly,119.9965586
3453910995173157,2017-05-15,Yearly,119.9980283
3453910995173157,2018-05-15,Yearly,119.9980283
3788435365638902,2017-11-19,Yearly,178.6494841
3788435365638902,2017-12-02,Yearly,180.8146668
3788435365638902,2018-12-02,Yearly,170.7857331
6715776150513013,2017-05-02,Yearly,179.99
7340501071191023,2017-09-26,Monthly,18.23176
7340501071191023,2017-10-26,Monthly,18.66801
7798471890796379,2017-01-07,Yearly,119.9975659
6732194380687678,2017-02-18,Yearly,119.998126
4325465668326454,2017-11-17,Yearly,119.9987268
9392397934786758,2017-03-06,Yearly,119.9975724
3059484020740889,2017-09-09,Yearly,124.4307692
635209029421251,2017-07-13,Yearly,128.4814961
3136288146655719,2017-05-12,Yearly,119.9982399
3136288146655719,2018-05-12,Yearly,119.9982399
3136288146655719,2019-05-12,Yearly,119.9982399
4077286064362801,2017-01-28,Monthly,17.96
4077286064362801,2017-02-28,Monthly,17.96
7284145181614724,2017-08-30,Yearly,119.9985459
342959035454782,2017-11-23,Yearly,60
3756231298910043,2017-07-04,Yearly,119.9990045
3756231298910043,2018-07-04,Yearly,119.9990045
2887157396930853,2017-11-30,Yearly,119.9989666
6957446220693286,2017-01-23,Yearly,102.3064516
1332870159197499,2017-08-01,Yearly,119.9984137
3370457135678125,2017-10-24,Yearly,119.9980631
7.55548E+15,2017-02-12,Yearly,120.351367
8683166202118322,2017-03-18,Yearly,119.9991365
8383025044382381,2017-02-08,Yearly,119.9986453
8383025044382381,2018-02-08,Yearly,119.9986453
4438258251659144,2017-10-09,Yearly,114.4278829
4438258251659144,2020-02-07,Yearly Monthly Billing,13.33904492
4438258251659144,2020-03-07,Yearly Monthly Billing,13.09316056
4438258251659144,2020-04-02,Yearly Monthly Billing,13.39042194
4438258251659144,2020-05-02,Yearly Monthly Billing,13.60149081
4438258251659144,2020-06-02,Yearly Monthly Billing,14.13859218
4438258251659144,2020-07-02,Yearly Monthly Billing,14.34808952
4438258251659144,2020-08-02,Yearly Monthly Billing,14.06194976
4438258251659144,2020-09-07,Yearly Monthly Billing,14.25440202
4438258251659144,2020-10-06,Yearly Monthly Billing,14.44987645
4438258251659144,2020-11-02,Yearly Monthly Billing,14.69842032
4438258251659144,2020-12-02,Yearly Monthly Billing,14.65985734
4438258251659144,2021-01-02,Yearly Monthly Billing,14.51177065
4438258251659144,2021-02-02,Yearly Monthly Billing,14.19528823
4438258251659144,2021-03-03,Yearly Monthly Billing,14.57620347
4438258251659144,2021-04-02,Yearly Monthly Billing,14.67823218
4438258251659144,2021-05-02,Yearly Monthly Billing,14.38556452
4438258251659144,2021-06-02,Yearly Monthly Billing,14.21608081
4438258251659144,2021-07-02,Yearly Monthly Billing,14.173045
4438258251659144,2021-08-02,Yearly Monthly Billing,14.11646984
4438258251659144,2021-09-02,Yearly Monthly Billing,14.01444113
4438258251659144,2021-10-02,Yearly Monthly Billing,13.60983202
4438258251659144,2021-11-02,Yearly Monthly Billing,13.63981202
4438258251659144,2021-12-02,Yearly Monthly Billing,13.63570185
3374613927178337,2017-06-07,Yearly,119.9986707
8307904686754274,2017-10-11,Yearly Monthly Billing,9.99
8307904686754274,2017-11-11,Yearly Monthly Billing,9.99
5325598234495957,2017-10-16,Monthly,10.28608
5325598234495957,2017-11-16,Monthly,10.37714286
5325598234495957,2017-12-16,Monthly,10.59442253
5325598234495957,2018-01-16,Monthly,10.59440205
5325598234495957,2018-02-16,Monthly,10.67446857
5325598234495957,2018-03-16,Monthly,10.43602286
5325598234495957,2018-04-16,Monthly,9.911954286
5325598234495957,2018-04-20,Monthly,11.56523729
5325598234495957,2018-05-20,Monthly,11.38047
5325598234495957,2018-06-20,Monthly,11.58443943
328816149156813,2017-06-26,Yearly,119.99
328816149156813,2019-06-26,Yearly,119.99
3981422524150885,2017-04-01,Yearly,179.99
2260506886396443,2017-09-05,Monthly,20.2161
2260506886396443,2017-10-05,Monthly,20.1766
9968720675810138,2017-03-17,Weekly,5.367619714
9968720675810138,2017-03-24,Weekly,5.367619714
9968720675810138,2017-03-31,Weekly,5.367619714
9968720675810138,2017-04-07,Weekly,5.352945
9242719088764241,2022-01-13,3 Months,33.454882
9242719088764241,2022-01-13,3 Months,33.454882
9242719088764241,2017-11-18,Yearly,110.8361449
1274653928812259,2017-06-19,Yearly,119.9987079
6148161577936168,2017-12-02,Yearly,119.9983754
6148161577936168,2018-12-04,Yearly,119.9898039
6148161577936168,2019-12-04,Yearly,119.9898039
7201385414983266,2017-10-16,Yearly Monthly Billing,9.99
7201385414983266,2017-11-16,Yearly Monthly Billing,9.99
7201385414983266,2017-12-16,Yearly Monthly Billing,9.99
7201385414983266,2018-01-16,Yearly Monthly Billing,9.99
7201385414983266,2018-03-16,Yearly Monthly Billing,9.99
7201385414983266,2018-04-16,Yearly Monthly Billing,9.99
7201385414983266,2018-05-16,Yearly Monthly Billing,9.99
7201385414983266,2018-06-16,Yearly Monthly Billing,9.99
7201385414983266,2018-07-16,Yearly Monthly Billing,9.99
7201385414983266,2018-08-16,Yearly Monthly Billing,9.99
7201385414983266,2018-09-16,Yearly Monthly Billing,9.99
7201385414983266,2018-10-16,Yearly Monthly Billing,9.99
7201385414983266,2018-11-16,Yearly Monthly Billing,9.99
7201385414983266,2018-12-16,Yearly Monthly Billing,9.99
7201385414983266,2019-01-16,Yearly Monthly Billing,9.99
7201385414983266,2019-02-16,Yearly Monthly Billing,9.99
7201385414983266,2019-03-16,Yearly Monthly Billing,9.99
7201385414983266,2019-04-16,Yearly Monthly Billing,9.99
7201385414983266,2019-05-16,Yearly Monthly Billing,9.99
7201385414983266,2019-06-16,Yearly Monthly Billing,9.99
7357957340665452,2017-08-11,Monthly,19.99
7357957340665452,2017-09-11,Monthly,19.99
7357957340665452,2017-10-11,Monthly,19.99
7357957340665452,2017-11-11,Monthly,19.99
7357957340665452,2017-12-11,Monthly,19.99
7357957340665452,2018-01-11,Monthly,19.99
7357957340665452,2018-03-11,Monthly,19.99
7357957340665452,2018-04-11,Monthly,19.99
7357957340665452,2018-05-11,Monthly,19.99
7357957340665452,2018-06-11,Monthly,19.99
7357957340665452,2018-07-11,Monthly,19.99
5977625146426209,2017-10-08,Monthly,19.99
5977625146426209,2018-03-18,Monthly,19.99
5977625146426209,2018-04-18,Monthly,19.99
5977625146426209,2018-06-24,Monthly,19.99
5.93297E+15,2017-06-16,Yearly,119.9988313
6.91422E+15,2017-11-08,Monthly,10.25394943
6.91422E+15,2017-12-08,Monthly,10.30904056
9543088848777363,2017-05-20,Weekly,5.23038
9543088848777363,2017-05-27,Weekly,5.23038
9543088848777363,2017-06-03,Weekly,5.37
9543088848777363,2017-06-10,Weekly,5.37
9543088848777363,2017-06-17,Weekly,5.37
9543088848777363,2017-06-24,Weekly,5.37
9543088848777363,2017-07-01,Weekly,5.37
9543088848777363,2017-07-08,Weekly,5.3879
9543088848777363,2017-07-15,Weekly,5.3879
78808238834223,2017-08-16,Yearly,119.99
6452954891950964,2017-10-19,Yearly Monthly Billing,9.844479
6452954891950964,2017-11-19,Yearly Monthly Billing,9.91599075
6452954891950964,2017-12-19,Yearly Monthly Billing,10.03616983
6452954891950964,2018-01-19,Yearly Monthly Billing,10.03617038
6452954891950964,2018-03-19,Yearly Monthly Billing,10.045278
6452954891950964,2018-04-19,Yearly Monthly Billing,9.7370865
6452954891950964,2018-05-19,Yearly Monthly Billing,9.66890475
6452954891950964,2018-06-19,Yearly Monthly Billing,9.70362
6452954891950964,2018-07-19,Yearly Monthly Billing,9.408224634
6452954891950964,2018-08-19,Yearly Monthly Billing,9.61595775
6452954891950964,2018-09-19,Yearly Monthly Billing,9.4453785
6452954891950964,2018-10-19,Yearly Monthly Billing,9.41116275
6452954891950964,2018-11-19,Yearly Monthly Billing,9.5113125
6452954891950964,2018-12-19,Yearly Monthly Billing,9.479511
6452954891950964,2019-01-19,Yearly Monthly Billing,9.41216175
6452954891950964,2019-02-24,Yearly Monthly Billing,9.30310425
6452954891950964,2019-03-23,Yearly Monthly Billing,9.26031375
6452954891950964,2019-04-19,Yearly Monthly Billing,9.28712025
6452954891950964,2019-05-19,Yearly Monthly Billing,9.4237335
6452954891950964,2019-06-19,Yearly Monthly Billing,9.3155085
6452954891950964,2019-07-19,Yearly Monthly Billing,9.110547
6452954891950964,2019-08-19,Yearly Monthly Billing,9.04253175
6452954891950964,2019-09-27,Yearly Monthly Billing,9.21752325
6944496358510637,2017-09-20,Yearly Monthly Billing,14.99
6944496358510637,2017-10-20,Yearly Monthly Billing,14.99
6944496358510637,2017-11-20,Yearly Monthly Billing,14.99
6944496358510637,2017-12-20,Yearly Monthly Billing,14.99
6944496358510637,2018-01-20,Yearly Monthly Billing,14.99
2832583602906218,2017-12-30,Yearly Monthly Billing,9.99
2832583602906218,2018-01-30,Yearly Monthly Billing,9.99
91918153920072,2017-12-17,Yearly,119.9988024
7704391134518028,2017-12-11,Yearly,119.9982143
4708077018303854,2017-08-29,Monthly,19.99
4708077018303854,2017-09-29,Monthly,19.99
4708077018303854,2017-11-04,Monthly,19.99
4708077018303854,2017-11-29,Monthly,19.99
4708077018303854,2017-12-29,Monthly,19.99
3418924709990143,2017-06-05,Yearly,119.9975599
5130570030421168,2017-06-10,Yearly,119.9977001
3525037116954909,2017-08-05,Yearly,119.9989484
8602538889696169,2017-06-16,Yearly,119.99
6295053157004331,2017-07-20,Yearly,119.99
2.23229E+15,2017-07-19,Yearly,119.9983546
4556087945528247,2017-12-25,Yearly,37.1277425
8074371611643073,2017-11-25,Yearly,59.54557408
446363438974906,2017-06-26,Monthly,19.57541
446363438974906,2017-07-26,Monthly,19.41836
446363438974906,2017-08-26,Monthly,19.00305
446363438974906,2017-09-26,Monthly,18.23176
446363438974906,2017-10-26,Monthly,18.66801
446363438974906,2018-02-05,Yearly,68.60291
446363438974906,2019-02-05,Yearly,65.36728
9225925868741741,2017-04-17,Yearly,119.9978066
9225925868741741,2018-04-17,Yearly,119.9978066
9225925868741741,2019-04-17,Yearly,119.9978066
5467456782519791,2017-06-30,Yearly,129.5626439
5467456782519791,2018-06-30,Yearly,120.1722298
7029985929956358,2017-02-08,Yearly,119.99
743278999956724,2017-09-16,Yearly Monthly Billing,14.99
743278999956724,2017-10-16,Yearly Monthly Billing,14.99
743278999956724,2017-11-16,Yearly Monthly Billing,14.99
743278999956724,2017-12-16,Yearly Monthly Billing,14.99
743278999956724,2018-01-16,Yearly Monthly Billing,14.99
743278999956724,2018-03-16,Yearly Monthly Billing,14.99
743278999956724,2018-04-16,Yearly Monthly Billing,14.99
743278999956724,2018-05-16,Yearly Monthly Billing,14.99
743278999956724,2018-06-16,Yearly Monthly Billing,14.99
743278999956724,2018-07-16,Yearly Monthly Billing,14.99
743278999956724,2018-08-16,Yearly Monthly Billing,14.99
14221537339042,2017-07-09,Yearly,119.9990474
956983549788059,2017-09-30,Yearly,120.3157111
1893167475262512,2017-11-19,Yearly,126.5391009
2181412393289471,2018-03-11,Monthly,19.99435939
2181412393289471,2018-04-11,Monthly,19.99435939
2181412393289471,2019-10-04,Yearly,19.99435939
2181412393289471,2017-02-13,Monthly,20.04897555
2181412393289471,2017-03-13,Monthly,20.04897555
2181412393289471,2017-04-13,Monthly,20.04897555
2181412393289471,2017-05-13,Monthly,20.04897555
2181412393289471,2017-06-13,Monthly,20.04897555
2181412393289471,2017-07-13,Monthly,20.04897555
2181412393289471,2017-08-13,Monthly,20.04897555
2181412393289471,2017-09-13,Monthly,20.04897555
2181412393289471,2017-10-13,Monthly,20.04897555
2181412393289471,2017-11-13,Monthly,20.04897555
9.51403E+15,2017-08-05,Yearly,119.999178
9.51403E+15,2018-08-05,Yearly,119.999178
9.51403E+15,2019-08-05,Yearly,119.999178
9.51403E+15,2020-08-05,Yearly,119.999178
9.51403E+15,2021-08-05,Yearly,119.999178
5764925629135932,2017-04-20,Yearly,119.99
5741261128201909,2017-10-29,Yearly,119.9981082
1225138487731089,2017-10-30,Yearly Monthly Billing,9.99
1225138487731089,2017-11-29,Yearly Monthly Billing,9.99
2318483762475974,2017-12-04,Yearly,70.7381643
2318483762475974,2018-12-04,Yearly,67.74258305
6348815950729307,2017-10-12,Yearly,119.9982194
614536778508812,2017-10-16,Yearly,119.9983093
7064848626568213,2017-01-11,Yearly,104.3391304
5491453944779182,2017-12-05,Yearly,90
6895279234158772,2017-11-29,Yearly,57.62474911
6895279234158772,2019-11-29,Yearly,106.8781895
6074465160189411,2017-09-04,Yearly Monthly Billing,9.99
6074465160189411,2017-10-04,Yearly Monthly Billing,9.99
6.76977E+15,2017-03-16,Monthly,17.4416748
6.76977E+15,2017-04-16,Monthly,17.9462224
3909660777387753,2017-02-15,Yearly,119.99
9563585347895344,2017-12-12,Yearly,119.998482
4895815072136689,2017-08-19,Yearly,117.3252221
4895815072136689,2019-08-19,Yearly,108.6099484
4895815072136689,2020-08-19,Yearly,116.3133064
6206996433365543,2017-04-16,Monthly,19.99
6206996433365543,2017-05-16,Monthly,19.99
2.44986E+15,2017-02-03,Yearly,119.9983601
2.44986E+15,2018-02-03,Yearly,119.9983601
2.44986E+15,2019-02-03,Yearly,119.9983601
6855724923401988,2017-09-15,Yearly,124.4312433
6855724923401988,2018-09-15,Yearly,121.9786474
3463640446040442,2017-10-20,Yearly,125.8963551
2.90985E+15,2017-10-12,Yearly Monthly Billing,9.99
2.90985E+15,2017-11-12,Yearly Monthly Billing,9.99
2.90985E+15,2017-12-12,Yearly Monthly Billing,9.99
2.90985E+15,2018-01-12,Yearly Monthly Billing,9.99
902095749696866,2017-06-07,Yearly,118.044952
4266342634478754,2017-08-17,Yearly,175.9927221
785396441911011,2017-05-16,Yearly,119.999155
785396441911011,2018-05-16,Yearly,119.999155
785396441911011,2019-05-16,Yearly,119.999155
785396441911011,2020-05-16,Yearly,119.999155
785396441911011,2021-05-16,Yearly,119.999155
321940825601784,2017-12-04,Yearly,103.6593258
4111485181103549,2017-04-24,Yearly,119.9989216
1025464578535728,2017-11-10,Yearly Monthly Billing,9.99
1025464578535728,2017-12-10,Yearly Monthly Billing,9.99
1025464578535728,2018-01-10,Yearly Monthly Billing,9.99
1025464578535728,2018-03-10,Yearly Monthly Billing,9.99
1025464578535728,2018-04-10,Yearly Monthly Billing,9.99
1025464578535728,2018-04-10,Yearly Monthly Billing,9.99
1025464578535728,2018-04-10,Yearly Monthly Billing,9.99
1025464578535728,2018-04-10,Yearly Monthly Billing,9.99
1025464578535728,2018-05-10,Yearly Monthly Billing,9.99
1025464578535728,2018-06-10,Yearly Monthly Billing,9.99
1025464578535728,2018-07-10,Yearly Monthly Billing,9.99
1025464578535728,2018-08-10,Yearly Monthly Billing,9.99
1025464578535728,2018-09-10,Yearly Monthly Billing,9.99
1025464578535728,2018-10-10,Yearly Monthly Billing,9.99
1025464578535728,2020-11-14,Yearly Monthly Billing,10.74
1025464578535728,2020-12-14,Yearly Monthly Billing,10.74
1025464578535728,2021-01-14,Yearly Monthly Billing,10.74
1025464578535728,2021-02-14,Yearly Monthly Billing,10.74
1025464578535728,2021-03-14,Yearly Monthly Billing,10.74
1025464578535728,2021-04-14,Yearly Monthly Billing,10.74
1025464578535728,2021-05-14,Yearly Monthly Billing,10.74
1025464578535728,2021-06-14,Yearly Monthly Billing,10.74
1025464578535728,2021-07-14,Yearly Monthly Billing,10.74
1025464578535728,2021-08-14,Yearly Monthly Billing,10.74
1025464578535728,2021-09-14,Yearly Monthly Billing,10.74
1025464578535728,2021-10-14,Yearly Monthly Billing,10.74
1241596592909375,2017-11-28,Yearly,114.985696
2.35961E+15,2017-05-26,Weekly,4.762965714
2.35961E+15,2017-06-02,Weekly,4.823834286
2.35961E+15,2017-06-09,Weekly,4.823834286
4666995874155209,2017-09-25,Monthly,20.09437908
4666995874155209,2017-10-25,Monthly,20.09437908
4666995874155209,2017-11-25,Monthly,20.09437908
4666995874155209,2017-12-25,Monthly,20.09437908
4666995874155209,2018-01-25,Monthly,20.09437908
4666995874155209,2018-02-25,Monthly,20.09437908
4666995874155209,2018-03-25,Monthly,20.09437908
4666995874155209,2018-04-25,Monthly,20.09437908
4666995874155209,2018-05-25,Monthly,20.09437908
4666995874155209,2018-06-25,Monthly,20.09437908
4666995874155209,2018-07-25,Monthly,20.09437908
4666995874155209,2018-08-25,Monthly,20.09437908
4666995874155209,2018-09-25,Monthly,20.09437908
4666995874155209,2018-10-25,Monthly,20.09437908
4666995874155209,2018-11-25,Monthly,20.09437908
4666995874155209,2018-12-25,Monthly,20.09437908
4666995874155209,2019-01-25,Monthly,20.09437908
6506016570806113,2017-09-26,Yearly Monthly Billing,9.577850579
6506016570806113,2017-11-07,Yearly Monthly Billing,9.834040413
7638315145571857,2017-03-20,Yearly,119.9989886
1342857677890327,2017-05-01,Yearly,119.9984394
6324660871366387,2017-06-12,Yearly,119.9979936
9038301401873811,2017-12-16,Yearly,119.9988024
9038301401873811,2018-12-16,Yearly,119.9988024
9038301401873811,2019-12-16,Yearly,119.9988024
9038301401873811,2020-12-16,Yearly,119.9988024
9038301401873811,2021-12-16,Yearly,119.9988024
8700525447108611,2017-09-23,Monthly,19.99
8700525447108611,2017-12-11,Yearly Monthly Billing,9.99
8700525447108611,2018-01-11,Yearly Monthly Billing,9.99
8700525447108611,2018-03-11,Yearly Monthly Billing,9.99
8700525447108611,2018-04-11,Yearly Monthly Billing,9.99
8700525447108611,2018-05-11,Yearly Monthly Billing,9.99
8570689451374804,2017-04-02,Yearly,113.1523376
6693778549819816,2017-09-01,Yearly Monthly Billing,9.99
6693778549819816,2017-10-01,Yearly Monthly Billing,9.99
6693778549819816,2017-11-01,Yearly Monthly Billing,9.99
1003301967200801,2017-07-10,Yearly,114.050015
934321142932164,2017-12-18,Yearly Monthly Billing,9.99
934321142932164,2018-01-18,Yearly Monthly Billing,9.99
934321142932164,2018-03-18,Yearly Monthly Billing,9.99
934321142932164,2018-04-18,Yearly Monthly Billing,9.99
934321142932164,2018-05-18,Yearly Monthly Billing,9.99
934321142932164,2018-06-18,Yearly Monthly Billing,9.99
934321142932164,2018-07-18,Yearly Monthly Billing,9.99
934321142932164,2018-08-18,Yearly Monthly Billing,9.99
934321142932164,2018-09-18,Yearly Monthly Billing,9.99
934321142932164,2018-10-18,Yearly Monthly Billing,9.99
934321142932164,2018-11-18,Yearly Monthly Billing,9.99
3821851794505825,2017-11-30,Yearly,114.985696
2279069611129851,2017-10-25,Yearly,125.8966196
4112117950096816,2017-09-17,Yearly,120.6437192
4112117950096816,2018-09-17,Yearly,120.6437192
2935040487265495,2017-07-07,Yearly,128.4813274
5642758775584891,2017-02-23,Yearly,179.9921569
5246020997140864,2017-07-11,Yearly,118.802099
1.08994E+15,2017-04-02,Yearly,119.99
1.08994E+15,2021-12-01,Yearly,179.99
5.90433E+15,2017-10-16,Yearly,113.5124598
9186828031327559,2017-05-02,Yearly,119.9991792
9.15791E+15,2017-04-25,Yearly,119.99
6243133670506449,2017-08-29,Yearly Monthly Billing,9.99
232143820697517,2017-11-20,Yearly,120.1365953
232143820697517,2018-11-20,Yearly,119.147181
5532816573167045,2017-10-22,Yearly,117.2682229
5532816573167045,2018-10-22,Yearly,112.106525
7049554449511826,2017-11-02,Yearly,119.9976841
6.97687E+15,2017-10-12,Monthly,19.99
6.97687E+15,2017-12-12,Monthly,19.99
279729275401653,2017-12-20,Yearly Monthly Billing,9.99
279729275401653,2018-01-20,Yearly Monthly Billing,9.99
2030082892424337,2017-06-21,Yearly,119.9991094
5907733233352855,2017-07-16,Yearly,119.9987097
6527754501777157,2017-11-26,Yearly,59.99
7947828172937877,2017-04-11,Yearly,118.5191504
9227037564505742,2017-11-26,Yearly,59.99
9227037564505742,2019-11-26,Yearly,119.99
7214938046396952,2017-12-13,Yearly Monthly Billing,9.99
7214938046396952,2018-01-13,Yearly Monthly Billing,9.99
7214938046396952,2018-03-13,Yearly Monthly Billing,9.99
7214938046396952,2018-04-13,Yearly Monthly Billing,9.99
7214938046396952,2018-05-13,Yearly Monthly Billing,9.99
7214938046396952,2018-06-13,Yearly Monthly Billing,9.99
7214938046396952,2018-07-13,Yearly Monthly Billing,9.99
7214938046396952,2018-08-13,Yearly Monthly Billing,9.99
7214938046396952,2018-09-13,Yearly Monthly Billing,9.99
7214938046396952,2018-10-13,Yearly Monthly Billing,9.99
7214938046396952,2018-11-13,Yearly Monthly Billing,9.99
5332933228399232,2017-11-10,Yearly,119.9984543
9549008396087973,2017-07-09,Yearly,119.9990474
9549008396087973,2018-07-09,Yearly,119.9990474
3914703483237781,2017-04-27,Yearly,119.9985579
3914703483237781,2018-04-27,Yearly,119.9985579
3914703483237781,2019-04-27,Yearly,119.9985579
3914703483237781,2020-06-02,Yearly,119.9899782
9.93449E+15,2017-05-14,Yearly,119.9977273
6041541850078129,2017-08-25,Yearly,119.99
3011985584537182,2017-09-23,Yearly,76.900761
7840874337883841,2017-11-11,Yearly Monthly Billing,9.99
7840874337883841,2017-12-11,Yearly Monthly Billing,9.99
7840874337883841,2018-01-11,Yearly Monthly Billing,9.99
7840874337883841,2018-03-11,Yearly Monthly Billing,9.99
7840874337883841,2018-04-11,Yearly Monthly Billing,9.99
7840874337883841,2018-05-11,Yearly Monthly Billing,9.99
7840874337883841,2018-06-11,Yearly Monthly Billing,9.99
7840874337883841,2018-07-16,Yearly Monthly Billing,9.99
2029017863143958,2017-11-11,Yearly Monthly Billing,9.99
2029017863143958,2017-12-11,Yearly Monthly Billing,9.99
2029017863143958,2018-01-11,Yearly Monthly Billing,9.99
2029017863143958,2018-03-11,Yearly Monthly Billing,9.99
2029017863143958,2018-04-11,Yearly Monthly Billing,9.99
2029017863143958,2018-05-11,Yearly Monthly Billing,9.99
2029017863143958,2018-06-16,Yearly Monthly Billing,9.99
4802204250670261,2017-06-19,Yearly,163.6272727
8670204754981313,2017-03-03,Yearly,116.9496595
7020862637544332,2017-07-20,Yearly,119.99
6577150117163829,2017-12-21,Yearly Monthly Billing,9.081818182
6577150117163829,2018-01-21,Yearly Monthly Billing,9.081818182
6577150117163829,2018-03-21,Yearly Monthly Billing,9.081818182
6577150117163829,2018-04-21,Yearly Monthly Billing,9.081818182
6577150117163829,2018-05-21,Yearly Monthly Billing,9.081818182
6577150117163829,2018-06-21,Yearly Monthly Billing,9.081818182
6577150117163829,2018-07-21,Yearly Monthly Billing,9.081818182
6577150117163829,2018-08-21,Yearly Monthly Billing,9.081818182
6577150117163829,2018-09-21,Yearly Monthly Billing,9.081818182
6577150117163829,2018-10-21,Yearly Monthly Billing,9.081818182
6577150117163829,2018-11-21,Yearly Monthly Billing,9.081818182
6577150117163829,2018-12-21,Yearly Monthly Billing,9.081818182
6577150117163829,2019-01-21,Yearly Monthly Billing,9.081818182
6577150117163829,2019-02-21,Yearly Monthly Billing,9.081818182
6577150117163829,2019-03-21,Yearly Monthly Billing,9.081818182
6577150117163829,2019-04-21,Yearly Monthly Billing,9.081818182
6577150117163829,2019-05-21,Yearly Monthly Billing,9.081818182
6577150117163829,2019-06-21,Yearly Monthly Billing,9.081818182
6577150117163829,2019-07-21,Yearly Monthly Billing,9.081818182
6577150117163829,2019-08-28,Yearly Monthly Billing,9.081818182
3544265193348614,2017-08-10,Yearly,119.9984163
9475352029217928,2017-03-10,Monthly,18.16711286
4791763037577029,2017-03-20,Yearly,109.0559112
6831069222594224,2017-04-01,Monthly,26.06962757
6831069222594224,2017-05-01,Monthly,25.18964014
6831069222594224,2017-06-01,Monthly,25.28963871
6831069222594224,2017-07-01,Monthly,25.58963443
6831069222594224,2017-08-01,Monthly,24.382985
6831069222594224,2017-09-01,Monthly,23.55633014
9721945829219327,2017-07-30,Yearly,128.4818673
82377389795178,2017-12-21,Yearly,179.9941176
359658934905320,2017-11-01,Yearly Monthly Billing,9.99
359658934905320,2017-12-01,Yearly Monthly Billing,9.99
359658934905320,2018-01-01,Yearly Monthly Billing,9.99
359658934905320,2018-03-01,Yearly Monthly Billing,9.99
359658934905320,2018-04-01,Yearly Monthly Billing,9.99
359658934905320,2018-05-01,Yearly Monthly Billing,9.99
359658934905320,2018-06-01,Yearly Monthly Billing,9.99
359658934905320,2018-07-01,Yearly Monthly Billing,9.99
359658934905320,2018-08-01,Yearly Monthly Billing,9.99
359658934905320,2018-09-01,Yearly Monthly Billing,9.99
359658934905320,2018-10-01,Yearly Monthly Billing,9.99
393949014752558,2017-12-21,Yearly Monthly Billing,10.03616983
393949014752558,2018-01-21,Yearly Monthly Billing,10.03617038
393949014752558,2018-03-21,Yearly Monthly Billing,10.045278
393949014752558,2018-04-21,Yearly Monthly Billing,9.7370865
393949014752558,2018-05-21,Yearly Monthly Billing,9.66890475
393949014752558,2018-06-21,Yearly Monthly Billing,9.70362
393949014752558,2018-07-21,Yearly Monthly Billing,9.64343025
393949014752558,2018-08-21,Yearly Monthly Billing,9.61595775
393949014752558,2018-09-21,Yearly Monthly Billing,9.4453785
393949014752558,2018-10-21,Yearly Monthly Billing,9.41116275
393949014752558,2018-11-30,Yearly Monthly Billing,9.5113125
393949014752558,2018-12-30,Yearly Monthly Billing,9.479511
393949014752558,2019-01-21,Yearly Monthly Billing,9.41216175
393949014752558,2019-02-25,Yearly Monthly Billing,13.95931258
393949014752558,2019-03-25,Yearly Monthly Billing,13.89510542
393949014752558,2019-04-25,Yearly Monthly Billing,13.93532858
393949014752558,2019-05-25,Yearly Monthly Billing,14.14031683
393949014752558,2019-06-25,Yearly Monthly Billing,13.97792517
393949014752558,2019-07-25,Yearly Monthly Billing,13.67038033
393949014752558,2019-08-25,Yearly Monthly Billing,13.56832342
393949014752558,2019-09-25,Yearly Monthly Billing,13.83089825
393949014752558,2019-10-25,Yearly Monthly Billing,13.71847325
393949014752558,2019-11-25,Yearly Monthly Billing,13.79704583
5760637650354266,2017-11-16,Yearly,119.9987688
5760637650354266,2019-11-10,Yearly,119.9987688
5760637650354266,2020-02-29,Yearly,179.9882353
5760637650354266,2021-02-28,Yearly,179.9882353
9219486247837601,2017-07-17,Yearly,119.99
9219486247837601,2019-07-26,Yearly,119.99
9160798654211107,2017-04-15,Yearly,119.9987013
3.1928E+15,2017-10-10,Yearly Monthly Billing,9.99
3.1928E+15,2017-11-10,Yearly Monthly Billing,9.99
3.1928E+15,2017-12-10,Yearly Monthly Billing,9.99
3.1928E+15,2018-01-11,Yearly Monthly Billing,9.99
3.1928E+15,2018-03-14,Yearly Monthly Billing,9.99
3.1928E+15,2018-04-22,Yearly Monthly Billing,9.99
3.1928E+15,2018-05-21,Yearly Monthly Billing,9.99
3.1928E+15,2018-06-10,Yearly Monthly Billing,9.99
3.1928E+15,2018-07-10,Yearly Monthly Billing,9.99
3.1928E+15,2018-08-10,Yearly Monthly Billing,9.99
3.1928E+15,2018-09-10,Yearly Monthly Billing,9.99
4.02297E+15,2017-07-10,Yearly,119.9988193
4.02297E+15,2018-07-10,Yearly,119.9988193
4.02297E+15,2019-07-10,Yearly,119.9988193
4.02297E+15,2020-07-10,Yearly,119.9988193
4.02297E+15,2021-07-10,Yearly,119.9988193
4912039772436753,2017-11-14,Yearly Monthly Billing,9.99
5396897583858803,2017-08-27,Yearly,119.9977376
3799055936272883,2017-09-03,Yearly Monthly Billing,9.99
3799055936272883,2017-10-03,Yearly Monthly Billing,9.99
3799055936272883,2017-11-03,Yearly Monthly Billing,9.99
3799055936272883,2017-12-03,Yearly Monthly Billing,9.99
3799055936272883,2018-01-03,Yearly Monthly Billing,9.99
3799055936272883,2018-03-03,Yearly Monthly Billing,9.99
3799055936272883,2018-04-03,Yearly Monthly Billing,9.99
3799055936272883,2018-05-03,Yearly Monthly Billing,9.99
3799055936272883,2018-06-03,Yearly Monthly Billing,9.99
3799055936272883,2018-07-03,Yearly Monthly Billing,9.99
3799055936272883,2018-08-03,Yearly Monthly Billing,9.99
1435467143164667,2017-04-19,Yearly,119.9985146
7089532462469302,2017-02-19,Monthly,17.71064025
7089532462469302,2017-03-19,Monthly,18.16841125
7089532462469302,2017-04-19,Monthly,18.69398167
7089532462469302,2017-05-19,Monthly,18.89471458
7089532462469302,2017-06-19,Monthly,19.50207742
7089532462469302,2017-07-19,Monthly,19.792099
7086096255334977,2017-08-09,Yearly,113.115776
7507464997919746,2017-11-05,Yearly,123.5030126
3313743757824933,2017-05-09,Yearly,119.99
458877091970397,2017-09-26,Yearly,116.9692091
7065087809905765,2017-07-05,Yearly,119.9991053
8306613837998779,2017-08-15,Yearly,116.3555921
8306613837998779,2019-08-15,Yearly,107.7123455
8306613837998779,2020-08-15,Yearly,115.3520394
8306613837998779,2021-08-15,Yearly,115.7992749
7444002722356479,2017-02-19,Weekly,5.192520857
7444002722356479,2017-02-26,Weekly,5.192520857
7444002722356479,2017-03-05,Weekly,5.367619714
7444002722356479,2017-03-12,Weekly,5.367619714
7444002722356479,2017-03-19,Weekly,5.367619714
7444002722356479,2017-03-26,Weekly,5.367619714
7444002722356479,2017-04-02,Weekly,5.352945
7444002722356479,2017-04-09,Weekly,5.352945
7444002722356479,2017-04-16,Weekly,5.352945
7444002722356479,2017-04-23,Weekly,5.352945
6364976900813857,2017-01-28,Yearly,119.99
8032127419989994,2017-11-27,Yearly,89.99
8032127419989994,2020-11-27,Yearly,179.99
8032127419989994,2021-11-27,Yearly,179.99
7916023947567134,2017-04-24,Weekly,5.036955
7916023947567134,2017-05-01,Weekly,5.027351
7916023947567134,2017-05-08,Weekly,5.027351
6619290395616595,2017-04-25,Yearly,118.5191504
646484870601466,2017-08-09,Yearly,119.99
9832989709603728,2017-06-16,Yearly,118.0488872
8049123693731317,2017-07-16,Yearly,49.04462057
8049123693731317,2018-07-16,Yearly,44.23572
8049123693731317,2019-07-16,Yearly,43.77332571
8049123693731317,2020-07-16,Yearly,42.69440571
8049123693731317,2021-07-16,Yearly,42.13953257
9100580494721877,2017-01-27,Monthly,19.99
9100580494721877,2017-02-27,Monthly,19.99
9100580494721877,2017-03-27,Monthly,19.99
6185550171921228,2017-09-28,Yearly,120.7796875
1.47072E+15,2017-12-25,Yearly Monthly Billing,9.99
1.47072E+15,2018-01-25,Yearly Monthly Billing,9.99
1.47072E+15,2018-04-03,Yearly Monthly Billing,9.99
1.47072E+15,2018-05-03,Yearly Monthly Billing,9.99
1.47072E+15,2018-05-25,Yearly Monthly Billing,9.99
1.47072E+15,2018-06-25,Yearly Monthly Billing,9.99
1.47072E+15,2018-07-25,Yearly Monthly Billing,9.99
1.47072E+15,2018-08-25,Yearly Monthly Billing,9.99
1.47072E+15,2018-09-25,Yearly Monthly Billing,9.99
1.47072E+15,2018-10-25,Yearly Monthly Billing,9.99
1.47072E+15,2018-11-25,Yearly Monthly Billing,9.99
3150485663882348,2017-04-07,Yearly,119.99
8095042892595196,2017-01-02,Monthly,21.34073886
8095042892595196,2017-11-21,Yearly,123.5030126
2333785320549503,2019-02-28,Yearly,96.51928
2333785320549503,2020-02-28,Yearly,77.78056
2333785320549503,2017-02-12,Yearly,111.70878
2333785320549503,2018-02-12,Yearly,114.37451
2333785320549503,2018-02-23,Yearly,72.52619
2333785320549503,2019-02-23,Yearly,69.10552
9994474558666624,2017-06-28,Yearly,119.9989672
9994474558666624,2019-02-11,Monthly,30
5076795102213628,2017-01-18,Yearly,119.9945701
2555760441994074,2017-05-05,Monthly,19.99
1975282267079918,2017-10-02,Yearly,179.99
9149546150671021,2017-02-15,Yearly,119.99
9149546150671021,2019-02-15,Yearly,119.99
2169398071122878,2017-11-27,Yearly,57.16375112
8454133983131596,2017-09-02,Yearly,123.1591021
303276860486947,2017-10-03,Yearly Monthly Billing,9.99
303276860486947,2017-11-03,Yearly Monthly Billing,9.99
303276860486947,2017-12-03,Yearly Monthly Billing,9.99
303276860486947,2018-01-03,Yearly Monthly Billing,9.99
303276860486947,2018-03-03,Yearly Monthly Billing,9.99
303276860486947,2018-04-07,Yearly Monthly Billing,9.99
303276860486947,2018-05-07,Yearly Monthly Billing,9.99
303276860486947,2018-06-03,Yearly Monthly Billing,9.99
303276860486947,2018-07-03,Yearly Monthly Billing,9.99
303276860486947,2018-08-03,Yearly Monthly Billing,9.99
303276860486947,2018-09-03,Yearly Monthly Billing,9.99
303276860486947,2020-06-06,Monthly,29.36
303276860486947,2020-07-06,Monthly,29.16
3586498473313456,2017-06-02,Yearly,119.99
7688141948039652,2017-04-24,Yearly,119.9989216
7688141948039652,2018-04-24,Yearly,119.9989216
4.28344E+15,2017-06-28,Yearly,119.9989672
4.28344E+15,2018-06-28,Yearly,119.9989672
4.28344E+15,2019-06-28,Yearly,119.9989672
5154611767535131,2017-07-07,Yearly,119.99
9771391108459762,2017-12-28,Yearly,185.4646297
7920652517689428,2017-11-19,Yearly,126.5391009
6971544113112508,2017-02-06,Yearly,119.9976621
8719657970387825,2017-01-26,Yearly,119.99
2.01666E+15,2017-09-22,Yearly Monthly Billing,9.081818182
2.01666E+15,2017-10-22,Yearly Monthly Billing,9.081818182
2.01666E+15,2017-11-22,Yearly Monthly Billing,9.081818182
2.01666E+15,2017-12-22,Yearly Monthly Billing,9.081818182
2.01666E+15,2018-01-22,Yearly Monthly Billing,9.081818182
2.01666E+15,2018-03-22,Yearly Monthly Billing,9.081818182
2.01666E+15,2018-04-22,Yearly Monthly Billing,9.081818182
2.01666E+15,2018-05-22,Yearly Monthly Billing,9.081818182
2.01666E+15,2018-06-22,Yearly Monthly Billing,9.081818182
2.01666E+15,2018-07-22,Yearly Monthly Billing,9.081818182
2.01666E+15,2018-08-22,Yearly Monthly Billing,9.081818182
2.01666E+15,2018-09-22,Yearly Monthly Billing,9.081818182
2.01666E+15,2018-10-22,Yearly Monthly Billing,9.081818182
2.01666E+15,2018-12-13,Yearly Monthly Billing,9.081818182
2.01666E+15,2019-01-12,Yearly Monthly Billing,9.081818182
2.01666E+15,2019-01-22,Yearly Monthly Billing,9.081818182
2.01666E+15,2019-02-22,Yearly Monthly Billing,9.081818182
2.01666E+15,2019-03-22,Yearly Monthly Billing,9.081818182
2.01666E+15,2019-04-22,Yearly Monthly Billing,9.081818182
2.01666E+15,2019-05-22,Yearly Monthly Billing,9.081818182
2.01666E+15,2019-06-22,Yearly Monthly Billing,9.081818182
2.01666E+15,2019-07-22,Yearly Monthly Billing,9.081818182
2.01666E+15,2019-08-22,Yearly Monthly Billing,9.081818182
2.01666E+15,2019-09-22,Yearly Monthly Billing,9.081818182
2.01666E+15,2019-10-22,Yearly Monthly Billing,9.081818182
2.01666E+15,2019-11-22,Yearly Monthly Billing,9.081818182
2.01666E+15,2019-12-22,Yearly Monthly Billing,9.081818182
2.01666E+15,2020-01-22,Yearly Monthly Billing,9.081818182
2.01666E+15,2020-02-22,Yearly Monthly Billing,9.081818182
2.01666E+15,2020-03-22,Yearly Monthly Billing,9.081818182
2.01666E+15,2020-04-22,Yearly Monthly Billing,9.081818182
2.01666E+15,2020-05-22,Yearly Monthly Billing,9.081818182
2.01666E+15,2020-06-22,Yearly Monthly Billing,9.081818182
2.01666E+15,2020-07-22,Yearly Monthly Billing,9.081818182
2.01666E+15,2020-08-22,Yearly Monthly Billing,9.081818182
2.01666E+15,2020-09-22,Yearly Monthly Billing,9.081818182
2.01666E+15,2020-10-22,Yearly Monthly Billing,9.081818182
2.01666E+15,2020-11-22,Yearly Monthly Billing,9.081818182
2.01666E+15,2020-12-22,Yearly Monthly Billing,9.081818182
2.01666E+15,2021-01-22,Yearly Monthly Billing,9.081818182
2.01666E+15,2021-02-22,Yearly Monthly Billing,9.081818182
2.01666E+15,2021-03-22,Yearly Monthly Billing,9.081818182
806309041365781,2017-12-17,Yearly Monthly Billing,9.99
806309041365781,2018-01-17,Yearly Monthly Billing,9.99
806309041365781,2018-03-17,Yearly Monthly Billing,9.99
806309041365781,2018-04-17,Yearly Monthly Billing,9.99
806309041365781,2018-05-17,Yearly Monthly Billing,9.99
806309041365781,2018-06-17,Yearly Monthly Billing,9.99
806309041365781,2018-07-18,Yearly Monthly Billing,9.99
806309041365781,2018-08-17,Yearly Monthly Billing,9.99
806309041365781,2018-09-17,Yearly Monthly Billing,9.99
806309041365781,2018-10-17,Yearly Monthly Billing,9.99
806309041365781,2018-11-17,Yearly Monthly Billing,9.99
806309041365781,2018-12-17,Yearly Monthly Billing,9.99
806309041365781,2019-01-17,Yearly Monthly Billing,9.99
806309041365781,2019-02-17,Yearly Monthly Billing,9.99
806309041365781,2019-03-17,Yearly Monthly Billing,9.99
806309041365781,2019-04-17,Yearly Monthly Billing,9.99
806309041365781,2019-05-17,Yearly Monthly Billing,9.99
806309041365781,2019-06-27,Yearly Monthly Billing,14.99
806309041365781,2019-07-27,Yearly Monthly Billing,14.99
806309041365781,2019-08-27,Yearly Monthly Billing,14.99
806309041365781,2019-09-27,Yearly Monthly Billing,14.99
806309041365781,2019-10-27,Yearly Monthly Billing,14.99
806309041365781,2019-11-27,Yearly Monthly Billing,14.99
806309041365781,2021-07-23,Yearly,179.99
9114657650004937,2017-10-25,Yearly Monthly Billing,14.99
9114657650004937,2017-11-24,Yearly Monthly Billing,14.99
9114657650004937,2017-12-24,Yearly Monthly Billing,14.99
9114657650004937,2018-01-24,Yearly Monthly Billing,14.99
9114657650004937,2018-03-24,Yearly Monthly Billing,14.99
9114657650004937,2018-04-25,Yearly Monthly Billing,14.99
9114657650004937,2018-05-25,Yearly Monthly Billing,14.99
9114657650004937,2018-06-25,Yearly Monthly Billing,14.99
9114657650004937,2018-07-25,Yearly Monthly Billing,14.99
9114657650004937,2018-08-25,Yearly Monthly Billing,14.99
9114657650004937,2018-09-25,Yearly Monthly Billing,14.99
9114657650004937,2018-10-25,Yearly Monthly Billing,14.99
9114657650004937,2018-11-24,Yearly Monthly Billing,14.99
9114657650004937,2018-12-24,Yearly Monthly Billing,14.99
9114657650004937,2019-01-24,Yearly Monthly Billing,14.99
9114657650004937,2019-02-24,Yearly Monthly Billing,14.99
9114657650004937,2019-03-24,Yearly Monthly Billing,14.99
9114657650004937,2019-04-25,Yearly Monthly Billing,14.99
9114657650004937,2019-05-25,Yearly Monthly Billing,14.99
9114657650004937,2019-06-25,Yearly Monthly Billing,14.99
9114657650004937,2019-07-25,Yearly Monthly Billing,14.99
9114657650004937,2019-08-25,Yearly Monthly Billing,14.99
9114657650004937,2019-09-25,Yearly Monthly Billing,14.99
9114657650004937,2019-10-25,Yearly Monthly Billing,14.99
9114657650004937,2019-11-24,Yearly Monthly Billing,14.99
9114657650004937,2019-12-24,Yearly Monthly Billing,14.99
9114657650004937,2020-01-24,Yearly Monthly Billing,14.99
9114657650004937,2020-03-24,Yearly Monthly Billing,14.99
9114657650004937,2020-04-25,Yearly Monthly Billing,14.99
9114657650004937,2020-05-25,Yearly Monthly Billing,14.99
9114657650004937,2020-06-25,Yearly Monthly Billing,14.99
9114657650004937,2020-07-25,Yearly Monthly Billing,14.99
9114657650004937,2020-08-25,Yearly Monthly Billing,14.99
9114657650004937,2020-09-25,Yearly Monthly Billing,14.99
9114657650004937,2020-10-25,Yearly Monthly Billing,14.99
9114657650004937,2020-11-24,Yearly Monthly Billing,14.99
9114657650004937,2020-12-24,Yearly Monthly Billing,14.99
9114657650004937,2021-01-24,Yearly Monthly Billing,14.99
9114657650004937,2021-02-24,Yearly Monthly Billing,14.99
9114657650004937,2021-03-24,Yearly Monthly Billing,14.99
9114657650004937,2021-04-25,Yearly Monthly Billing,14.99
9114657650004937,2021-05-25,Yearly Monthly Billing,14.99
9114657650004937,2021-06-25,Yearly Monthly Billing,14.99
9114657650004937,2021-07-25,Yearly Monthly Billing,14.99
9114657650004937,2021-08-25,Yearly Monthly Billing,14.99
9114657650004937,2021-09-25,Yearly Monthly Billing,14.99
9114657650004937,2021-10-25,Yearly Monthly Billing,14.99
9114657650004937,2021-11-24,Yearly Monthly Billing,14.99
9114657650004937,2022-01-24,Yearly Monthly Billing,13.99
435345341802692,2017-09-29,Yearly Monthly Billing,9.657666
435345341802692,2017-10-29,Yearly Monthly Billing,9.844479
8041556648978985,2017-08-20,Yearly,119.99
7639534340663854,2017-08-30,Yearly,116.3627957
610376684016932,2017-03-04,Yearly,119.998226
518328762547091,2017-05-29,Yearly,119.99
3157142777315965,2017-08-30,Yearly,119.9985459
5910160427114456,2017-05-29,Yearly,122.9123267
5910160427114456,2018-05-29,Yearly,121.1140857
5873525941950082,2017-07-17,Yearly,119.99
3194799684596668,2018-07-19,Yearly,119.9970588
3194799684596668,2019-07-19,Yearly,119.9970588
3194799684596668,2017-07-13,Yearly,119.9988862
9.86831E+15,2017-11-06,Yearly,116.6787316
8765418563542682,2017-11-14,Yearly Monthly Billing,9.99
8765418563542682,2017-12-14,Yearly Monthly Billing,9.99
8765418563542682,2018-01-14,Yearly Monthly Billing,9.99
8765418563542682,2018-03-14,Yearly Monthly Billing,9.99
8765418563542682,2018-04-14,Yearly Monthly Billing,9.99
8765418563542682,2018-05-14,Yearly Monthly Billing,9.99
8765418563542682,2018-06-14,Yearly Monthly Billing,9.99
8765418563542682,2018-07-14,Yearly Monthly Billing,9.99
8765418563542682,2018-08-14,Yearly Monthly Billing,9.99
8765418563542682,2018-09-14,Yearly Monthly Billing,9.99
8765418563542682,2018-10-14,Yearly Monthly Billing,9.99
8765418563542682,2018-11-14,Yearly Monthly Billing,9.99
8765418563542682,2018-12-21,Yearly Monthly Billing,9.99
8765418563542682,2019-01-21,Yearly Monthly Billing,9.99
8765418563542682,2019-02-14,Yearly Monthly Billing,9.99
8765418563542682,2019-03-14,Yearly Monthly Billing,9.99
8765418563542682,2019-04-14,Yearly Monthly Billing,9.99
1097521356502983,2017-11-18,Yearly,197.7237009
9.42924E+15,2017-02-01,Yearly,105.4295606
9168986906547592,2017-01-05,Monthly,20.04624961
9168986906547592,2017-02-05,Monthly,20.04624961
4980019212266504,2017-04-17,Monthly,18.54565
4980019212266504,2017-05-17,Monthly,18.96227143
3676836141652311,2017-02-13,Yearly,119.9978992
9324987935879007,2017-06-18,Yearly,106.3452877
9324987935879007,2018-06-18,Yearly,106.3655986
2518167261411622,2017-05-31,Yearly,122.9135159
5.11586E+15,2017-12-31,Yearly Monthly Billing,9.99
5.11586E+15,2018-02-28,Yearly Monthly Billing,9.99
5.11586E+15,2018-03-29,Yearly Monthly Billing,9.99
5.11586E+15,2018-04-28,Yearly Monthly Billing,9.99
5.11586E+15,2018-05-28,Yearly Monthly Billing,9.99
5.11586E+15,2018-06-28,Yearly Monthly Billing,9.99
5.11586E+15,2018-07-28,Yearly Monthly Billing,9.99
5.11586E+15,2018-08-28,Yearly Monthly Billing,9.99
5.11586E+15,2018-09-28,Yearly Monthly Billing,9.99
5.28562E+15,2017-09-10,Yearly,120.366263
2731423622298566,2017-02-15,Yearly,119.99
1765370016604091,2017-03-21,Yearly,119.9989886
9.27319E+15,2017-11-11,Yearly Monthly Billing,9.99
9.27319E+15,2017-12-11,Yearly Monthly Billing,9.99
9.27319E+15,2018-01-11,Yearly Monthly Billing,9.99
9.27319E+15,2018-03-11,Yearly Monthly Billing,9.99
9.27319E+15,2018-04-11,Yearly Monthly Billing,9.99
7805615891590973,2017-11-17,Yearly,61.35234939
2732954767666916,2017-10-30,Yearly Monthly Billing,9.99
2732954767666916,2017-11-30,Yearly Monthly Billing,9.99
2732954767666916,2017-12-30,Yearly Monthly Billing,9.99
2732954767666916,2018-01-30,Yearly Monthly Billing,9.99
7.54697E+15,2017-12-31,Yearly,119.9983722
8506472055774267,2017-10-14,Monthly,18.91085984
8506472055774267,2021-11-26,Yearly,162.4676135
7413450375551338,2017-03-01,Yearly,119.99
4.13824E+15,2017-10-19,Yearly,173.0420933
4.13824E+15,2020-10-19,Yearly,174.91516
4.13824E+15,2021-10-19,Yearly,164.7464567
9302457125609843,2017-07-08,Yearly,119.9992024
5311130423019554,2017-12-04,Yearly,60
1493784928340971,2017-08-21,Monthly,17.75847857
1493784928340971,2017-09-20,Yearly,119.61
910983291684675,2020-04-15,Monthly,27.5
910983291684675,2020-05-15,Monthly,27.5
910983291684675,2020-06-15,Monthly,27.5
910983291684675,2020-07-15,Monthly,27.5
910983291684675,2020-08-15,Monthly,27.5
910983291684675,2020-09-16,Monthly,27.5
910983291684675,2020-10-16,Monthly,27.5
910983291684675,2020-11-16,Monthly,27.5
910983291684675,2020-12-16,Monthly,27.5
910983291684675,2021-01-16,Monthly,27.5
910983291684675,2021-02-16,Monthly,27.5
910983291684675,2017-11-12,Monthly,20
910983291684675,2017-11-27,Yearly,110.26
7.51324E+15,2017-11-11,Yearly,119.9986994
7.51324E+15,2018-11-11,Yearly,119.9986994
8099028114751397,2017-11-25,Yearly,89.99
6492119813432799,2017-12-04,Yearly Monthly Billing,9.99
2067297101976606,2017-11-27,Yearly,89.99
5359168738910317,2017-12-03,Yearly,38.24532452
5359168738910317,2018-12-16,Yearly,28.426944
3057575427214674,2017-10-02,Yearly,119.9981227
7068628284787466,2017-03-25,Weekly,5.367619714
7068628284787466,2017-04-01,Weekly,5.367619714
7068628284787466,2017-04-08,Weekly,5.352945
7068628284787466,2017-04-15,Weekly,5.352945
7068628284787466,2017-04-22,Weekly,5.352945
7068628284787466,2017-04-29,Weekly,5.352945
7068628284787466,2017-05-06,Weekly,5.380299
7068628284787466,2017-05-13,Weekly,5.380299
7068628284787466,2017-05-20,Weekly,5.380299
7068628284787466,2017-05-27,Weekly,5.380299
7068628284787466,2017-06-03,Weekly,5.441575286
7068628284787466,2017-06-10,Weekly,5.441575286
7068628284787466,2017-06-24,Weekly,5.441575286
7068628284787466,2017-07-01,Weekly,5.368409571
7068628284787466,2017-07-08,Weekly,5.368409571
7068628284787466,2017-07-15,Weekly,5.368409571
7068628284787466,2017-07-22,Weekly,5.368409571
7068628284787466,2017-07-29,Weekly,5.368409571
7068628284787466,2017-08-05,Weekly,5.517858857
7068628284787466,2017-08-12,Weekly,5.517858857
7068628284787466,2017-08-19,Weekly,5.517858857
7068628284787466,2017-08-26,Weekly,5.517858857
7068628284787466,2017-09-02,Weekly,5.466850714
7068628284787466,2017-09-09,Weekly,5.466850714
7068628284787466,2017-09-16,Weekly,5.466850714
7068628284787466,2017-09-23,Weekly,5.466850714
7068628284787466,2017-09-30,Weekly,5.466850714
7068628284787466,2017-10-07,Weekly,5.604078
7068628284787466,2017-10-14,Weekly,5.604078
7068628284787466,2017-10-21,Weekly,5.604078
7068628284787466,2017-10-28,Weekly,5.604078
7068628284787466,2017-11-04,Weekly,5.572359
7068628284787466,2017-11-11,Weekly,5.572359
7068628284787466,2017-11-18,Weekly,5.572359
9043511526144124,2017-03-30,Monthly,19.99
9043511526144124,2017-04-30,Monthly,19.99
9043511526144124,2017-05-30,Monthly,19.99
9043511526144124,2017-06-30,Monthly,19.99
8724801879881406,2017-05-24,Yearly,119.99
9496372144614503,2017-05-11,Yearly,124.9783179
9496372144614503,2018-05-11,Yearly,120.2036815
9496372144614503,2018-06-09,Yearly,118.2172584
9496372144614503,2019-06-09,Yearly,112.5558345
1841333707604528,2017-11-21,Yearly,119.9984069
1841333707604528,2018-11-21,Yearly,119.9984069
871556377497685,2017-01-25,Monthly,17.59344086
3187656094132034,2017-10-18,Yearly,179.9968627
2012076767763989,2017-11-27,Yearly,111.2100458
5428708584789346,2017-11-04,Yearly Monthly Billing,9.99
6608555082299555,2017-06-25,Yearly,119.99
2.52524E+15,2017-05-16,Yearly,119.99
2.52524E+15,2019-11-21,Yearly Monthly Billing,15.59
2.52524E+15,2019-12-21,Yearly Monthly Billing,15.77
2.52524E+15,2020-01-21,Yearly Monthly Billing,15.87
2.52524E+15,2020-02-21,Yearly Monthly Billing,15.66
2.52524E+15,2020-03-21,Yearly Monthly Billing,14.45
2.52524E+15,2020-04-21,Yearly Monthly Billing,14.72
2.52524E+15,2020-05-21,Yearly Monthly Billing,14.88
2.52524E+15,2020-06-21,Yearly Monthly Billing,15.24
2.52524E+15,2020-07-21,Yearly Monthly Billing,15.39
2.52524E+15,2020-08-21,Yearly Monthly Billing,15.72
2.52524E+15,2020-09-21,Yearly Monthly Billing,15.65
2.52524E+15,2020-10-21,Yearly Monthly Billing,15.81
2.52524E+15,2020-11-21,Yearly Monthly Billing,15.84
2.52524E+15,2020-12-21,Yearly Monthly Billing,16.22
2.52524E+15,2021-01-21,Yearly Monthly Billing,16.43
2.52524E+15,2021-02-21,Yearly Monthly Billing,16.44
2.52524E+15,2021-03-21,Yearly Monthly Billing,16.59
2.52524E+15,2021-04-21,Yearly Monthly Billing,16.51
2.52524E+15,2021-05-21,Yearly Monthly Billing,17.19
2.52524E+15,2021-06-21,Yearly Monthly Billing,16.71
8535203292529114,2017-06-23,Yearly,119.9990695
8167763294972832,2017-12-25,Yearly,119.9988971
8912770310221081,2017-07-13,Yearly,119.9988862
8912770310221081,2018-07-13,Yearly,119.9988862
2291264806603957,2017-11-13,Yearly Monthly Billing,9.99
2291264806603957,2017-12-13,Yearly Monthly Billing,9.99
2291264806603957,2018-01-13,Yearly Monthly Billing,9.99
2291264806603957,2018-03-13,Yearly Monthly Billing,9.99
2291264806603957,2018-04-13,Yearly Monthly Billing,9.99
2291264806603957,2018-05-13,Yearly Monthly Billing,9.99
2291264806603957,2018-06-17,Yearly Monthly Billing,9.99
2291264806603957,2018-07-13,Yearly Monthly Billing,9.99
2291264806603957,2018-08-13,Yearly Monthly Billing,9.99
2291264806603957,2018-09-13,Yearly Monthly Billing,9.99
2291264806603957,2018-10-13,Yearly Monthly Billing,9.99
6783560393541653,2017-12-03,Yearly Monthly Billing,9.99
6783560393541653,2018-01-03,Yearly Monthly Billing,9.99
6783560393541653,2018-03-03,Yearly Monthly Billing,9.99
6783560393541653,2018-04-03,Yearly Monthly Billing,9.99
6783560393541653,2018-05-03,Yearly Monthly Billing,9.99
6783560393541653,2018-06-03,Yearly Monthly Billing,9.99
6783560393541653,2018-07-03,Yearly Monthly Billing,9.99
6783560393541653,2018-08-03,Yearly Monthly Billing,9.99
6783560393541653,2018-09-03,Yearly Monthly Billing,9.99
6783560393541653,2018-10-03,Yearly Monthly Billing,9.99
6783560393541653,2018-11-03,Yearly Monthly Billing,9.99
6.26294E+15,2017-07-04,Yearly,93.76527
1238098275493411,2017-11-05,Yearly Monthly Billing,9.99
1238098275493411,2017-12-05,Yearly Monthly Billing,9.99
1238098275493411,2018-01-05,Yearly Monthly Billing,9.99
1238098275493411,2018-03-05,Yearly Monthly Billing,9.99
1238098275493411,2018-04-05,Yearly Monthly Billing,9.99
1238098275493411,2018-05-05,Yearly Monthly Billing,9.99
4466046162575923,2017-05-31,Yearly,119.99
7504210414992083,2017-01-03,Yearly,119.5840962
7504210414992083,2018-01-03,Yearly,119.99
5385678844131711,2017-02-08,Yearly,119.9986453
1.1146E+15,2017-12-17,Yearly,111.2984085
829257206054593,2017-09-24,Yearly Monthly Billing,9.99
829257206054593,2017-10-24,Yearly Monthly Billing,9.99
829257206054593,2017-11-24,Yearly Monthly Billing,9.99
829257206054593,2017-12-24,Yearly Monthly Billing,9.99
829257206054593,2018-01-24,Yearly Monthly Billing,9.99
829257206054593,2018-03-24,Yearly Monthly Billing,9.99
829257206054593,2018-04-24,Yearly Monthly Billing,9.99
829257206054593,2018-05-24,Yearly Monthly Billing,9.99
829257206054593,2018-06-24,Yearly Monthly Billing,9.99
829257206054593,2018-07-24,Yearly Monthly Billing,9.99
829257206054593,2018-08-24,Yearly Monthly Billing,9.99
829257206054593,2018-09-24,Yearly Monthly Billing,9.99
829257206054593,2018-10-24,Yearly Monthly Billing,9.99
829257206054593,2018-11-24,Yearly Monthly Billing,9.99
829257206054593,2018-12-24,Yearly Monthly Billing,9.99
829257206054593,2019-01-24,Yearly Monthly Billing,9.99
829257206054593,2019-02-24,Yearly Monthly Billing,9.99
829257206054593,2019-03-24,Yearly Monthly Billing,9.99
829257206054593,2019-05-03,Yearly Monthly Billing,9.99
829257206054593,2019-06-01,Yearly Monthly Billing,9.99
829257206054593,2019-06-24,Yearly Monthly Billing,9.99
829257206054593,2019-07-24,Yearly Monthly Billing,9.99
829257206054593,2019-08-24,Yearly Monthly Billing,9.99
829257206054593,2019-09-24,Yearly Monthly Billing,9.99
829257206054593,2019-10-24,Yearly Monthly Billing,9.99
829257206054593,2019-11-24,Yearly Monthly Billing,9.99
829257206054593,2020-01-19,Yearly Monthly Billing,9.99
829257206054593,2020-01-24,Yearly Monthly Billing,9.99
829257206054593,2020-02-24,Yearly Monthly Billing,9.99
829257206054593,2020-03-24,Yearly Monthly Billing,9.99
829257206054593,2020-04-24,Yearly Monthly Billing,9.99
829257206054593,2020-05-24,Yearly Monthly Billing,9.99
829257206054593,2020-06-24,Yearly Monthly Billing,9.99
829257206054593,2020-07-24,Yearly Monthly Billing,9.99
829257206054593,2020-08-24,Yearly Monthly Billing,9.99
829257206054593,2020-09-24,Yearly Monthly Billing,9.99
829257206054593,2020-10-24,Yearly Monthly Billing,9.99
3734663802215532,2017-04-28,Yearly,119.9992647
9736694880853418,2017-08-19,Yearly,117.3252221
8385025883255111,2017-06-01,Yearly,107.6658163
2151250429198659,2018-10-13,Yearly,119.9920624
2151250429198659,2019-10-13,Yearly,119.9920624
2151250429198659,2020-10-13,Yearly,119.9920624
2151250429198659,2017-09-26,Yearly,119.9986732
7752196425840183,2017-11-19,Yearly,119.998884
2823086948391921,2017-02-04,Monthly,17.56427132
409741654790987,2017-08-21,Yearly,119.997877
409741654790987,2018-08-21,Yearly,119.997877
8111897582324364,2017-07-10,Yearly,119.9988193
8196288928543664,2017-12-12,Yearly Monthly Billing,9.99
8196288928543664,2018-01-12,Yearly Monthly Billing,14.99
8196288928543664,2018-03-12,Yearly Monthly Billing,14.99
8196288928543664,2018-04-12,Yearly Monthly Billing,14.99
8196288928543664,2018-05-12,Yearly Monthly Billing,14.99
8196288928543664,2018-06-12,Yearly Monthly Billing,14.99
8196288928543664,2018-07-12,Yearly Monthly Billing,14.99
8196288928543664,2018-08-12,Yearly Monthly Billing,14.99
8196288928543664,2018-09-12,Yearly Monthly Billing,14.99
8196288928543664,2018-10-12,Yearly Monthly Billing,14.99
7811858265850719,2017-09-17,Yearly Monthly Billing,9.99
7811858265850719,2017-10-17,Yearly Monthly Billing,9.99
7811858265850719,2017-11-17,Yearly Monthly Billing,9.99
7811858265850719,2017-12-17,Yearly Monthly Billing,9.99
7811858265850719,2018-01-17,Yearly Monthly Billing,9.99
7811858265850719,2018-03-22,Yearly Monthly Billing,9.99
7811858265850719,2018-04-17,Yearly Monthly Billing,9.99
7811858265850719,2018-05-17,Yearly Monthly Billing,9.99
7811858265850719,2018-06-17,Yearly Monthly Billing,9.99
7811858265850719,2018-07-22,Yearly Monthly Billing,9.99
7811858265850719,2018-08-21,Yearly Monthly Billing,9.99
5014981173348828,2017-09-16,Yearly,124.4307692
5014981173348828,2018-09-16,Yearly,121.9781827
357279866494584,2017-11-26,Yearly,125.21096
791974726415832,2017-11-25,Yearly,88.76175
7948357041942824,2017-03-31,Yearly,119.99
7948357041942824,2019-03-31,Yearly,119.99
8514014805932604,2017-07-03,Yearly,119.800436
2725796595423673,2017-10-24,Monthly,18.91085984
2725796595423673,2017-11-24,Monthly,19.04823112
2725796595423673,2017-12-24,Monthly,19.27909045
2725796595423673,2018-01-24,Monthly,19.2790915
3458140255277716,2017-11-25,Yearly,59.97664286
3259398429028775,2017-11-10,Yearly,120.77
3259398429028775,2018-11-10,Yearly,115.72
4644231064034285,2017-05-07,Monthly,18.96227143
24991417001993,2017-12-28,Monthly,19.99
24991417001993,2018-01-28,Monthly,19.99
24991417001993,2018-03-28,Monthly,19.99
24991417001993,2018-04-28,Monthly,19.99
24991417001993,2018-05-28,Monthly,19.99
24991417001993,2018-06-28,Monthly,19.99
24991417001993,2018-08-12,Monthly,29.99
24991417001993,2018-09-12,Monthly,29.99
6693358792337782,2017-09-23,Yearly,120.2862745
1623383546820742,2017-12-03,Yearly Monthly Billing,9.99
9599742643507586,2017-04-18,Yearly,118.5193283
6356534022307484,2017-11-21,Yearly Monthly Billing,9.99
6356534022307484,2017-12-21,Yearly Monthly Billing,8.12195122
6356534022307484,2018-01-21,Yearly Monthly Billing,9.99
6356534022307484,2018-03-21,Yearly Monthly Billing,9.99
6356534022307484,2018-04-21,Yearly Monthly Billing,9.99
6356534022307484,2018-05-21,Yearly Monthly Billing,9.99
6356534022307484,2018-06-21,Yearly Monthly Billing,9.99
6356534022307484,2018-07-21,Yearly Monthly Billing,9.99
6356534022307484,2018-08-21,Yearly Monthly Billing,9.99
6356534022307484,2018-09-21,Yearly Monthly Billing,9.99
6356534022307484,2018-10-21,Yearly Monthly Billing,9.99
641908401042576,2017-01-29,Monthly,17.744328
641908401042576,2017-02-28,Monthly,17.861256
826868413540553,2017-09-03,Yearly,119.9985653
9114606948132838,2017-06-14,Yearly,119.9984775
9114606948132838,2018-04-12,Yearly,179.9970588
1682717385432022,2017-08-07,Yearly,114.1659393
9359020318656405,2017-09-08,Yearly,179.9955882
9359020318656405,2018-09-08,Yearly,179.9955882
9359020318656405,2018-09-14,Yearly,171.9984314
9359020318656405,2019-09-14,Yearly,171.9984314
531697287093824,2017-04-23,Monthly,19.14377143
531697287093824,2017-05-23,Monthly,19.220976
531697287093824,2017-06-23,Monthly,19.026576
531697287093824,2017-07-23,Monthly,19.28614629
531697287093824,2017-08-23,Monthly,19.02324343
531697287093824,2017-09-23,Monthly,18.51872914
531697287093824,2017-10-23,Monthly,18.77033829
531697287093824,2017-11-23,Monthly,18.86105829
9462697208789094,2017-08-14,Yearly,119.99865
9462697208789094,2018-08-14,Yearly,119.99865
8037946163061765,2017-02-06,Monthly,19.99805943
8037946163061765,2017-03-06,Monthly,19.99805943
8037946163061765,2017-04-06,Monthly,19.99805943
8037946163061765,2017-05-06,Monthly,19.99805943
8037946163061765,2017-06-06,Monthly,19.99805943
8037946163061765,2017-07-06,Monthly,19.99805943
8037946163061765,2017-08-06,Monthly,19.99805943
5.11186E+15,2017-12-09,Yearly,119.9987484
5.11186E+15,2018-12-09,Yearly,119.9987484
5.11186E+15,2019-12-09,Yearly,119.9987484
5.11186E+15,2020-12-09,Yearly,119.9987484
934648410347047,2017-12-13,Yearly,75.6432918
9.08253E+15,2017-03-21,Yearly,119.9986265
9.08253E+15,2017-10-21,Yearly,118.4727273
5.43285E+15,2017-03-18,Yearly,109.0818182
5047299478223359,2017-03-20,Monthly,25.01630929
5047299478223359,2017-04-20,Monthly,26.06962757
3197248299453983,2017-06-02,Yearly,119.99
1784924404913292,2017-11-15,Yearly,119.9985503
8722241859341204,2017-11-28,Yearly Monthly Billing,9.99
8722241859341204,2018-01-06,Yearly Monthly Billing,9.99
8722241859341204,2018-01-28,Yearly Monthly Billing,9.99
8722241859341204,2018-03-05,Yearly Monthly Billing,14.99
8722241859341204,2018-04-05,Yearly Monthly Billing,14.99
8722241859341204,2018-05-05,Yearly Monthly Billing,14.99
8722241859341204,2018-06-05,Yearly Monthly Billing,14.99
8722241859341204,2018-07-05,Yearly Monthly Billing,14.99
8722241859341204,2018-08-05,Yearly Monthly Billing,14.99
8722241859341204,2018-09-05,Yearly Monthly Billing,14.99
8722241859341204,2018-10-05,Yearly Monthly Billing,14.99
8722241859341204,2018-11-05,Yearly Monthly Billing,14.99
8916109201574108,2017-12-07,Monthly,20.08238588
8916109201574108,2018-01-07,Monthly,20.08238698
8916109201574108,2018-03-07,Monthly,20.10061133
8916109201574108,2018-04-07,Monthly,19.48391983
8916109201574108,2018-05-07,Monthly,19.34748808
8916109201574108,2018-06-13,Monthly,19.41695333
8916109201574108,2018-07-07,Monthly,19.29651358
8916109201574108,2018-08-07,Monthly,19.24154108
1856724806309018,2017-11-05,Yearly,119.9985511
7332063649417086,2017-10-15,Yearly,119.9988235
4388809748153056,2017-04-24,Yearly,119.9989216
9703884641236763,2017-11-14,Yearly Monthly Billing,9.99
9703884641236763,2017-12-14,Yearly Monthly Billing,9.99
9703884641236763,2018-01-14,Yearly Monthly Billing,9.99
9703884641236763,2018-03-14,Yearly Monthly Billing,9.99
2352831655748315,2017-08-15,Yearly,119.9882353
2352831655748315,2018-08-15,Yearly,119.9882353
9502156220439674,2017-11-25,Yearly,59.99
9502156220439674,2019-11-25,Yearly,119.99
6457621392469202,2017-06-06,Yearly,119.9975599
5.05824E+15,2017-12-28,Yearly,119.9981532
5.05824E+15,2018-12-28,Yearly,119.9981532
5.05824E+15,2019-12-28,Yearly,119.9981532
6334859730877991,2017-06-19,Yearly,119.9987079
2007319072160966,2017-05-04,Yearly,119.99
4461903736120848,2017-02-05,Monthly,19.99826203
4461903736120848,2017-03-05,Monthly,19.99826203
4461903736120848,2017-04-05,Monthly,19.99826203
4461903736120848,2017-05-05,Monthly,19.99826203
4461903736120848,2017-06-05,Monthly,19.99826203
4461903736120848,2017-07-05,Monthly,19.99826203
4461903736120848,2017-08-05,Monthly,19.99826203
4461903736120848,2017-09-05,Monthly,19.99826203
1141433778007051,2017-09-08,Yearly Monthly Billing,9.657666
1141433778007051,2017-10-08,Yearly Monthly Billing,9.844479
1141433778007051,2017-11-08,Yearly Monthly Billing,9.91599075
1141433778007051,2017-12-08,Yearly Monthly Billing,10.03616983
1141433778007051,2018-01-08,Yearly Monthly Billing,10.03617038
1141433778007051,2018-03-08,Yearly Monthly Billing,10.045278
1141433778007051,2018-04-08,Yearly Monthly Billing,9.7370865
1141433778007051,2018-05-08,Yearly Monthly Billing,9.66890475
1141433778007051,2018-06-12,Yearly Monthly Billing,9.70362
1141433778007051,2018-07-08,Yearly Monthly Billing,9.64343025
1141433778007051,2018-08-12,Yearly Monthly Billing,9.61595775
1141433778007051,2018-09-08,Yearly Monthly Billing,9.4453785
1141433778007051,2018-10-08,Yearly Monthly Billing,9.41116275
1141433778007051,2018-11-08,Yearly Monthly Billing,9.5113125
1141433778007051,2018-12-08,Yearly Monthly Billing,9.479511
1141433778007051,2019-01-08,Yearly Monthly Billing,9.41216175
1141433778007051,2019-02-08,Yearly Monthly Billing,9.30310425
5433982939932625,2017-01-29,Monthly,19.99
5433982939932625,2017-03-12,Monthly,19.99
5433982939932625,2017-04-12,Monthly,19.99
5433982939932625,2017-05-12,Monthly,19.99
5433982939932625,2017-06-12,Monthly,19.99
5433982939932625,2017-07-12,Monthly,19.99
5433982939932625,2017-08-12,Monthly,19.99
5433982939932625,2017-09-12,Monthly,19.99
5433982939932625,2017-10-12,Monthly,19.99
5433982939932625,2017-11-12,Monthly,19.99
1486900648417562,2017-09-19,Yearly Monthly Billing,9.99
8927643603890343,2017-11-19,Yearly Monthly Billing,14.99
8927643603890343,2017-12-19,Yearly Monthly Billing,14.99
8927643603890343,2018-01-19,Yearly Monthly Billing,14.99
8927643603890343,2018-03-19,Yearly Monthly Billing,14.99
8927643603890343,2018-04-19,Yearly Monthly Billing,14.99
8927643603890343,2018-05-19,Yearly Monthly Billing,14.99
8927643603890343,2018-06-19,Yearly Monthly Billing,14.99
8927643603890343,2019-11-23,Yearly,179.99
846915716666141,2017-06-10,Monthly,19.99
846915716666141,2017-07-10,Monthly,19.99
846915716666141,2017-08-10,Monthly,19.99
846915716666141,2017-09-10,Monthly,19.99
7134277979003476,2017-10-17,Yearly,119.9974848
6341484473706308,2017-04-11,Yearly,119.9987199
4558208618315137,2017-05-24,Yearly,110.649315
6.86592E+15,2017-08-05,Yearly,119.99
7036234378337431,2017-07-25,Yearly,119.9980901
3711253404119739,2017-12-25,Yearly Monthly Billing,9.99
3711253404119739,2018-01-25,Yearly Monthly Billing,9.99
3711253404119739,2018-03-25,Yearly Monthly Billing,9.99
3711253404119739,2018-04-25,Yearly Monthly Billing,9.99
3711253404119739,2018-05-25,Yearly Monthly Billing,9.99
3711253404119739,2018-06-25,Yearly Monthly Billing,9.99
3711253404119739,2018-07-25,Yearly Monthly Billing,9.99
3711253404119739,2018-08-25,Yearly Monthly Billing,9.99
3711253404119739,2018-09-25,Yearly Monthly Billing,9.99
3711253404119739,2018-10-25,Yearly Monthly Billing,9.99
3711253404119739,2018-11-25,Yearly Monthly Billing,9.99
2249130047309808,2017-12-10,Yearly Monthly Billing,9.99
2249130047309808,2018-01-10,Yearly Monthly Billing,9.99
2249130047309808,2018-03-10,Yearly Monthly Billing,9.99
2249130047309808,2018-04-10,Yearly Monthly Billing,9.99
2249130047309808,2018-04-10,Yearly Monthly Billing,9.99
2249130047309808,2018-04-10,Yearly Monthly Billing,9.99
2249130047309808,2018-04-10,Yearly Monthly Billing,9.99
2249130047309808,2018-05-10,Yearly Monthly Billing,9.99
2249130047309808,2018-06-10,Yearly Monthly Billing,9.99
2249130047309808,2018-07-10,Yearly Monthly Billing,9.99
2249130047309808,2018-08-10,Yearly Monthly Billing,9.99
2249130047309808,2018-09-10,Yearly Monthly Billing,9.99
2249130047309808,2018-10-10,Yearly Monthly Billing,9.99
2249130047309808,2018-11-10,Yearly Monthly Billing,9.99
679634228928276,2017-11-01,Monthly,19.84190742
679634228928276,2017-12-01,Monthly,20.08238588
679634228928276,2018-01-01,Monthly,20.08238698
5709740002496973,2017-05-25,Yearly,119.9986042
983754624703851,2017-06-30,Yearly,119.9993536
5555700624712798,2017-07-16,Yearly,114.050015
6144102791359667,2017-12-25,Yearly,119.9971242
2.93908E+15,2017-08-22,Yearly,127.508991
1339077703767066,2017-11-15,Yearly Monthly Billing,9.99
1339077703767066,2017-12-28,Yearly Monthly Billing,14.99
1339077703767066,2018-01-28,Yearly Monthly Billing,14.99
1339077703767066,2018-03-28,Yearly Monthly Billing,14.99
1339077703767066,2018-04-28,Yearly Monthly Billing,14.99
1339077703767066,2018-05-28,Yearly Monthly Billing,14.99
1339077703767066,2018-06-28,Yearly Monthly Billing,14.99
1339077703767066,2018-07-28,Yearly Monthly Billing,14.99
1339077703767066,2018-09-06,Yearly Monthly Billing,14.99
1339077703767066,2018-11-02,Yearly Monthly Billing,12.18699187
1339077703767066,2018-12-03,Yearly Monthly Billing,14.99
1339077703767066,2019-01-02,Yearly Monthly Billing,14.99
1339077703767066,2019-02-09,Yearly Monthly Billing,14.99
1339077703767066,2019-02-28,Yearly Monthly Billing,14.99
1339077703767066,2019-03-28,Yearly Monthly Billing,14.99
1339077703767066,2019-05-03,Yearly Monthly Billing,14.99
1339077703767066,2019-06-02,Yearly Monthly Billing,14.99
1339077703767066,2019-07-13,Yearly Monthly Billing,14.99
1339077703767066,2019-08-12,Yearly Monthly Billing,14.99
1339077703767066,2019-08-28,Yearly Monthly Billing,14.99
1339077703767066,2019-09-28,Yearly Monthly Billing,14.99
4579763129615916,2017-06-03,Yearly,119.99
9262172634271388,2017-12-03,Yearly,58.84576174
1692814632569957,2017-09-23,Yearly,113.169105
6235345704818998,2017-12-27,Yearly,119.997665
5739791266809505,2017-12-18,Yearly Monthly Billing,9.99
5739791266809505,2018-01-19,Yearly Monthly Billing,9.99
5739791266809505,2018-03-18,Yearly Monthly Billing,9.99
7786116683322373,2018-02-01,Yearly,119.9969517
7786116683322373,2017-11-15,Monthly,20.11303657
7786116683322373,2017-12-15,Monthly,20.11303657
2.36259E+15,2017-06-02,Yearly,119.9981385
841523358412791,2017-03-23,Yearly,109.0559113
3433281273227213,2017-12-27,Yearly Monthly Billing,9.99
3433281273227213,2018-01-27,Yearly Monthly Billing,9.99
3433281273227213,2018-04-01,Yearly Monthly Billing,9.99
3433281273227213,2018-05-01,Yearly Monthly Billing,9.99
3433281273227213,2018-05-27,Yearly Monthly Billing,9.99
3433281273227213,2018-06-27,Yearly Monthly Billing,9.99
3433281273227213,2018-07-27,Yearly Monthly Billing,9.99
3433281273227213,2018-08-27,Yearly Monthly Billing,9.99
3433281273227213,2018-09-28,Yearly Monthly Billing,9.99
3433281273227213,2018-10-28,Yearly Monthly Billing,9.99
3433281273227213,2018-11-29,Yearly Monthly Billing,9.99
3433281273227213,2019-06-29,Monthly,19.99
2846146723910669,2017-05-28,Monthly,17.85327362
2846146723910669,2017-06-28,Monthly,18.42715976
3482902710772889,2017-02-10,Yearly,119.9981057
8000122465297528,2017-06-13,Monthly,20.18218043
8000122465297528,2017-07-13,Monthly,20.45751606
8693236243218484,2017-04-28,Yearly,119.26432
4765231721464254,2017-03-16,Yearly,96.82086834
8098807534549609,2017-11-04,Yearly,118.1167677
6352370448514261,2017-05-30,Yearly,179.9986928
9.73582E+15,2017-11-16,Yearly,37.666
9728253972461985,2017-12-15,Yearly,117.6044355
2577414567762077,2017-10-21,Yearly Monthly Billing,9.99
2577414567762077,2017-11-21,Yearly Monthly Billing,9.99
2577414567762077,2017-12-21,Yearly Monthly Billing,9.99
2577414567762077,2018-01-21,Yearly Monthly Billing,9.99
4.3473E+15,2017-09-10,Yearly,89.32052164
4.3473E+15,2018-09-10,Yearly,85.29218936
5783087422393239,2017-08-09,Yearly,179.99
5783087422393239,2019-08-09,Yearly,179.99
4722534762355514,2017-06-24,Yearly,119.9989353
980747893017767,2017-11-21,Yearly Monthly Billing,9.99
980747893017767,2017-12-21,Yearly Monthly Billing,9.99
980747893017767,2018-01-21,Yearly Monthly Billing,9.99
980747893017767,2018-03-21,Yearly Monthly Billing,9.99
980747893017767,2018-04-21,Yearly Monthly Billing,9.99
980747893017767,2018-05-21,Yearly Monthly Billing,9.99
980747893017767,2018-06-21,Yearly Monthly Billing,9.99
980747893017767,2018-07-21,Yearly Monthly Billing,9.99
980747893017767,2018-08-21,Yearly Monthly Billing,9.99
980747893017767,2018-09-21,Yearly Monthly Billing,9.99
980747893017767,2018-10-21,Yearly Monthly Billing,9.99
5877513070390433,2017-12-12,Yearly Monthly Billing,9.081818182
5877513070390433,2018-01-12,Yearly Monthly Billing,9.081818182
5877513070390433,2018-03-12,Yearly Monthly Billing,9.081818182
5877513070390433,2018-04-12,Yearly Monthly Billing,9.081818182
5877513070390433,2018-05-12,Yearly Monthly Billing,9.081818182
5877513070390433,2018-06-12,Yearly Monthly Billing,9.081818182
5877513070390433,2018-07-12,Yearly Monthly Billing,9.081818182
5877513070390433,2018-08-12,Yearly Monthly Billing,9.081818182
5877513070390433,2018-09-12,Yearly Monthly Billing,9.081818182
5877513070390433,2018-10-12,Yearly Monthly Billing,9.081818182
5877513070390433,2018-11-12,Yearly Monthly Billing,9.081818182
7633243211283991,2017-12-24,Yearly Monthly Billing,9.99
7633243211283991,2018-01-24,Yearly Monthly Billing,9.99
7633243211283991,2018-03-24,Yearly Monthly Billing,9.99
7633243211283991,2018-04-24,Yearly Monthly Billing,9.99
7633243211283991,2018-05-24,Yearly Monthly Billing,9.99
7633243211283991,2018-06-24,Yearly Monthly Billing,9.99
7633243211283991,2018-07-24,Yearly Monthly Billing,9.99
7633243211283991,2018-08-24,Yearly Monthly Billing,9.99
7633243211283991,2018-09-24,Yearly Monthly Billing,9.99
7633243211283991,2018-10-24,Yearly Monthly Billing,9.99
7633243211283991,2018-11-24,Yearly Monthly Billing,9.99
7633243211283991,2018-12-24,Yearly Monthly Billing,9.99
7633243211283991,2019-01-24,Yearly Monthly Billing,9.99
7633243211283991,2019-02-24,Yearly Monthly Billing,9.99
7633243211283991,2019-03-24,Yearly Monthly Billing,9.99
7633243211283991,2019-04-24,Yearly Monthly Billing,9.99
7633243211283991,2019-05-24,Yearly Monthly Billing,9.99
7633243211283991,2019-06-24,Yearly Monthly Billing,9.99
7633243211283991,2019-07-24,Yearly Monthly Billing,9.99
7633243211283991,2019-08-24,Yearly Monthly Billing,9.99
7633243211283991,2019-09-29,Yearly Monthly Billing,9.99
7633243211283991,2019-10-29,Yearly Monthly Billing,9.99
7633243211283991,2019-11-24,Yearly Monthly Billing,9.99
7633243211283991,2019-12-24,Yearly Monthly Billing,9.99
6493942380915635,2017-04-24,Yearly,119.9989216
8905007602088306,2017-04-13,Weekly,5.23575
1429771940002598,2017-11-21,Yearly Monthly Billing,9.99
1429771940002598,2017-12-21,Yearly Monthly Billing,9.99
1429771940002598,2018-01-21,Yearly Monthly Billing,9.99
1429771940002598,2018-03-21,Yearly Monthly Billing,9.99
1429771940002598,2018-04-21,Yearly Monthly Billing,9.99
1429771940002598,2018-05-21,Yearly Monthly Billing,9.99
1429771940002598,2018-06-21,Yearly Monthly Billing,9.99
1429771940002598,2018-07-21,Yearly Monthly Billing,9.99
1429771940002598,2018-08-21,Yearly Monthly Billing,9.99
1429771940002598,2018-09-21,Yearly Monthly Billing,9.99
1429771940002598,2018-10-21,Yearly Monthly Billing,9.99
1429771940002598,2018-11-21,Yearly Monthly Billing,9.99
1429771940002598,2018-12-21,Yearly Monthly Billing,9.99
1429771940002598,2019-01-21,Yearly Monthly Billing,9.99
1429771940002598,2019-02-21,Yearly Monthly Billing,9.99
1429771940002598,2019-03-21,Yearly Monthly Billing,9.99
1429771940002598,2019-04-21,Yearly Monthly Billing,9.99
1429771940002598,2019-05-21,Yearly Monthly Billing,9.99
1429771940002598,2019-06-21,Yearly Monthly Billing,9.99
1429771940002598,2019-07-21,Yearly Monthly Billing,9.99
1429771940002598,2019-08-21,Yearly Monthly Billing,9.99
1429771940002598,2019-09-21,Yearly Monthly Billing,9.99
1429771940002598,2019-10-21,Yearly Monthly Billing,9.99
1429771940002598,2019-11-21,Yearly Monthly Billing,9.99
1429771940002598,2019-12-21,Yearly Monthly Billing,9.99
1429771940002598,2020-01-21,Yearly Monthly Billing,9.99
1429771940002598,2020-02-21,Yearly Monthly Billing,9.99
1429771940002598,2020-03-21,Yearly Monthly Billing,9.99
1429771940002598,2020-04-21,Yearly Monthly Billing,9.99
1429771940002598,2020-05-21,Yearly Monthly Billing,9.99
5569983678465492,2017-02-13,Yearly,119.99
6012490555492847,2017-11-16,Yearly,123.9727248
6223248231864002,2017-11-04,Yearly Monthly Billing,9.99
6223248231864002,2017-12-04,Yearly Monthly Billing,9.99
6223248231864002,2018-01-04,Yearly Monthly Billing,9.99
6223248231864002,2018-03-04,Yearly Monthly Billing,9.99
6223248231864002,2018-04-04,Yearly Monthly Billing,9.99
6223248231864002,2018-05-04,Yearly Monthly Billing,9.99
6223248231864002,2018-06-04,Yearly Monthly Billing,9.99
6223248231864002,2018-07-04,Yearly Monthly Billing,9.99
6223248231864002,2018-08-04,Yearly Monthly Billing,9.99
6223248231864002,2018-09-04,Yearly Monthly Billing,9.99
6223248231864002,2018-10-04,Yearly Monthly Billing,9.99
6223248231864002,2018-11-04,Yearly Monthly Billing,9.99
6223248231864002,2018-12-04,Yearly Monthly Billing,9.99
6223248231864002,2019-01-04,Yearly Monthly Billing,9.99
6223248231864002,2019-02-04,Yearly Monthly Billing,9.99
6223248231864002,2019-03-04,Yearly Monthly Billing,9.99
6223248231864002,2019-04-04,Yearly Monthly Billing,9.99
6223248231864002,2019-05-04,Yearly Monthly Billing,9.99
6223248231864002,2019-06-04,Yearly Monthly Billing,9.99
6223248231864002,2019-07-04,Yearly Monthly Billing,9.99
6223248231864002,2019-08-04,Yearly Monthly Billing,9.99
6223248231864002,2019-09-04,Yearly Monthly Billing,9.99
6223248231864002,2019-10-04,Yearly Monthly Billing,9.99
8506352884203488,2017-11-18,Yearly Monthly Billing,9.99
8506352884203488,2017-12-18,Yearly Monthly Billing,9.99
8506352884203488,2018-01-18,Yearly Monthly Billing,9.99
8506352884203488,2018-03-18,Yearly Monthly Billing,9.99
4143751492325533,2017-11-21,Yearly,121.6800219
2560298280874125,2017-10-25,Yearly Monthly Billing,9.99
2560298280874125,2017-11-25,Yearly Monthly Billing,9.99
2560298280874125,2017-12-25,Yearly Monthly Billing,9.99
2560298280874125,2018-01-25,Yearly Monthly Billing,9.99
2560298280874125,2018-03-25,Yearly Monthly Billing,9.99
2560298280874125,2018-04-25,Yearly Monthly Billing,9.99
2560298280874125,2018-05-25,Yearly Monthly Billing,9.99
2560298280874125,2018-06-25,Yearly Monthly Billing,9.99
2560298280874125,2018-07-25,Yearly Monthly Billing,9.99
2560298280874125,2018-08-25,Yearly Monthly Billing,9.99
2560298280874125,2018-09-25,Yearly Monthly Billing,9.99
2560298280874125,2018-10-25,Yearly Monthly Billing,9.99
2560298280874125,2018-11-25,Yearly Monthly Billing,9.99
2560298280874125,2018-12-25,Yearly Monthly Billing,9.99
2560298280874125,2019-01-25,Yearly Monthly Billing,9.99
2560298280874125,2019-02-25,Yearly Monthly Billing,9.99
2560298280874125,2019-03-25,Yearly Monthly Billing,9.99
2560298280874125,2019-04-25,Yearly Monthly Billing,9.99
2560298280874125,2019-05-25,Yearly Monthly Billing,9.99
9550297248421347,2017-01-18,Yearly,104.4380165
9550297248421347,2018-01-18,Yearly,119.548317
1.58179E+15,2017-02-18,Weekly,5.192520857
1.58179E+15,2017-02-25,Weekly,5.192520857
1.58179E+15,2017-03-04,Weekly,5.367619714
1.58179E+15,2017-03-11,Weekly,5.367619714
2118100712449845,2017-10-02,Yearly,125.8968262
3204937170213157,2017-03-13,Monthly,19.99
3204937170213157,2017-04-13,Monthly,19.99
4180466630816086,2017-11-24,Yearly,59.99
4800993712901073,2017-03-14,Monthly,19.99
4800993712901073,2017-04-14,Monthly,19.99
4800993712901073,2017-05-14,Monthly,19.99
4800993712901073,2017-06-14,Monthly,19.99
4800993712901073,2017-07-14,Monthly,19.99
4800993712901073,2017-08-14,Monthly,19.99
4800993712901073,2017-09-14,Monthly,19.99
4800993712901073,2017-10-14,Monthly,19.99
4800993712901073,2017-11-14,Monthly,19.99
4800993712901073,2017-12-14,Monthly,19.99
4800993712901073,2018-01-14,Monthly,19.99
5613237683403945,2017-01-25,Monthly,18.06876
6267281320264638,2017-03-06,Weekly,5.079573
6267281320264638,2017-03-13,Weekly,5.079573
5409965563988103,2017-11-02,Yearly Monthly Billing,9.99
1170332029464318,2017-12-29,Yearly,58.50019381
1170332029464318,2018-12-29,Yearly,59.63804
1170332029464318,2019-12-29,Yearly,60.04808
4018806749311112,2017-04-05,Yearly,119.99
7460842497886018,2017-07-11,Monthly,19.99564706
7460842497886018,2017-08-11,Monthly,19.99564706
5813881806378308,2017-10-30,Yearly,122.1760594
2.35392E+15,2017-09-05,Yearly,119.9979511
5375098998881355,2017-01-08,Yearly,119.9975132
5375098998881355,2018-01-08,Yearly,119.9975132
5375098998881355,2019-01-08,Yearly,119.9975132
5375098998881355,2020-01-28,Yearly,119.9975132
8890719086103467,2017-03-17,Yearly,119.9996837
3276148037451128,2017-01-31,Monthly,20
3276148037451128,2017-02-28,Monthly,20
3276148037451128,2017-03-31,Monthly,20
3276148037451128,2017-04-30,Monthly,20
3276148037451128,2017-05-31,Monthly,20
3276148037451128,2017-06-30,Monthly,20
3276148037451128,2017-07-31,Monthly,20
3276148037451128,2017-08-31,Monthly,20
4250784219528166,2017-11-30,Yearly,119.9985206
8515746411691017,2017-04-12,Yearly,119.9987849
3884961145280618,2017-02-04,Monthly,17.56427132
3884961145280618,2017-03-04,Monthly,18.01825909
3884961145280618,2017-04-04,Monthly,18.53948595
1296156754887189,2017-06-17,Yearly,119.99
3666392910581054,2017-04-03,Yearly,119.99
5182307467655501,2017-12-31,Yearly,119.9983722
6158830244613815,2017-05-27,Yearly,119.99
1.61661E+15,2017-10-05,Yearly,120.400759
1.61661E+15,2017-11-14,Yearly,119.9978431
8342726091027674,2017-10-04,Yearly,120.400759
6638791040668525,2017-12-11,Yearly Monthly Billing,9.99
6638791040668525,2018-01-11,Yearly Monthly Billing,9.99
6638791040668525,2018-03-11,Yearly Monthly Billing,9.99
6638791040668525,2018-04-11,Yearly Monthly Billing,9.99
6638791040668525,2018-05-11,Yearly Monthly Billing,9.99
6638791040668525,2018-06-11,Yearly Monthly Billing,9.99
6638791040668525,2018-07-11,Yearly Monthly Billing,9.99
6638791040668525,2018-08-11,Yearly Monthly Billing,9.99
6638791040668525,2018-09-11,Yearly Monthly Billing,9.99
6638791040668525,2018-10-11,Yearly Monthly Billing,9.99
6638791040668525,2018-11-11,Yearly Monthly Billing,9.99
2647845435046324,2017-03-02,Yearly,119.9977273
2647845435046324,2018-03-02,Yearly,119.9977273
2647845435046324,2019-03-02,Yearly,119.9977273
2647845435046324,2020-03-02,Yearly,119.9977273
3438420968271769,2017-06-15,Yearly,171.3138967
4852811851948722,2017-10-16,Weekly,5.168772
4852811851948722,2017-10-23,Weekly,5.168772
4852811851948722,2017-10-30,Weekly,5.168772
4852811851948722,2017-11-06,Weekly,5.290134429
4852811851948722,2017-11-13,Weekly,5.290134429
4852811851948722,2017-11-20,Weekly,5.290134429
4852811851948722,2017-11-27,Weekly,5.290134429
4852811851948722,2017-12-04,Weekly,5.335749298
4852811851948722,2017-12-11,Weekly,5.335749298
4852811851948722,2017-12-28,Weekly,5.335749298
4852811851948722,2018-01-04,Weekly,5.335749244
4852811851948722,2017-02-18,Weekly,5.168499429
4852811851948722,2017-02-25,Weekly,5.168499429
4852811851948722,2017-03-04,Weekly,5.079573
4852811851948722,2017-03-11,Weekly,5.079573
4852811851948722,2017-03-18,Weekly,5.079573
4852811851948722,2017-03-25,Weekly,5.079573
4852811851948722,2017-04-01,Weekly,5.084615571
4852811851948722,2017-04-08,Weekly,5.084615571
4852811851948722,2017-04-15,Weekly,5.084615571
4852811851948722,2017-04-22,Weekly,5.084615571
4852811851948722,2017-04-29,Weekly,5.084615571
4852811851948722,2017-05-06,Weekly,5.204751429
3147410401513833,2017-11-24,Yearly,119.9977742
3147410401513833,2018-11-22,Yearly,119.9906281
3147410401513833,2019-11-22,Yearly,119.9906281
4738683886983176,2017-07-26,Yearly,128.4814961
1173544818718904,2017-06-19,Yearly,119.9987079
1173544818718904,2018-06-19,Yearly,119.9987079
6574927729260996,2017-11-05,Yearly Monthly Billing,9.91599075
6574927729260996,2017-12-05,Yearly Monthly Billing,10.03616983
6574927729260996,2018-01-05,Yearly Monthly Billing,10.03617038
6574927729260996,2018-03-05,Yearly Monthly Billing,9.65
6574927729260996,2018-04-05,Yearly Monthly Billing,9.366706833
6574927729260996,2018-05-05,Yearly Monthly Billing,9.194654167
6574927729260996,2018-06-05,Yearly Monthly Billing,9.29566
6574927729260996,2018-07-05,Yearly Monthly Billing,9.18008225
6574927729260996,2018-08-05,Yearly Monthly Billing,9.076925083
6574927729260996,2018-09-05,Yearly Monthly Billing,8.802449833
6574927729260996,2018-10-05,Yearly Monthly Billing,8.921292417
5633111092144935,2017-10-23,Yearly Monthly Billing,9.99
9517958788640448,2017-05-01,Yearly,119.9984394
4836951936715779,2017-06-22,Yearly,119.9990338
4836951936715779,2018-06-22,Yearly,119.9990338
1515834434388489,2017-11-20,Yearly,119.99
1515834434388489,2020-04-03,Yearly,179.99
6.36559E+15,2017-12-30,Yearly Monthly Billing,9.99
6.36559E+15,2018-01-30,Yearly Monthly Billing,9.99
6.36559E+15,2018-03-28,Yearly Monthly Billing,9.99
6.36559E+15,2018-04-28,Yearly Monthly Billing,9.99
6.36559E+15,2018-05-28,Yearly Monthly Billing,9.99
6.36559E+15,2018-06-28,Yearly Monthly Billing,9.99
6.36559E+15,2018-07-28,Yearly Monthly Billing,9.99
6.36559E+15,2018-08-28,Yearly Monthly Billing,9.99
6.36559E+15,2018-09-28,Yearly Monthly Billing,9.99
6.36559E+15,2018-10-28,Yearly Monthly Billing,9.99
6773651662517654,2017-12-26,Yearly,127.8918113
8594646190040833,2017-09-28,Yearly Monthly Billing,9.99
8594646190040833,2017-10-28,Yearly Monthly Billing,9.99
8594646190040833,2017-11-28,Yearly Monthly Billing,9.99
9074681287745174,2017-03-29,Yearly,109.0818182
9074681287745174,2019-03-11,Yearly,109.0818182
9074681287745174,2020-03-04,Yearly,109.0818182
9074681287745174,2021-10-17,Yearly,129.7426035
6002688844299934,2017-05-29,Weekly,4.762965714
6002688844299934,2017-06-05,Weekly,4.823834286
6002688844299934,2017-06-12,Weekly,4.823834286
6002688844299934,2017-06-19,Weekly,4.823834286
6002688844299934,2017-06-26,Weekly,4.823834286
6002688844299934,2017-07-03,Weekly,4.842094857
6002688844299934,2017-07-10,Weekly,4.842094857
6002688844299934,2017-07-17,Weekly,4.842094857
1246877156461733,2017-01-25,Monthly,19.99
1246877156461733,2017-02-25,Monthly,19.99
1246877156461733,2017-03-25,Monthly,19.99
1246877156461733,2017-04-25,Monthly,19.99
6007587493891074,2017-06-21,Yearly,127.05504
6007587493891074,2018-06-21,Yearly,117.95896
6007587493891074,2019-06-21,Yearly,109.9714
6007587493891074,2020-06-21,Yearly,118.1558
6007587493891074,2021-06-21,Yearly,119.28504
5128835049509139,2017-05-06,Yearly,119.99
2.73202E+15,2017-11-14,Yearly Monthly Billing,9.91599075
2.73202E+15,2017-12-14,Yearly Monthly Billing,10.03616983
2.73202E+15,2018-01-14,Yearly Monthly Billing,10.03617038
2.73202E+15,2018-03-14,Yearly Monthly Billing,10.045278
5.94368E+15,2017-12-31,Yearly,58.84576174
5.94368E+15,2018-12-31,Yearly,51.05849286
2465550860236004,2017-11-27,Yearly,119.9983626
2465550860236004,2018-11-27,Yearly,119.9983626
2465550860236004,2019-11-27,Yearly,119.9983626
2465550860236004,2020-11-27,Yearly,119.9983626
2465550860236004,2021-03-18,Yearly,119.9983626
7894240385017271,2017-03-17,Weekly,5.367619714
7894240385017271,2017-03-24,Weekly,5.367619714
7894240385017271,2017-03-31,Weekly,5.367619714
7894240385017271,2017-04-07,Weekly,5.352945
7894240385017271,2017-04-14,Weekly,5.352945
7894240385017271,2017-04-21,Weekly,5.352945
7894240385017271,2017-04-28,Weekly,5.352945
7894240385017271,2017-05-05,Weekly,5.380299
7894240385017271,2017-05-12,Weekly,5.380299
7894240385017271,2017-05-19,Weekly,5.380299
7894240385017271,2017-05-26,Weekly,5.380299
7894240385017271,2017-06-02,Weekly,5.441575286
7894240385017271,2017-06-09,Weekly,5.441575286
6750433150204708,2017-02-28,Yearly,93.66187159
6750433150204708,2018-02-28,Yearly,105.1579579
3110444504245787,2017-02-06,Yearly,119.9976621
5669716821627991,2017-10-22,Yearly,119.9986928
4334622564886357,2017-05-26,Yearly,119.99
9737936001462174,2017-08-29,Yearly,108.9431352
2628146744197032,2017-08-28,Yearly,119.997936
8661920037248972,2017-07-25,Yearly,119.9980901
9483149779737051,2017-08-24,Yearly,119.99
8401421223096924,2017-06-21,Yearly,119.9991094
3023171025335948,2017-08-22,Yearly,36
3023171025335948,2018-08-22,Yearly,36
5999863270389501,2017-05-01,Yearly,119.9984394
7097724102034042,2017-06-13,Yearly,119.99
3596572993872734,2017-03-17,Weekly,5.5
3596572993872734,2017-03-24,Weekly,5.5
4482399767502936,2017-02-05,Yearly,93.66198775
3634712705644495,2017-06-06,Yearly,119.9981699
2231670645926798,2017-12-05,Yearly,119.9979695
7221585798312759,2017-11-19,Yearly,126.5391009
910445731112372,2017-01-14,Monthly,19.99
910445731112372,2017-02-14,Monthly,19.99
910445731112372,2017-03-14,Monthly,19.99
910445731112372,2017-04-15,Monthly,19.99
1681016245916428,2017-08-19,Yearly,119.9990907
1681016245916428,2018-08-19,Yearly,119.9990907
1681016245916428,2019-08-19,Yearly,119.9990907
1681016245916428,2020-08-19,Yearly,119.9990907
1681016245916428,2021-08-19,Yearly,119.9990907
7006720463468984,2017-07-23,Yearly,119.99
1794647557726178,2017-05-12,Weekly,5.027351
1794647557726178,2017-05-19,Weekly,5.027351
1794647557726178,2017-05-26,Weekly,5.027351
9328360426097784,2017-08-20,Monthly,19.99
9328360426097784,2017-09-20,Monthly,19.99
9328360426097784,2017-10-20,Monthly,19.99
9.56276E+15,2017-06-15,Yearly,119.9985719
4178813843426654,2017-11-25,Yearly,90.07394025
4178813843426654,2019-11-27,Yearly,83.52433193
4178813843426654,2020-11-27,Yearly,91.94709345
4178813843426654,2021-11-27,Yearly,170.6592579
828441673913628,2017-09-25,Yearly,122.2
9970092174902881,2017-03-05,Yearly,119.9975724
1.44259E+15,2019-01-09,Yearly,36.2045
1.44259E+15,2020-01-09,Yearly,37.3145
1.44259E+15,2017-12-23,Yearly,37.1277425
9635632343383363,2017-11-27,Yearly,59.99
4910772055797085,2017-11-25,Yearly,115.2654163
8148723931363945,2017-06-13,Yearly,117.0612441
1995320065620401,2017-01-29,Yearly,119.9987065
1995320065620401,2018-01-29,Yearly,119.9987065
3549685423554967,2017-11-25,Yearly,126.5394
8.55989E+15,2017-03-08,Monthly,19.99
8.55989E+15,2017-04-08,Monthly,19.99
8.55989E+15,2018-04-23,Yearly Monthly Billing,9.99
8.55989E+15,2018-05-23,Yearly Monthly Billing,9.99
8.55989E+15,2018-06-23,Yearly Monthly Billing,9.99
8.55989E+15,2018-07-23,Yearly Monthly Billing,9.99
8.55989E+15,2018-08-23,Yearly Monthly Billing,9.99
8.55989E+15,2018-09-23,Yearly Monthly Billing,9.99
8.55989E+15,2018-10-23,Yearly Monthly Billing,9.99
8.55989E+15,2018-11-23,Yearly Monthly Billing,9.99
8.55989E+15,2018-12-23,Yearly Monthly Billing,9.99
8.55989E+15,2019-01-23,Yearly Monthly Billing,9.99
8.55989E+15,2019-02-23,Yearly Monthly Billing,9.99
8173659111335263,2017-11-24,Yearly,183.4911407
8173659111335263,2020-02-18,Yearly,144.8391884
8173659111335263,2019-01-22,Yearly,167.0241386
8783738592289014,2017-08-26,Monthly,19.38451777
4381987199883565,2017-03-05,Monthly,18.32292
6.46414E+15,2017-06-24,Yearly,119.9989353
8545783524997446,2017-12-01,Yearly Monthly Billing,9.71242242
8545783524997446,2018-01-01,Yearly Monthly Billing,9.712422952
8545783524997446,2018-03-01,Yearly Monthly Billing,9.721236774
8545783524997446,2018-04-01,Yearly Monthly Billing,9.422986935
8545783524997446,2018-05-01,Yearly Monthly Billing,9.357004597
8545783524997446,2018-06-01,Yearly Monthly Billing,9.3906
8545783524997446,2018-07-01,Yearly Monthly Billing,9.332351855
2991640560629696,2017-11-26,Yearly,59.99
5633963620071355,2017-07-25,Yearly,95.992
3358921631771105,2017-05-21,Yearly,179.9934641
3358921631771105,2018-05-21,Yearly,179.9934641
4600929092647369,2017-02-15,Yearly,119.99
8445689190857645,2017-12-18,Yearly Monthly Billing,9.99
8445689190857645,2018-01-17,Yearly Monthly Billing,9.99
8445689190857645,2018-03-20,Yearly Monthly Billing,9.99
8445689190857645,2018-04-18,Yearly Monthly Billing,9.99
8445689190857645,2018-05-18,Yearly Monthly Billing,9.99
8445689190857645,2018-06-18,Yearly Monthly Billing,9.99
8445689190857645,2018-07-18,Yearly Monthly Billing,9.99
8022329246871154,2017-05-07,Weekly,5.42718
8022329246871154,2017-05-14,Weekly,5.42718
8022329246871154,2017-05-21,Weekly,5.42718
8022329246871154,2017-05-28,Weekly,5.42718
8022329246871154,2017-06-04,Weekly,5.55291
6916009909715296,2017-01-12,Yearly,119.9949937
8423858813789191,2017-11-18,Yearly Monthly Billing,9.99
8423858813789191,2017-12-18,Yearly Monthly Billing,9.99
4104535154621603,2017-06-18,Yearly,106.3452877
5717552414523505,2017-07-23,Yearly,119.9981025
8158696549224406,2017-07-18,Yearly,119.9992507
8158696549224406,2018-07-18,Yearly,119.9992507
8158696549224406,2019-07-18,Yearly,119.9992507
8158696549224406,2020-07-18,Yearly,119.9992507
9784214977674072,2017-11-09,Yearly Monthly Billing,14.99
9784214977674072,2017-12-23,Yearly Monthly Billing,14.99
9784214977674072,2018-03-15,Monthly,19.99
9784214977674072,2020-07-05,Monthly,29.99
9784214977674072,2020-08-05,Monthly,29.99
9784214977674072,2020-09-05,Monthly,29.99
9784214977674072,2020-10-05,Monthly,29.99
9784214977674072,2020-11-05,Monthly,29.99
9784214977674072,2020-12-05,Monthly,29.99
9784214977674072,2021-01-05,Monthly,29.99
8093731648511776,2017-01-18,Monthly,20.08542199
9.81044E+15,2020-11-14,3 Months,59.99798762
9.81044E+15,2017-07-21,Yearly,119.9990991
8356989950595741,2017-10-29,Yearly,112.3319921
4461899714348385,2017-11-08,Yearly,109.4601896
7517411010124856,2017-10-17,Yearly Monthly Billing,14.99
7517411010124856,2017-11-17,Yearly Monthly Billing,14.99
7517411010124856,2017-12-16,Yearly Monthly Billing,14.99
7517411010124856,2018-01-16,Yearly Monthly Billing,14.99
7517411010124856,2018-03-16,Yearly Monthly Billing,14.99
7517411010124856,2018-04-16,Yearly Monthly Billing,14.99
7517411010124856,2018-05-16,Yearly Monthly Billing,14.99
7517411010124856,2018-06-16,Yearly Monthly Billing,14.99
7517411010124856,2018-07-16,Yearly Monthly Billing,14.99
7517411010124856,2018-08-16,Yearly Monthly Billing,14.99
7517411010124856,2019-07-17,Yearly Monthly Billing,14.99
7517411010124856,2019-08-17,Yearly Monthly Billing,14.99
7517411010124856,2019-09-13,Yearly Monthly Billing,14.99
7517411010124856,2019-10-13,Yearly Monthly Billing,14.99
7517411010124856,2019-11-13,Yearly Monthly Billing,14.99
7517411010124856,2019-12-13,Yearly Monthly Billing,14.99
3603822104145168,2017-08-12,Yearly,119.9984363
3603822104145168,2018-08-12,Yearly,119.9984363
4.07808E+15,2017-07-23,Yearly,119.99
1493955260049852,2017-10-24,Yearly,119.9980631
3404216133697265,2017-03-02,Yearly,119.99
7816731766054581,2017-06-12,Yearly,119.99
8794347218809312,2017-08-13,Yearly,119.99865
8794347218809312,2020-02-09,Monthly,30
8794347218809312,2020-03-09,Monthly,30
7358163900640232,2017-11-09,Yearly,119.9984543
206522296090702,2017-07-23,Yearly,128.4817323
3458587561140498,2017-11-25,Yearly,59.54557408
9309784492657612,2017-11-07,Yearly,119.9970991
5072253244874617,2017-03-16,Yearly,105.485064
8373753518151897,2017-12-25,Yearly,119.9988971
6292700898875741,2017-12-25,Yearly,119.9988971
2064058336309805,2017-12-08,Yearly Monthly Billing,9.99
2064058336309805,2018-01-08,Yearly Monthly Billing,9.99
2064058336309805,2018-03-08,Yearly Monthly Billing,9.99
2064058336309805,2018-04-08,Yearly Monthly Billing,9.99
2064058336309805,2018-05-08,Yearly Monthly Billing,9.99
2064058336309805,2018-06-08,Yearly Monthly Billing,9.99
2064058336309805,2018-07-08,Yearly Monthly Billing,9.99
2064058336309805,2018-08-08,Yearly Monthly Billing,9.99
1263103973441456,2020-06-22,Yearly,173.5714286
1263103973441456,2017-10-16,Yearly,119.9983093
3529496226609884,2017-06-23,Yearly,119.9990695
2994581184603209,2017-05-16,Weekly,5
2994581184603209,2017-05-23,Weekly,5
2994581184603209,2017-05-30,Weekly,5
8592209709876737,2017-10-28,Yearly,117.2721977
9259286239598483,2017-04-11,Yearly,119.99
8.67563E+15,2017-07-18,Monthly,17.99705882
8.67563E+15,2017-08-18,Monthly,17.99705882
8.67563E+15,2017-09-18,Monthly,17.99705882
8.67563E+15,2017-10-18,Monthly,17.99705882
8.67563E+15,2017-11-18,Monthly,17.99705882
8.67563E+15,2017-12-18,Monthly,17.99705882
8.67563E+15,2018-01-18,Monthly,17.99705882
3694512267660331,2017-01-19,Monthly,18.25443214
2423428711078232,2017-08-05,Yearly,119.99
8211883409694352,2017-05-21,Yearly,112.4782293
8211883409694352,2019-12-03,Yearly,163.5290964
8211883409694352,2020-12-21,Yearly,180.3901431
963509221864679,2017-07-08,Yearly,128.7080121
6860583703400095,2017-08-07,Yearly,119.9982198
6777250428108819,2017-01-06,Yearly,118.5939899
5.19469E+15,2017-12-19,Yearly,119.9980261
5.19469E+15,2018-12-25,Yearly,119.9980261
3345066357892445,2017-08-29,Yearly,119.997936
3345066357892445,2018-08-29,Yearly,119.997936
6312175699594304,2017-10-20,Yearly Monthly Billing,9.99
6312175699594304,2017-11-20,Yearly Monthly Billing,9.99
6312175699594304,2017-12-20,Yearly Monthly Billing,9.99
6312175699594304,2018-01-20,Yearly Monthly Billing,9.99
6312175699594304,2018-03-24,Yearly Monthly Billing,9.99
6312175699594304,2018-04-20,Yearly Monthly Billing,9.99
6312175699594304,2018-05-20,Yearly Monthly Billing,9.99
6312175699594304,2018-06-20,Yearly Monthly Billing,9.99
6312175699594304,2018-07-20,Yearly Monthly Billing,9.99
6312175699594304,2018-08-20,Yearly Monthly Billing,9.99
6312175699594304,2018-09-20,Yearly Monthly Billing,9.99
6312175699594304,2018-10-20,Yearly Monthly Billing,9.99
6312175699594304,2018-11-20,Yearly Monthly Billing,9.99
6312175699594304,2018-12-20,Yearly Monthly Billing,9.99
6312175699594304,2019-01-20,Yearly Monthly Billing,9.99
6312175699594304,2019-02-20,Yearly Monthly Billing,9.99
6312175699594304,2019-03-20,Yearly Monthly Billing,9.99
6312175699594304,2019-04-20,Yearly Monthly Billing,9.99
6312175699594304,2019-05-20,Yearly Monthly Billing,9.99
6312175699594304,2019-06-20,Yearly Monthly Billing,9.99
6312175699594304,2019-07-20,Yearly Monthly Billing,9.99
6312175699594304,2019-08-20,Yearly Monthly Billing,9.99
6312175699594304,2019-09-20,Yearly Monthly Billing,9.99
6312175699594304,2019-10-20,Yearly Monthly Billing,9.99
6312175699594304,2019-11-20,Yearly Monthly Billing,9.99
6312175699594304,2019-12-20,Yearly Monthly Billing,9.99
6312175699594304,2020-01-20,Yearly Monthly Billing,9.99
6312175699594304,2020-02-20,Yearly Monthly Billing,9.99
6312175699594304,2020-03-28,Yearly Monthly Billing,9.99
6312175699594304,2020-04-20,Yearly Monthly Billing,9.99
6312175699594304,2020-05-20,Yearly Monthly Billing,9.99
6312175699594304,2020-06-20,Yearly Monthly Billing,9.99
6312175699594304,2020-07-20,Yearly Monthly Billing,9.99
6312175699594304,2020-08-20,Yearly Monthly Billing,9.99
6312175699594304,2020-09-20,Yearly Monthly Billing,8.256198347
6312175699594304,2020-10-20,Yearly Monthly Billing,8.256198347
6312175699594304,2020-11-20,Yearly Monthly Billing,8.256198347
6312175699594304,2020-12-20,Yearly Monthly Billing,9.99
6312175699594304,2021-01-20,Yearly Monthly Billing,9.99
6312175699594304,2021-02-20,Yearly Monthly Billing,9.99
6312175699594304,2021-03-20,Yearly Monthly Billing,9.99
6312175699594304,2021-04-20,Yearly Monthly Billing,9.99
6312175699594304,2021-05-20,Yearly Monthly Billing,9.99
6312175699594304,2021-06-20,Yearly Monthly Billing,9.99
6312175699594304,2021-07-20,Yearly Monthly Billing,9.99
6312175699594304,2021-08-20,Yearly Monthly Billing,9.99
6312175699594304,2021-09-20,Yearly Monthly Billing,9.99
6312175699594304,2021-10-20,Yearly Monthly Billing,9.99
6312175699594304,2021-11-20,Yearly Monthly Billing,9.99
6312175699594304,2021-12-20,Yearly Monthly Billing,9.99
6312175699594304,2022-01-20,Yearly Monthly Billing,9.99
1012489337876797,2017-02-08,Yearly,105.4295606
9545655786320738,2017-02-28,Monthly,9.99
7772448473094527,2017-07-10,Yearly,179.9970588
7789835182865944,2017-11-28,Yearly,119.9983626
2384813290608075,2017-03-19,Yearly,116.9499257
8973211201270838,2017-11-18,Monthly,19.99
8973211201270838,2017-12-18,Monthly,19.99
8973211201270838,2018-01-18,Monthly,19.99
8973211201270838,2018-03-18,Monthly,19.99
474283113910028,2017-02-20,Monthly,19.99
474283113910028,2017-03-20,Monthly,19.99
474283113910028,2017-04-20,Monthly,19.99
3.24483E+15,2017-10-19,Yearly,198
5704441967296505,2017-02-05,Monthly,17.71064025
6742518676716351,2017-12-19,Yearly,119.9980261
9611656520617185,2017-06-10,Yearly,119.9977001
9611656520617185,2018-06-10,Yearly,119.9977001
2.69851E+15,2017-11-17,Yearly,119.9987688
1594575122558244,2017-04-25,Yearly,179.9952941
7.56583E+15,2017-11-20,Monthly,19.84190742
9.73188E+15,2017-03-05,Yearly,119.9975724
9158454541909265,2017-06-08,Yearly,119.99
6888930724098662,2017-07-10,Yearly,118.802099
7234041332984972,2017-12-25,Yearly,116.6583492
5671024845855235,2017-10-20,Yearly Monthly Billing,9.99
5671024845855235,2017-11-20,Yearly Monthly Billing,9.99
5671024845855235,2017-12-20,Yearly Monthly Billing,9.99
5671024845855235,2018-01-20,Yearly Monthly Billing,9.99
5671024845855235,2018-03-20,Yearly Monthly Billing,9.99
5671024845855235,2018-04-20,Yearly Monthly Billing,9.99
5671024845855235,2018-05-20,Yearly Monthly Billing,9.99
5671024845855235,2018-06-20,Yearly Monthly Billing,9.99
5671024845855235,2018-07-20,Yearly Monthly Billing,9.99
5671024845855235,2018-08-20,Yearly Monthly Billing,9.99
5671024845855235,2018-09-20,Yearly Monthly Billing,9.99
7033518483616845,2017-01-31,Monthly,19.99
7033518483616845,2017-02-28,Monthly,19.99
6126472497891722,2017-11-23,Yearly,126.5391009
8178270077093975,2017-05-07,Yearly,119.9983442
5302172040233835,2017-03-03,Yearly,119.9976744
2622178587261291,2017-03-11,Yearly,109.0559112
2622178587261291,2021-04-22,Yearly Monthly Billing,12.95693525
2622178587261291,2021-05-22,Yearly Monthly Billing,12.71460575
2622178587261291,2021-06-22,Yearly Monthly Billing,12.60131717
2622178587261291,2021-07-22,Yearly Monthly Billing,12.53253808
2622178587261291,2021-08-22,Yearly Monthly Billing,12.52118175
2622178587261291,2021-09-22,Yearly Monthly Billing,12.55781508
2622178587261291,2021-10-22,Yearly Monthly Billing,12.20183067
2622178587261291,2021-11-22,Yearly Monthly Billing,12.26053558
2622178587261291,2021-12-22,Yearly Monthly Billing,12.33316117
2622178587261291,2022-01-22,Yearly Monthly Billing,12.33316117
801875241649889,2017-10-05,Monthly,19.99
801875241649889,2020-03-23,Monthly,11.4369702
3.15332E+15,2017-12-02,Yearly,121.5575258
805304561149510,2017-01-23,Monthly,20.10456747
805304561149510,2017-02-23,Monthly,20.10456747
805304561149510,2017-03-23,Monthly,20.10456747
805304561149510,2017-04-23,Monthly,20.10456747
805304561149510,2017-05-23,Monthly,20.10456747
805304561149510,2017-06-23,Monthly,20.10456747
805304561149510,2017-07-23,Monthly,20.10456747
805304561149510,2017-08-23,Monthly,20.10456747
805304561149510,2017-09-23,Monthly,20.10456747
805304561149510,2017-10-23,Monthly,20.10456747
805304561149510,2017-11-23,Monthly,20.10456747
805304561149510,2017-12-23,Monthly,20.10456747
805304561149510,2018-01-23,Monthly,20.10456747
805304561149510,2018-02-23,Monthly,20.10456747
5784340984868073,2017-02-21,Yearly,102.0558146
642986289913650,2017-03-21,Yearly,109.0818182
2276523283934799,2017-12-08,Yearly Monthly Billing,9.99
2276523283934799,2018-01-08,Yearly Monthly Billing,9.99
2276523283934799,2018-03-08,Yearly Monthly Billing,9.99
2276523283934799,2018-04-08,Yearly Monthly Billing,9.99
3223119165783148,2017-11-02,Yearly Monthly Billing,9.99
3223119165783148,2017-12-02,Yearly Monthly Billing,9.99
3223119165783148,2018-01-02,Yearly Monthly Billing,9.99
3223119165783148,2018-03-02,Yearly Monthly Billing,9.99
3223119165783148,2018-04-02,Yearly Monthly Billing,9.99
3223119165783148,2018-05-02,Yearly Monthly Billing,9.99
3223119165783148,2018-06-02,Yearly Monthly Billing,9.99
3223119165783148,2018-07-02,Yearly Monthly Billing,9.99
3223119165783148,2018-08-02,Yearly Monthly Billing,9.99
3223119165783148,2018-11-19,Yearly Monthly Billing,14.99
3223119165783148,2018-12-28,Yearly Monthly Billing,14.99
3223119165783148,2019-01-23,Yearly Monthly Billing,14.99
3223119165783148,2019-02-14,Yearly Monthly Billing,14.99
3223119165783148,2019-03-14,Yearly Monthly Billing,14.99
3223119165783148,2019-04-14,Yearly Monthly Billing,14.99
3223119165783148,2019-05-14,Yearly Monthly Billing,14.99
3223119165783148,2020-04-04,Yearly Monthly Billing,14.99
3223119165783148,2020-05-04,Yearly Monthly Billing,14.99
3223119165783148,2020-06-04,Yearly Monthly Billing,14.99
3223119165783148,2020-07-04,Yearly Monthly Billing,14.99
3223119165783148,2020-08-04,Yearly Monthly Billing,14.99
3223119165783148,2020-09-04,Yearly Monthly Billing,14.99
3223119165783148,2020-10-04,Yearly Monthly Billing,13.62727273
3223119165783148,2020-11-04,Yearly Monthly Billing,14.99
3223119165783148,2020-12-04,Yearly Monthly Billing,13.62727273
3223119165783148,2021-01-04,Yearly Monthly Billing,14.99
3223119165783148,2021-02-04,Yearly Monthly Billing,12.49166667
3223119165783148,2021-03-04,Yearly Monthly Billing,14.99
2991057680698746,2017-08-18,Yearly,119.9990907
2991057680698746,2018-08-18,Yearly,119.9990907
1.36998E+15,2017-07-08,Yearly,119.9992024
1.36998E+15,2018-07-08,Yearly,119.9992024
7958366234558161,2017-12-15,Yearly,119.9983319
6879164087690119,2017-10-26,Yearly Monthly Billing,9.99
8994866962811298,2017-09-30,Yearly Monthly Billing,9.99
8994866962811298,2017-11-03,Yearly Monthly Billing,9.99
8994866962811298,2017-12-04,Yearly Monthly Billing,9.99
8368116067134894,2017-10-09,Yearly Monthly Billing,9.99
7401419129781395,2017-06-01,Yearly,104.3391304
6854985787676404,2017-11-09,Yearly,126.5391009
818317190564028,2017-03-16,Yearly,119.9978802
818317190564028,2020-04-20,Yearly,173.4711978
1835127251160252,2017-10-07,Yearly Monthly Billing,9.99
1835127251160252,2017-11-06,Yearly Monthly Billing,9.99
1835127251160252,2017-12-07,Yearly Monthly Billing,9.99
1835127251160252,2018-01-13,Yearly Monthly Billing,9.99
3883275644854809,2017-06-02,Yearly,119.9981385
6547486008186906,2017-05-29,Yearly,119.9986859
179489762276010,2017-04-21,Monthly,18.69264571
179489762276010,2017-05-21,Monthly,18.89336429
179489762276010,2017-06-21,Monthly,19.50068371
179489762276010,2017-07-21,Monthly,19.79068457
179489762276010,2017-08-21,Monthly,19.54465857
179489762276010,2017-09-21,Monthly,19.32361829
7193537472453673,2017-05-12,Yearly,119.99
1865415960011888,2017-04-30,Yearly,122.0939787
9481673421917377,2017-12-01,Yearly,119.9985826
3314208994294401,2017-07-14,Yearly,119.9989596
7868960866471726,2017-11-08,Yearly Monthly Billing,9.99
7868960866471726,2017-12-08,Yearly Monthly Billing,9.99
7868960866471726,2018-01-08,Yearly Monthly Billing,9.99
7602731994084133,2017-07-31,Monthly,19.62228437
2419449696302306,2017-06-02,Yearly,119.9981385
5350352335379515,2017-12-07,Yearly,65.56442508
1538967672722479,2017-12-31,Yearly Monthly Billing,9.99
1538967672722479,2018-03-01,Yearly Monthly Billing,9.99
1538967672722479,2018-03-24,Yearly Monthly Billing,9.99
1538967672722479,2018-04-24,Yearly Monthly Billing,9.99
1538967672722479,2018-05-24,Yearly Monthly Billing,9.99
1538967672722479,2018-06-29,Yearly Monthly Billing,9.99
1538967672722479,2018-07-28,Yearly Monthly Billing,9.99
1538967672722479,2018-08-24,Yearly Monthly Billing,9.99
1538967672722479,2018-09-24,Yearly Monthly Billing,9.99
1538967672722479,2018-10-24,Yearly Monthly Billing,9.99
2943133649526209,2017-10-30,Yearly,119.9976617
2943133649526209,2018-12-06,Yearly,119.990461
9355598043250347,2017-06-19,Yearly,128.0160572
2946405217509964,2017-12-25,Yearly Monthly Billing,9.99
2946405217509964,2018-01-25,Yearly Monthly Billing,9.99
2946405217509964,2018-03-25,Yearly Monthly Billing,9.99
2946405217509964,2018-04-25,Yearly Monthly Billing,9.99
6184781073890886,2017-05-02,Yearly,119.24
2257053208730196,2017-12-26,Monthly,19.7537311
2257053208730196,2018-01-26,Monthly,19.75373218
1511764720062262,2017-07-16,Yearly,119.99
616768187050870,2017-07-19,Monthly,20.21578192
616768187050870,2017-08-19,Monthly,20.21578192
616768187050870,2017-09-19,Monthly,20.21578192
616768187050870,2017-10-19,Monthly,20.21578192
616768187050870,2017-11-19,Monthly,20.21578192
5913597421853172,2017-08-29,Yearly Monthly Billing,9.99
5913597421853172,2018-04-20,Yearly Monthly Billing,9.99
9246331917565802,2017-06-16,Yearly,119.99
5862627685829812,2017-07-15,Yearly,119.99
7196854805410056,2017-05-19,Yearly,179.99
8.73419E+15,2017-07-17,Yearly,119.9988166
8.73419E+15,2018-07-17,Yearly,119.9988166
8.73419E+15,2019-07-17,Yearly,119.9988166
8.73419E+15,2020-07-17,Yearly,119.9988166
8.73419E+15,2021-07-17,Yearly,119.9988166
5476425673964062,2017-10-04,Yearly,120.400759
3090880529028459,2017-12-25,Yearly,119.9971242
1799731269585123,2017-07-18,Yearly,163.6272727
4759900850824354,2017-08-05,Yearly,77.0517
9228963646919568,2017-11-08,Yearly,119.9970991
8.79656E+15,2017-05-18,Yearly,179.99
9915663332925038,2017-07-02,Yearly,119.9989746
7879082847267343,2017-09-09,Yearly,119.998553
4483291349468923,2017-06-19,Weekly,4.823834286
4483291349468923,2017-06-26,Weekly,4.823834286
4483291349468923,2017-07-03,Weekly,4.842094857
4483291349468923,2017-06-11,Weekly,4.823834286
2578773230861906,2017-07-24,Yearly,119.9983289
3581779027960047,2017-11-04,Yearly,114.985696
2755508875884549,2017-04-11,Yearly,119.99
7053534401265118,2017-12-08,Yearly Monthly Billing,9.99
7053534401265118,2018-01-08,Yearly Monthly Billing,9.99
7053534401265118,2018-03-08,Yearly Monthly Billing,9.99
7053534401265118,2018-04-08,Yearly Monthly Billing,9.99
7053534401265118,2018-05-08,Yearly Monthly Billing,9.99
7053534401265118,2018-06-08,Yearly Monthly Billing,9.99
7053534401265118,2018-07-08,Yearly Monthly Billing,9.99
7053534401265118,2018-08-08,Yearly Monthly Billing,9.99
7053534401265118,2018-09-08,Yearly Monthly Billing,9.99
7053534401265118,2018-10-08,Yearly Monthly Billing,9.99
7053534401265118,2018-11-08,Yearly Monthly Billing,9.99
5980798741904584,2017-03-17,Yearly,119.9978802
404533352809341,2017-12-02,Yearly,68.3615083
8128555155107954,2017-10-15,Yearly,125.0494286
7868576503796395,2017-03-02,Yearly,119.9980608
7868576503796395,2018-03-02,Yearly,119.9980608
2.16567E+15,2017-06-27,Yearly,119.99
204964390883333,2017-07-04,Yearly Monthly Billing,9.649852683
823855567051818,2017-06-30,Yearly,108.500008
8696512033282874,2017-09-06,Yearly,119.9984998
727514373262431,2019-05-11,Yearly,127.098
727514373262431,2017-12-07,Yearly,122.9029242
727514373262431,2018-12-07,Yearly,125.718
577445756732563,2017-09-27,Yearly Monthly Billing,9.99
577445756732563,2017-10-27,Yearly Monthly Billing,9.99
577445756732563,2017-12-24,Yearly Monthly Billing,14.99
577445756732563,2018-01-29,Yearly Monthly Billing,14.99
577445756732563,2018-03-24,Yearly Monthly Billing,14.99
577445756732563,2018-04-24,Yearly Monthly Billing,14.99
577445756732563,2018-05-24,Yearly Monthly Billing,14.99
577445756732563,2018-06-24,Yearly Monthly Billing,14.99
577445756732563,2018-07-24,Yearly Monthly Billing,14.99
577445756732563,2018-08-24,Yearly Monthly Billing,14.99
577445756732563,2018-09-24,Yearly Monthly Billing,14.99
3453903634767193,2017-11-28,Yearly Monthly Billing,9.081818182
3453903634767193,2017-12-28,Yearly Monthly Billing,9.081818182
3453903634767193,2018-01-28,Yearly Monthly Billing,9.081818182
3453903634767193,2018-03-28,Yearly Monthly Billing,9.081818182
3453903634767193,2018-04-28,Yearly Monthly Billing,9.081818182
3453903634767193,2018-05-28,Yearly Monthly Billing,9.081818182
3453903634767193,2018-06-28,Yearly Monthly Billing,9.081818182
3453903634767193,2018-07-28,Yearly Monthly Billing,9.081818182
3453903634767193,2018-08-28,Yearly Monthly Billing,9.081818182
3453903634767193,2018-09-28,Yearly Monthly Billing,9.081818182
3453903634767193,2018-10-28,Yearly Monthly Billing,9.081818182
9348819840029004,2017-06-11,Yearly,130.220526
9348819840029004,2018-06-11,Yearly,120.78243
1444101390762832,2017-08-29,Yearly,109.0818182
2996546462754929,2017-05-25,Monthly,18.73132857
2996546462754929,2017-06-25,Monthly,19.33343943
2996546462754929,2017-07-25,Monthly,19.62095314
2996546462754929,2017-08-25,Monthly,19.37703714
2996546462754929,2017-09-25,Monthly,19.15789257
2996546462754929,2019-01-25,Monthly,28.02248071
2996546462754929,2019-02-25,Monthly,27.69778786
2996546462754929,2018-11-15,Monthly,28.31767857
2996546462754929,2019-09-09,Monthly,27.44299071
4172733160714978,2017-03-07,Yearly,109.0818182
7320450702400966,2017-06-30,Yearly,119.9993536
8395656959474772,2017-05-01,Yearly,119.9984394
154491565761445,2017-03-03,Yearly,119.9977273
988568348296780,2017-10-16,Yearly Monthly Billing,9.99
988568348296780,2018-07-27,Yearly Monthly Billing,9.99
2029366208022618,2017-02-26,Weekly,4.482393286
3870162419512132,2017-09-28,Yearly,120.7796875
9879980282940087,2017-02-09,Yearly,93.66200616
6454369974065649,2017-05-06,Weekly,5.027351
6454369974065649,2017-05-13,Weekly,5.027351
6454369974065649,2017-05-20,Weekly,5.027351
3209045816173434,2017-06-06,Yearly,119.9981699
5.66535E+15,2017-08-14,Yearly,114.4636313
5.66535E+15,2019-08-15,Yearly,105.9609253
5.66535E+15,2020-08-15,Yearly,113.4763965
5.66535E+15,2021-08-14,Yearly,113.9163598
577891295758982,2017-12-07,Yearly Monthly Billing,9.99
577891295758982,2018-01-07,Yearly Monthly Billing,9.99
577891295758982,2018-03-07,Yearly Monthly Billing,9.99
577891295758982,2018-04-07,Yearly Monthly Billing,9.99
577891295758982,2018-05-07,Yearly Monthly Billing,9.99
577891295758982,2018-06-07,Yearly Monthly Billing,9.99
577891295758982,2018-07-07,Yearly Monthly Billing,9.99
577891295758982,2018-08-07,Yearly Monthly Billing,9.99
577891295758982,2018-09-07,Yearly Monthly Billing,9.99
577891295758982,2018-10-07,Yearly Monthly Billing,9.99
577891295758982,2018-11-07,Yearly Monthly Billing,9.99
577891295758982,2018-12-07,Yearly Monthly Billing,9.99
577891295758982,2019-01-07,Yearly Monthly Billing,9.99
577891295758982,2019-02-07,Yearly Monthly Billing,9.99
577891295758982,2019-03-07,Yearly Monthly Billing,9.99
577891295758982,2019-04-07,Yearly Monthly Billing,9.99
577891295758982,2019-05-07,Yearly Monthly Billing,9.99
577891295758982,2019-06-07,Yearly Monthly Billing,9.99
577891295758982,2019-07-07,Yearly Monthly Billing,9.99
2432896767670084,2017-05-27,Yearly,121.92684
2432896767670084,2018-11-10,Monthly,18.07079467
2133751434534861,2017-08-14,Yearly,179.9976471
1410531332261812,2017-11-27,Yearly,65.08413333
6092052632126845,2017-12-30,Yearly,72.26671481
7721325623583305,2017-08-13,Yearly,119.99865
629645478710990,2017-11-30,Yearly,119.9989666
629645478710990,2018-11-30,Yearly,119.9989666
629645478710990,2019-11-30,Yearly,119.9989666
629645478710990,2020-11-30,Yearly,119.9989666
629645478710990,2021-11-30,Yearly,119.9989666
5917431770202169,2017-11-24,Yearly,58.53129214
5233415536462042,2017-10-01,Yearly Monthly Billing,9.99
5233415536462042,2017-11-01,Yearly Monthly Billing,9.99
1531599592114964,2017-11-22,Monthly,19.67792471
1531599592114964,2017-12-22,Monthly,19.91641575
1531599592114964,2018-01-22,Monthly,19.91641684
1531599592114964,2018-03-22,Monthly,19.93449058
4721782486673075,2017-10-01,Yearly,100.64
4614451912731381,2017-06-14,Monthly,19.99
4614451912731381,2017-07-14,Monthly,19.99
4026692533117245,2017-06-09,Yearly,163.6272727
9685720359176917,2017-05-18,Yearly,122.9123458
3848687767016157,2017-11-16,Yearly Monthly Billing,9.99
3848687767016157,2017-12-16,Yearly Monthly Billing,9.99
3848687767016157,2018-01-23,Yearly Monthly Billing,9.99
9274047393028001,2017-03-27,Yearly,119.9984981
9274047393028001,2018-03-27,Yearly,119.9984981
9274047393028001,2019-03-27,Yearly,119.9984981
9274047393028001,2020-03-27,Yearly,119.9984981
9274047393028001,2021-03-27,Yearly,119.9984981
1309698085804657,2017-12-28,Yearly,125.2785769
1309698085804657,2018-12-28,Yearly,114.519988
9329472176710239,2017-10-29,Monthly,19.99
9329472176710239,2017-11-29,Monthly,19.99
9329472176710239,2017-12-29,Monthly,19.99
9329472176710239,2018-01-29,Monthly,19.99
9329472176710239,2018-03-27,Monthly,19.99
9329472176710239,2019-06-05,Yearly Monthly Billing,14.99
9329472176710239,2019-07-05,Yearly Monthly Billing,14.99
9329472176710239,2019-08-05,Yearly Monthly Billing,14.99
9329472176710239,2019-09-05,Yearly Monthly Billing,14.99
9329472176710239,2019-10-05,Yearly Monthly Billing,14.99
9329472176710239,2019-11-05,Yearly Monthly Billing,14.99
9329472176710239,2019-12-05,Yearly Monthly Billing,14.99
9329472176710239,2020-01-05,Yearly Monthly Billing,14.99
9329472176710239,2020-02-05,Yearly Monthly Billing,14.99
9329472176710239,2020-03-05,Yearly Monthly Billing,14.99
9329472176710239,2020-04-05,Yearly Monthly Billing,14.99
9329472176710239,2020-05-05,Yearly Monthly Billing,14.99
9329472176710239,2020-06-05,Yearly Monthly Billing,14.99
9329472176710239,2020-07-05,Yearly Monthly Billing,14.99
9329472176710239,2020-08-05,Yearly Monthly Billing,14.99
9329472176710239,2020-09-05,Yearly Monthly Billing,14.99
9329472176710239,2020-10-05,Yearly Monthly Billing,14.99
9329472176710239,2020-11-05,Yearly Monthly Billing,14.99
9329472176710239,2020-12-05,Yearly Monthly Billing,14.99
9329472176710239,2021-01-05,Yearly Monthly Billing,14.99
9329472176710239,2021-02-05,Yearly Monthly Billing,14.99
9329472176710239,2021-03-05,Yearly Monthly Billing,14.99
9329472176710239,2021-04-05,Yearly Monthly Billing,14.99
4.43391E+15,2017-07-01,Yearly,119.99
4.43391E+15,2021-10-21,Yearly,179.99
5546116231661663,2017-06-28,Yearly,119.9989672
7681090929450262,2017-06-19,Yearly,125.37
8.47418E+15,2017-10-16,Yearly,119.9988235
6.17064E+15,2017-06-27,Yearly,119.9991249
877818585484039,2017-02-22,Monthly,19.99
877818585484039,2017-03-22,Monthly,19.99
877818585484039,2017-04-22,Monthly,19.99
877818585484039,2017-05-22,Monthly,19.99
877818585484039,2017-06-22,Monthly,19.99
877818585484039,2017-07-22,Monthly,19.99
8333774444463296,2017-03-21,Yearly,105.485064
8333774444463296,2018-04-07,Yearly,113.065432
8333774444463296,2020-04-01,Yearly,104.506952
5756329302882216,2017-08-06,Monthly,19.99
7103172645635713,2017-08-26,Yearly,119.99
8532815035991879,2017-01-02,Yearly,118.5701346
8532815035991879,2018-01-02,Yearly,119.99
5287061117206448,2017-12-13,Yearly Monthly Billing,9.71242242
5287061117206448,2018-01-13,Yearly Monthly Billing,9.712422952
5287061117206448,2018-03-18,Yearly Monthly Billing,9.721236774
5287061117206448,2018-04-13,Yearly Monthly Billing,9.422986935
5287061117206448,2018-05-13,Yearly Monthly Billing,9.357004597
5287061117206448,2018-06-13,Yearly Monthly Billing,9.3906
5287061117206448,2018-07-13,Yearly Monthly Billing,9.332351855
5287061117206448,2018-08-13,Yearly Monthly Billing,9.305765565
5287061117206448,2018-09-13,Yearly Monthly Billing,9.140688871
5287061117206448,2018-10-13,Yearly Monthly Billing,9.107576855
5287061117206448,2018-11-13,Yearly Monthly Billing,9.204495968
5287061117206448,2018-12-13,Yearly Monthly Billing,9.173720323
5287061117206448,2019-01-13,Yearly Monthly Billing,9.108543629
5287061117206448,2019-02-13,Yearly Monthly Billing,9.003004113
5287061117206448,2019-03-13,Yearly Monthly Billing,8.961593952
5287061117206448,2019-04-13,Yearly Monthly Billing,8.987535726
5287061117206448,2019-05-13,Yearly Monthly Billing,9.119742097
5287061117206448,2019-06-13,Yearly Monthly Billing,9.015008226
5287061117206448,2019-07-13,Yearly Monthly Billing,8.816658387
5287061117206448,2019-08-13,Yearly Monthly Billing,8.750837177
5287061117206448,2019-09-13,Yearly Monthly Billing,8.92018379
5287061117206448,2019-10-13,Yearly Monthly Billing,8.847675726
1945722020435178,2017-01-12,Yearly,91.69707996
1945722020435178,2018-01-12,Yearly,101.9667656
1945722020435178,2019-01-12,Yearly,98.77279364
1945722020435178,2020-01-12,Yearly,95.45089754
1945722020435178,2021-01-12,Yearly,104.5534927
1945722020435178,2022-01-12,Yearly,100.9811422
3821982688572491,2017-07-14,Yearly,119.9989596
5140904734118649,2017-07-26,Monthly,19.62161876
5140904734118649,2017-08-26,Monthly,19.37769448
5140904734118649,2020-05-13,3 Months,37.17784029
5140904734118649,2020-08-13,3 Months,38.43644271
5140904734118649,2020-11-13,3 Months,40.17614914
5140904734118649,2021-07-09,3 Months,38.74503271
5140904734118649,2021-07-09,3 Months,38.74503271
5140904734118649,2017-08-30,Monthly,19.37802315
5140904734118649,2017-09-30,Monthly,19.15886743
5140904734118649,2017-10-30,Monthly,19.52946686
5140904734118649,2017-11-30,Monthly,19.67133179
5140904734118649,2021-03-05,3 Months,39.84208586
5140904734118649,2021-03-05,3 Months,39.84208586
5326633976337459,2017-02-04,Monthly,19.99849009
5326633976337459,2017-03-04,Yearly,19.99849009
5326633976337459,2017-04-04,Yearly,19.99849009
5326633976337459,2017-05-04,Yearly,19.99849009
5326633976337459,2017-06-04,Yearly,19.99849009
5326633976337459,2017-07-04,Yearly,19.99849009
5326633976337459,2017-08-04,Yearly,19.99849009
5326633976337459,2017-09-04,Yearly,19.99849009
5326633976337459,2017-10-04,Yearly,19.99849009
5326633976337459,2017-11-04,Yearly,19.99849009
5326633976337459,2017-12-04,Yearly,19.99849009
5326633976337459,2018-01-04,Yearly,19.99849009
5326633976337459,2018-02-04,Yearly,19.99849009
5326633976337459,2018-03-04,Yearly,19.99849009
5326633976337459,2018-04-04,Yearly,19.99849009
5326633976337459,2018-05-04,Yearly,19.99849009
5326633976337459,2018-06-04,Yearly,19.99849009
5326633976337459,2018-07-04,Yearly,19.99849009
5326633976337459,2018-08-04,Yearly,19.99849009
5326633976337459,2018-09-04,Yearly,19.99849009
5326633976337459,2018-10-04,Yearly,19.99849009
5326633976337459,2018-11-04,Yearly,19.99849009
5326633976337459,2018-12-04,Yearly,19.99849009
5326633976337459,2019-01-04,Yearly,19.99849009
9685951194437634,2017-10-24,Monthly,19.86434857
9685951194437634,2017-11-24,Monthly,20.00864613
9685951194437634,2019-11-23,Yearly,167.0579454
167079747626819,2017-10-05,Yearly,120.400759
4996182136608026,2017-12-26,Yearly Monthly Billing,9.99
4996182136608026,2018-01-26,Yearly Monthly Billing,9.99
4996182136608026,2018-03-26,Yearly Monthly Billing,9.99
4996182136608026,2018-04-26,Yearly Monthly Billing,9.99
4996182136608026,2018-05-26,Yearly Monthly Billing,9.99
4996182136608026,2018-06-26,Yearly Monthly Billing,9.99
4996182136608026,2018-07-26,Yearly Monthly Billing,9.99
4996182136608026,2018-09-23,Yearly Monthly Billing,14.99
4996182136608026,2018-10-23,Yearly Monthly Billing,14.99
4996182136608026,2018-11-23,Yearly Monthly Billing,14.99
4996182136608026,2018-12-23,Yearly Monthly Billing,14.99
4996182136608026,2019-01-23,Yearly Monthly Billing,14.99
4996182136608026,2019-02-23,Yearly Monthly Billing,14.99
4996182136608026,2019-03-23,Yearly Monthly Billing,14.99
4996182136608026,2019-04-23,Yearly Monthly Billing,14.99
4996182136608026,2019-05-23,Yearly Monthly Billing,14.99
4996182136608026,2019-06-23,Yearly Monthly Billing,14.99
4996182136608026,2019-07-23,Yearly Monthly Billing,14.99
4996182136608026,2019-08-23,Yearly Monthly Billing,14.99
4996182136608026,2019-09-23,Yearly Monthly Billing,14.99
4996182136608026,2019-10-23,Yearly Monthly Billing,14.99
4996182136608026,2019-11-24,Yearly Monthly Billing,14.99
4996182136608026,2019-12-26,Yearly Monthly Billing,14.99
4996182136608026,2020-01-26,Yearly Monthly Billing,14.99
4996182136608026,2020-02-26,Yearly Monthly Billing,14.99
4996182136608026,2020-03-26,Yearly Monthly Billing,14.99
4996182136608026,2020-04-26,Yearly Monthly Billing,14.99
4996182136608026,2020-05-26,Yearly Monthly Billing,14.99
4996182136608026,2020-06-26,Yearly Monthly Billing,14.99
4996182136608026,2020-07-26,Yearly Monthly Billing,14.99
4996182136608026,2020-08-26,Yearly Monthly Billing,14.99
4996182136608026,2020-09-26,Yearly Monthly Billing,14.99
4996182136608026,2020-10-26,Yearly Monthly Billing,14.99
4996182136608026,2020-11-26,Yearly Monthly Billing,14.99
4996182136608026,2020-12-26,Yearly Monthly Billing,14.99
4996182136608026,2021-01-26,Yearly Monthly Billing,14.99
4996182136608026,2021-02-26,Yearly Monthly Billing,14.99
4996182136608026,2021-03-26,Yearly Monthly Billing,14.99
4996182136608026,2021-04-26,Yearly Monthly Billing,14.99
4996182136608026,2021-05-26,Yearly Monthly Billing,14.99
4996182136608026,2021-06-26,Yearly Monthly Billing,14.99
4996182136608026,2021-07-26,Yearly Monthly Billing,14.99
4996182136608026,2021-08-26,Yearly Monthly Billing,14.99
4996182136608026,2021-09-26,Yearly Monthly Billing,14.99
4996182136608026,2021-10-26,Yearly Monthly Billing,14.99
4996182136608026,2021-11-26,Yearly Monthly Billing,14.99
4996182136608026,2021-12-26,Yearly Monthly Billing,14.99
4996182136608026,2022-01-26,Yearly Monthly Billing,14.99
3527928694942862,2017-01-08,Yearly,99.88
3527928694942862,2018-03-19,Monthly,19.29658688
3527928694942862,2018-04-19,Monthly,18.70456304
3527928694942862,2018-05-19,Monthly,18.57358856
3527928694942862,2018-06-19,Monthly,18.6402752
3527928694942862,2018-07-19,Monthly,18.52465304
3527928694942862,2018-08-19,Monthly,18.47187944
3527928694942862,2018-09-19,Monthly,18.14420336
3527928694942862,2018-10-19,Monthly,18.07847624
3527928694942862,2018-11-19,Monthly,18.27086
3527928694942862,2018-12-19,Monthly,18.20977056
3527928694942862,2019-01-19,Monthly,18.08039528
3527928694942862,2019-02-19,Monthly,17.87090008
3527928694942862,2019-03-19,Monthly,17.7887012
3527928694942862,2019-04-19,Monthly,17.84019544
3527928694942862,2019-05-19,Monthly,18.10262416
3527928694942862,2019-06-19,Monthly,17.89472816
5865565333550743,2017-02-15,Monthly,20.04680582
5865565333550743,2017-03-15,Monthly,20.04680582
9325694737021965,2017-06-18,Weekly,5.55291
9325694737021965,2017-06-25,Weekly,5.55291
9325694737021965,2017-07-02,Weekly,5.50836
9325694737021965,2017-07-09,Weekly,5.50836
9325694737021965,2017-07-16,Weekly,5.50836
9325694737021965,2017-07-23,Weekly,5.50836
9325694737021965,2017-07-30,Weekly,5.50836
9325694737021965,2017-08-06,Weekly,5.39055
9325694737021965,2017-08-13,Weekly,5.39055
9325694737021965,2017-08-20,Weekly,5.39055
9325694737021965,2017-08-27,Weekly,5.39055
9325694737021965,2017-09-03,Weekly,5.17176
9325694737021965,2017-09-10,Weekly,5.17176
9325694737021965,2017-09-17,Weekly,5.17176
9325694737021965,2017-09-24,Weekly,5.17176
9325694737021965,2017-10-01,Weekly,5.29551
9325694737021965,2017-10-08,Weekly,5.29551
9325694737021965,2017-10-15,Weekly,5.29551
9325694737021965,2017-10-22,Weekly,5.29551
9325694737021965,2017-10-29,Weekly,5.29551
9325694737021965,2017-11-05,Weekly,5.02425
9325694737021965,2017-11-12,Weekly,5.02425
9325694737021965,2017-11-19,Weekly,5.02425
9325694737021965,2017-11-26,Weekly,5.02425
9325694737021965,2017-12-03,Weekly,5.084740287
9325694737021965,2017-12-10,Weekly,5.084740287
9325694737021965,2017-12-17,Weekly,5.084740287
9325694737021965,2017-12-24,Weekly,5.084740287
9325694737021965,2017-12-31,Weekly,5.084740287
9325694737021965,2018-01-07,Weekly,5.084739495
9325694737021965,2018-01-25,Weekly,5.084739495
9325694737021965,2018-02-01,Weekly,5.39451
3390800392816942,2017-04-26,Weekly,5.104525571
1789756485555644,2017-11-25,Yearly,120.0987205
4759619834542065,2017-10-14,Yearly,120.2009526
573380659357298,2017-02-17,Weekly,5.192520857
9162212898193692,2017-09-08,Yearly Monthly Billing,9.99
9162212898193692,2017-10-08,Yearly Monthly Billing,9.99
9162212898193692,2017-11-08,Yearly Monthly Billing,9.99
9162212898193692,2017-12-08,Yearly Monthly Billing,9.99
9162212898193692,2018-01-08,Yearly Monthly Billing,9.99
2823113200873777,2017-06-15,Yearly,119.9985719
8038051242640976,2017-09-02,Yearly Monthly Billing,9.99
8038051242640976,2017-10-06,Yearly Monthly Billing,9.99
8038051242640976,2017-11-06,Yearly Monthly Billing,9.99
8038051242640976,2017-12-06,Yearly Monthly Billing,9.99
8038051242640976,2018-01-06,Yearly Monthly Billing,9.99
8038051242640976,2018-03-06,Yearly Monthly Billing,9.99
8038051242640976,2018-04-06,Yearly Monthly Billing,9.99
8038051242640976,2018-05-06,Yearly Monthly Billing,9.99
8038051242640976,2018-06-06,Yearly Monthly Billing,9.99
8038051242640976,2018-07-06,Yearly Monthly Billing,9.99
8038051242640976,2018-08-06,Yearly Monthly Billing,9.99
8038051242640976,2018-09-06,Yearly Monthly Billing,9.99
8038051242640976,2018-10-06,Yearly Monthly Billing,9.99
8038051242640976,2018-11-06,Yearly Monthly Billing,9.99
8038051242640976,2018-12-06,Yearly Monthly Billing,9.99
8038051242640976,2019-01-06,Yearly Monthly Billing,9.99
8038051242640976,2019-02-21,Yearly Monthly Billing,14.99
8038051242640976,2019-03-21,Yearly Monthly Billing,14.99
8038051242640976,2019-04-21,Yearly Monthly Billing,14.99
8038051242640976,2019-05-21,Yearly Monthly Billing,14.99
8038051242640976,2019-06-21,Yearly Monthly Billing,14.99
8038051242640976,2019-07-21,Yearly Monthly Billing,14.99
8038051242640976,2019-08-21,Yearly Monthly Billing,14.99
8038051242640976,2019-09-21,Yearly Monthly Billing,14.99
8038051242640976,2019-10-21,Yearly Monthly Billing,14.99
8038051242640976,2019-11-21,Yearly Monthly Billing,14.99
8038051242640976,2019-12-21,Yearly Monthly Billing,14.99
8038051242640976,2020-01-21,Yearly Monthly Billing,14.99
8038051242640976,2020-02-21,Yearly Monthly Billing,14.99
8038051242640976,2020-03-21,Yearly Monthly Billing,14.99
8038051242640976,2020-04-21,Yearly Monthly Billing,14.99
8038051242640976,2020-05-21,Yearly Monthly Billing,14.99
8038051242640976,2020-06-21,Yearly Monthly Billing,14.99
8038051242640976,2020-07-21,Yearly Monthly Billing,14.99
8038051242640976,2020-08-21,Yearly Monthly Billing,14.99
8038051242640976,2020-09-21,Yearly Monthly Billing,14.99
8038051242640976,2020-10-21,Yearly Monthly Billing,14.99
8038051242640976,2020-11-21,Yearly Monthly Billing,14.99
8038051242640976,2020-12-21,Yearly Monthly Billing,14.99
8038051242640976,2021-01-05,Yearly Monthly Billing,14.99
8038051242640976,2021-02-05,Yearly Monthly Billing,14.99
8038051242640976,2021-03-05,Yearly Monthly Billing,14.99
8038051242640976,2021-04-05,Yearly Monthly Billing,14.99
8038051242640976,2021-05-05,Yearly Monthly Billing,14.99
8038051242640976,2021-06-05,Yearly Monthly Billing,14.99
8038051242640976,2021-07-05,Yearly Monthly Billing,14.99
8038051242640976,2021-08-05,Yearly Monthly Billing,14.99
8038051242640976,2021-09-05,Yearly Monthly Billing,14.99
8038051242640976,2021-10-05,Yearly Monthly Billing,14.99
8038051242640976,2021-11-05,Yearly Monthly Billing,14.99
8038051242640976,2021-12-05,Yearly Monthly Billing,14.99
8038051242640976,2022-01-05,Yearly Monthly Billing,14.99
8038051242640976,2022-02-05,Yearly Monthly Billing,14.99
2602720588700739,2017-02-09,Yearly,93.66200616
9257474689626643,2017-10-11,Yearly Monthly Billing,9.99
331264083943942,2017-10-15,Yearly Monthly Billing,9.99
331264083943942,2017-11-19,Yearly Monthly Billing,9.99
331264083943942,2017-12-26,Yearly Monthly Billing,9.99
331264083943942,2018-01-26,Yearly Monthly Billing,9.99
331264083943942,2018-03-16,Yearly Monthly Billing,9.99
331264083943942,2018-04-20,Yearly Monthly Billing,9.99
331264083943942,2020-04-24,Monthly,29.99
1177151695618648,2017-03-06,Yearly,119.99
673763072305672,2017-08-03,Monthly,19.99
673763072305672,2017-09-03,Monthly,19.99
8186526452422677,2017-09-24,Yearly,120.2862745
8349908923329715,2017-12-05,Yearly Monthly Billing,9.99
8349908923329715,2018-01-05,Yearly Monthly Billing,9.99
8349908923329715,2018-03-05,Yearly Monthly Billing,9.99
8349908923329715,2018-04-05,Yearly Monthly Billing,9.99
8349908923329715,2018-05-05,Yearly Monthly Billing,9.99
8349908923329715,2018-06-05,Yearly Monthly Billing,9.99
8349908923329715,2018-07-26,Yearly Monthly Billing,9.99
440724225362796,2017-05-02,Monthly,19.99
440724225362796,2017-06-02,Monthly,19.99
440724225362796,2017-07-02,Monthly,19.99
440724225362796,2017-08-02,Monthly,19.99
440724225362796,2017-09-02,Monthly,19.99
7516510263679297,2017-08-17,Yearly,119.99
4032364602871537,2017-08-11,Yearly,119.9990104
4032364602871537,2018-08-11,Yearly,119.9990104
3208727494449044,2017-01-08,Monthly,18.06876
3208727494449044,2017-02-08,Monthly,18.179424
3208727494449044,2017-03-08,Monthly,18.656424
3251253438731304,2017-05-11,Yearly,119.9985087
3320177455504206,2017-12-30,Yearly,119.9976339
9917258996665969,2017-04-29,Yearly,118.5191726
8641542613061284,2017-10-14,Yearly Monthly Billing,9.99
8641542613061284,2017-11-14,Yearly Monthly Billing,9.99
8641542613061284,2017-12-14,Yearly Monthly Billing,9.99
8641542613061284,2018-01-14,Yearly Monthly Billing,9.99
8641542613061284,2018-03-14,Yearly Monthly Billing,9.99
8641542613061284,2018-04-14,Yearly Monthly Billing,9.99
8641542613061284,2018-05-14,Yearly Monthly Billing,9.99
8641542613061284,2018-06-14,Yearly Monthly Billing,9.99
8641542613061284,2018-07-14,Yearly Monthly Billing,9.99
8641542613061284,2018-08-14,Yearly Monthly Billing,9.99
8641542613061284,2018-09-14,Yearly Monthly Billing,9.99
3522295099830048,2017-01-14,Yearly,119.99
952203559642016,2017-06-06,Yearly,119.9981699
952203559642016,2018-06-06,Yearly,119.9981699
3200571542376485,2017-02-15,Yearly,124.1086802
3403688094812811,2017-02-12,Monthly,22
3403688094812811,2017-03-12,Monthly,22
3403688094812811,2017-04-12,Monthly,22
3403688094812811,2017-05-12,Monthly,22
3403688094812811,2017-06-12,Monthly,22
3403688094812811,2017-07-12,Monthly,22
3403688094812811,2017-08-12,Monthly,22
3403688094812811,2017-09-12,Monthly,22
3403688094812811,2017-10-12,Monthly,22
3403688094812811,2017-11-12,Monthly,22
3403688094812811,2017-12-12,Monthly,22
3403688094812811,2018-01-12,Monthly,22
7557567867719364,2017-11-12,Yearly Monthly Billing,9.99
7557567867719364,2017-12-12,Yearly Monthly Billing,9.99
7557567867719364,2018-01-12,Yearly Monthly Billing,9.99
7557567867719364,2018-03-12,Yearly Monthly Billing,9.99
7557567867719364,2018-04-12,Yearly Monthly Billing,9.99
7557567867719364,2018-05-12,Yearly Monthly Billing,9.99
7557567867719364,2018-06-12,Yearly Monthly Billing,9.99
7557567867719364,2018-07-12,Yearly Monthly Billing,9.99
7557567867719364,2018-08-12,Yearly Monthly Billing,9.99
7557567867719364,2018-09-12,Yearly Monthly Billing,9.99
7557567867719364,2018-10-12,Yearly Monthly Billing,9.99
840197647552014,2017-05-24,Yearly,119.9986755
1098890971956624,2017-10-02,Yearly Monthly Billing,9.99
1098890971956624,2017-11-02,Yearly Monthly Billing,9.99
1098890971956624,2017-12-02,Yearly Monthly Billing,9.99
1098890971956624,2018-01-02,Yearly Monthly Billing,9.99
1098890971956624,2018-03-02,Yearly Monthly Billing,9.99
1098890971956624,2018-04-02,Yearly Monthly Billing,9.99
1098890971956624,2018-05-02,Yearly Monthly Billing,9.99
1098890971956624,2018-06-02,Yearly Monthly Billing,9.99
1098890971956624,2018-07-02,Yearly Monthly Billing,9.99
1098890971956624,2018-08-02,Yearly Monthly Billing,9.99
1098890971956624,2018-09-02,Yearly Monthly Billing,9.99
8061583335474862,2017-10-17,Yearly,112.3321074
5969710465827991,2017-02-17,Yearly,109.0818182
9155942477529753,2017-12-18,Yearly,119.9980261
1231651579357137,2017-07-15,Yearly,119.99
8396453855421265,2017-06-28,Yearly,119.9989672
7057503321936714,2017-03-02,Yearly,121.9732702
7057503321936714,2018-03-02,Yearly,123.2937487
821330569207922,2017-09-01,Yearly,115.9914274
8286341260083642,2017-05-28,Yearly,119.9976313
289785822441289,2017-01-29,Monthly,20.0426325
289785822441289,2017-02-28,Monthly,20.0426325
289785822441289,2017-03-29,Monthly,20.0426325
8189268091376573,2017-10-18,Monthly,19.2183535
1.17723E+15,2017-05-30,Yearly,105.4088062
8392545543649059,2017-02-19,Yearly,119.9977941
8805692417927126,2017-04-13,Monthly,18.8809
8805692417927126,2017-05-13,Monthly,19.13218
8805692417927126,2017-06-13,Monthly,19.57541
8805692417927126,2017-07-13,Monthly,19.41836
5616225909878403,2017-05-16,Yearly,97.44891291
5473906737587495,2017-05-07,Yearly,112.4782293
4973031432526354,2017-12-06,Yearly,125.1601363
4973031432526354,2019-01-15,Yearly,160.5935326
4937187521287652,2017-05-01,Yearly,119.99
6987670652893059,2017-12-16,Yearly,119.9983307
4764742249185567,2017-02-17,Monthly,20.69435071
4764742249185567,2017-03-17,Monthly,20.72246686
4764742249185567,2017-04-17,Monthly,20.93928
4764742249185567,2017-05-17,Monthly,20.93348286
4764742249185567,2017-06-17,Monthly,21.310587
4764742249185567,2017-07-17,Monthly,21.30421014
4764742249185567,2017-08-17,Monthly,21.235514
4764742249185567,2017-09-17,Monthly,21.21957186
4764742249185567,2017-10-17,Monthly,21.44942857
4764742249185567,2017-11-17,Monthly,21.61754571
4764742249185567,2017-12-17,Monthly,21.81012547
4764742249185567,2018-01-17,Monthly,21.81016999
4764742249185567,2018-02-17,Monthly,22.04392557
8392368343508288,2017-11-25,Yearly,84.39999126
2237515198170556,2017-12-30,Yearly,119.99828
1281442514722755,2017-11-07,Yearly Monthly Billing,9.99
1281442514722755,2020-08-15,Yearly Monthly Billing,14.99
1281442514722755,2020-09-15,Yearly Monthly Billing,14.99
1281442514722755,2020-10-15,Yearly Monthly Billing,14.99
1281442514722755,2020-11-15,Yearly Monthly Billing,14.99
1281442514722755,2020-12-15,Yearly Monthly Billing,14.99
3424224949493847,2017-09-20,Yearly,120.3606138
3424224949493847,2018-02-11,Yearly,119.9980042
3424224949493847,2019-02-11,Yearly,119.9980042
3424224949493847,2020-02-11,Yearly,119.9980042
3424224949493847,2021-02-11,Yearly,119.9980042
3424224949493847,2022-02-11,Yearly,119.9980042
153149107522837,2017-08-12,Yearly,119.99
153149107522837,2020-12-08,Yearly,179.99
153149107522837,2021-12-08,Yearly,179.99
1109210975905084,2017-08-26,Monthly,17.484636
1109210975905084,2017-09-26,Monthly,17.496264
2245338200167483,2017-11-18,Yearly,126.5391009
615146535577186,2017-02-26,Yearly,119.99
9430290427862623,2017-11-11,Yearly Monthly Billing,9.99
9430290427862623,2017-12-11,Yearly Monthly Billing,9.99
9430290427862623,2018-01-11,Yearly Monthly Billing,9.99
9430290427862623,2018-03-11,Yearly Monthly Billing,9.99
9430290427862623,2018-04-11,Yearly Monthly Billing,9.99
9430290427862623,2018-05-11,Yearly Monthly Billing,9.99
9430290427862623,2018-06-11,Yearly Monthly Billing,9.99
9430290427862623,2018-07-11,Yearly Monthly Billing,9.99
9430290427862623,2018-08-11,Yearly Monthly Billing,9.99
9430290427862623,2018-09-11,Yearly Monthly Billing,9.99
9430290427862623,2018-10-11,Yearly Monthly Billing,9.99
8102984079067232,2017-01-30,Monthly,20.085181
8102984079067232,2017-02-28,Monthly,20.085181
4.22632E+15,2017-12-17,Yearly,120.5404097
9.04949E+15,2017-12-31,Yearly,119.5557117
9.04949E+15,2018-12-31,Yearly,112.9245223
9.04949E+15,2019-12-31,Yearly,109.9870646
9.04949E+15,2020-12-31,Yearly,119.0493497
9.04949E+15,2021-12-31,Yearly,111.8623963
298452289429730,2017-11-27,Yearly,119.9983626
3708355055383322,2017-10-23,Yearly,119.2318023
3708355055383322,2018-10-23,Yearly,113.9836751
298780211971760,2017-12-11,Yearly,125.7523394
3570918913145258,2017-05-20,Yearly,119.9986631
2921696419563046,2017-04-09,Yearly,109.0818182
5516115342251528,2017-10-28,Yearly Monthly Billing,9.99
5516115342251528,2017-11-28,Yearly Monthly Billing,9.99
5516115342251528,2017-12-28,Yearly Monthly Billing,9.99
5516115342251528,2018-01-28,Yearly Monthly Billing,9.99
5516115342251528,2018-03-28,Yearly Monthly Billing,9.99
5516115342251528,2018-04-28,Yearly Monthly Billing,9.99
5516115342251528,2018-05-28,Yearly Monthly Billing,9.99
5516115342251528,2018-06-28,Yearly Monthly Billing,9.99
5516115342251528,2018-07-28,Yearly Monthly Billing,9.99
5516115342251528,2018-08-28,Yearly Monthly Billing,9.99
5516115342251528,2018-09-28,Yearly Monthly Billing,9.99
5516115342251528,2018-10-28,Yearly Monthly Billing,9.99
5516115342251528,2018-11-28,Yearly Monthly Billing,9.99
5516115342251528,2018-12-28,Yearly Monthly Billing,9.99
5516115342251528,2019-01-28,Yearly Monthly Billing,9.99
5516115342251528,2019-02-28,Yearly Monthly Billing,9.99
5516115342251528,2019-03-28,Yearly Monthly Billing,9.99
5516115342251528,2019-04-28,Yearly Monthly Billing,9.99
5516115342251528,2019-05-28,Yearly Monthly Billing,9.99
5516115342251528,2019-06-28,Yearly Monthly Billing,9.99
3574236241865742,2017-08-24,Yearly,119.9987367
3574236241865742,2017-08-12,Yearly,119.9990104
2090374848960794,2017-12-28,Yearly,119.9981532
2090374848960794,2018-12-28,Yearly,119.9981532
3869790609695829,2017-09-30,Monthly,20
3869790609695829,2017-10-30,Monthly,20
3869790609695829,2017-11-30,Monthly,20
3869790609695829,2017-12-04,Monthly,20
3869790609695829,2018-01-04,Monthly,20
778528545248544,2017-12-12,Yearly Monthly Billing,14.99
778528545248544,2018-01-12,Yearly Monthly Billing,14.99
778528545248544,2018-03-12,Yearly Monthly Billing,14.99
778528545248544,2018-04-12,Yearly Monthly Billing,14.99
778528545248544,2018-05-22,Yearly Monthly Billing,14.99
6.63938E+15,2017-12-26,Yearly Monthly Billing,9.99
6.63938E+15,2018-01-26,Yearly Monthly Billing,9.99
6.63938E+15,2018-03-26,Yearly Monthly Billing,9.99
8178256564605743,2017-11-06,Yearly,119.9985511
5747313003318688,2017-04-04,Yearly,119.99
6001209747557309,2017-08-05,Yearly,119.99
9237486213778786,2017-05-18,Yearly,119.9989056
5534119261154416,2018-01-14,Monthly,19.10248054
5534119261154416,2018-02-14,Monthly,19.35124286
5534119261154416,2018-03-14,Monthly,18.73541429
5534119261154416,2018-04-14,Monthly,18.8188
5534119261154416,2017-08-15,Yearly,114.1688174
545053952345326,2017-10-23,Yearly,119.9986928
336419060894110,2017-08-16,Yearly,51.56
336419060894110,2018-08-16,Yearly,51.56
336419060894110,2019-08-16,Yearly,51.56
336419060894110,2020-08-16,Yearly,51.56
336419060894110,2021-08-16,Yearly,51.56
6466156606641837,2017-12-28,Yearly,119.99
4340445827975974,2017-09-10,Yearly Monthly Billing,9.99
4340445827975974,2017-10-10,Yearly Monthly Billing,9.99
4340445827975974,2017-11-10,Yearly Monthly Billing,9.99
4340445827975974,2017-12-10,Yearly Monthly Billing,9.99
4340445827975974,2018-01-10,Yearly Monthly Billing,9.99
4340445827975974,2018-03-10,Yearly Monthly Billing,9.99
4340445827975974,2018-04-10,Yearly Monthly Billing,9.99
4340445827975974,2018-04-10,Yearly Monthly Billing,9.99
4340445827975974,2018-04-10,Yearly Monthly Billing,9.99
4340445827975974,2018-04-10,Yearly Monthly Billing,9.99
4340445827975974,2018-06-10,Yearly Monthly Billing,9.99
4340445827975974,2018-07-10,Yearly Monthly Billing,9.99
4340445827975974,2018-08-10,Yearly Monthly Billing,9.99
4.7932E+15,2017-01-11,Yearly,119.9966387
1376027361434781,2017-07-24,Yearly,118.802099
1376027361434781,2021-01-09,Yearly Monthly Billing,15.0932975
1376027361434781,2021-02-09,Yearly Monthly Billing,14.94661875
1376027361434781,2021-03-09,Yearly Monthly Billing,15.02434225
1376027361434781,2021-04-09,Yearly Monthly Billing,15.31488525
1376027361434781,2021-05-09,Yearly Monthly Billing,15.02845575
1376027361434781,2021-06-09,Yearly Monthly Billing,14.8945505
1376027361434781,2021-07-09,Yearly Monthly Billing,14.81325475
1376027361434781,2021-08-09,Yearly Monthly Billing,14.79983175
1376027361434781,2021-09-09,Yearly Monthly Billing,14.84313175
1376027361434781,2021-10-09,Yearly Monthly Billing,14.422364
1376027361434781,2021-11-09,Yearly Monthly Billing,14.49175225
1376027361434781,2021-12-09,Yearly Monthly Billing,14.5775945
1376027361434781,2022-01-09,Yearly Monthly Billing,14.5775945
1376027361434781,2022-02-09,Yearly Monthly Billing,14.5775945
3.0193E+15,2017-08-30,Yearly,124.71
3.0193E+15,2018-08-30,Yearly,122.39
3.0193E+15,2019-08-30,Yearly,109.92
4491939322424547,2017-09-04,Yearly,113.1740903
4270959158661936,2017-08-31,Yearly,119.99
4270959158661936,2019-08-31,Yearly,119.99
4270959158661936,2020-08-31,Yearly,119.99
6768640723299718,2017-02-04,Yearly,119.504529
4036382495340851,2017-12-07,Yearly,119.9989576
8513433837901175,2017-08-02,Yearly,119.9982571
8513433837901175,2018-08-02,Yearly,119.9982571
8513433837901175,2019-08-02,Yearly,119.9982571
9.15586E+15,2017-12-08,Yearly,123.117981
8113273550411222,2017-06-28,Yearly,119.9989672
1733090321238569,2017-02-10,Yearly,119.9981057
8873447377090623,2017-09-06,Yearly,119.99
2.03252E+15,2017-03-02,Yearly,119.9977273
2169835813003039,2017-06-12,Yearly,119.9979936
2169835813003039,2018-06-12,Yearly,119.9979936
7049255274074649,2017-09-29,Yearly Monthly Billing,9.99
7049255274074649,2017-11-02,Yearly Monthly Billing,9.99
7049255274074649,2017-12-03,Yearly Monthly Billing,9.99
7049255274074649,2017-12-29,Yearly Monthly Billing,9.99
7049255274074649,2018-01-29,Yearly Monthly Billing,9.99
7049255274074649,2018-03-28,Yearly Monthly Billing,9.99
7049255274074649,2018-04-28,Yearly Monthly Billing,9.99
7049255274074649,2018-05-28,Yearly Monthly Billing,9.99
7049255274074649,2018-06-28,Yearly Monthly Billing,9.99
7049255274074649,2018-07-28,Yearly Monthly Billing,9.99
7049255274074649,2019-06-08,Monthly,19.99
7049255274074649,2019-07-08,Monthly,19.99
7049255274074649,2019-12-19,Yearly Monthly Billing,14.99
7049255274074649,2020-01-19,Yearly Monthly Billing,14.99
7049255274074649,2020-02-19,Yearly Monthly Billing,14.99
7049255274074649,2020-03-19,Yearly Monthly Billing,14.99
7049255274074649,2020-05-05,Yearly Monthly Billing,14.99
7049255274074649,2020-05-19,Yearly Monthly Billing,14.99
7049255274074649,2020-06-19,Yearly Monthly Billing,14.99
7049255274074649,2020-07-19,Yearly Monthly Billing,14.99
7049255274074649,2020-08-19,Yearly Monthly Billing,14.99
7049255274074649,2020-09-19,Yearly Monthly Billing,14.99
7049255274074649,2020-10-19,Yearly Monthly Billing,14.99
6324140356089449,2017-06-21,Yearly,119.9991094
6324140356089449,2018-06-21,Yearly,119.9991094
4652930397985323,2017-03-26,Yearly,119.9992547
3528096708816803,2017-02-12,Yearly,119.9987913
3528096708816803,2018-02-12,Yearly,119.9987913
3528096708816803,2019-02-12,Yearly,119.9987913
3528096708816803,2020-02-12,Yearly,119.9987913
4557661000119087,2017-08-20,Monthly,19.99377163
4557661000119087,2017-09-20,Monthly,19.99377163
4557661000119087,2017-10-20,Monthly,19.99377163
4557661000119087,2017-11-20,Monthly,19.99377163
4557661000119087,2017-12-20,Monthly,19.99377163
4557661000119087,2018-01-20,Monthly,19.99377163
6577881979480001,2017-12-31,Yearly Monthly Billing,9.081818182
6577881979480001,2018-03-01,Yearly Monthly Billing,9.081818182
6577881979480001,2018-04-02,Yearly Monthly Billing,9.081818182
6577881979480001,2018-05-05,Yearly Monthly Billing,9.081818182
5274450181065722,2017-08-08,Yearly,119.99
5274450181065722,2018-12-21,Yearly Monthly Billing,14.99
5274450181065722,2019-01-25,Yearly Monthly Billing,14.99
5274450181065722,2019-02-25,Yearly Monthly Billing,14.99
5274450181065722,2019-03-22,Yearly Monthly Billing,14.99
4472819773736302,2017-10-27,Yearly,179.9985294
4472819773736302,2018-10-27,Yearly,179.9985294
4472819773736302,2019-11-19,Yearly,179.9985294
4472819773736302,2020-11-19,Yearly,179.9985294
4472819773736302,2021-11-19,Yearly,179.9985294
7461456938610728,2017-11-11,Yearly Monthly Billing,9.99
7461456938610728,2017-12-11,Yearly Monthly Billing,9.99
5367590432279859,2017-06-19,Yearly,108.0180921
8461318013723306,2017-12-26,Yearly Monthly Billing,9.99
8461318013723306,2018-03-05,Yearly Monthly Billing,9.99
5472792577124773,2017-07-10,Monthly,17.38968
5472792577124773,2017-07-09,Yearly,99.019901
8.06116E+15,2017-12-25,Yearly,119.5483105
7.98761E+15,2017-12-03,Yearly,119.99
7.98761E+15,2019-12-03,Yearly,119.99
7.98761E+15,2020-12-03,Yearly,119.99
3545474462167902,2017-11-26,Monthly,19.99
3545474462167902,2017-12-26,Monthly,19.99
3545474462167902,2018-01-26,Monthly,19.99
3545474462167902,2018-03-31,Monthly,19.99
3545474462167902,2018-05-02,Monthly,19.99
3545474462167902,2020-03-21,Monthly,7.8624702
3545474462167902,2020-04-21,Monthly,8.0378883
3545474462167902,2020-05-21,Monthly,7.9977456
3545474462167902,2020-06-21,Monthly,8.0032446
3545474462167902,2020-07-21,Monthly,7.5022857
3545474462167902,2020-08-21,Monthly,7.0310214
3545474462167902,2020-09-21,Monthly,6.8017131
3545474462167902,2020-10-21,Monthly,7.0359705
3545474462167902,2020-11-21,Monthly,7.176195
3545474462167902,2020-12-21,Monthly,7.4165013
3545474462167902,2021-01-21,Monthly,7.5303306
3545474462167902,2021-02-21,Monthly,6.686784
3545474462167902,2021-03-21,Monthly,6.5702052
3545474462167902,2021-04-21,Monthly,6.3936873
3545474462167902,2021-05-21,Monthly,6.2749089
3545474462167902,2021-06-21,Monthly,6.3909378
3545474462167902,2021-07-21,Monthly,6.5278629
3545474462167902,2021-08-21,Monthly,6.2012223
3545474462167902,2021-09-21,Monthly,5.6744181
3545474462167902,2021-10-21,Monthly,4.2809715
3545474462167902,2021-11-21,Monthly,5.0161878
3545474462167902,2021-12-21,Monthly,4.0769586
3545474462167902,2022-01-21,Monthly,4.0769586
5267432101575127,2017-11-02,Yearly,119.9976841
7881420508012662,2017-06-16,Yearly,119.99
2202174032201626,2017-09-27,Yearly,119.9986732
3415806416028273,2017-12-07,Yearly,121.5575258
4120413921264807,2017-08-15,Yearly,119.99
9288981727146513,2017-03-02,Yearly,119.9977273
5348675294277501,2017-08-02,Yearly,114.4636313
6106898976644059,2017-12-05,Yearly,116.4744716
6106898976644059,2018-12-05,Yearly,109.71396
9756201468038706,2017-10-20,Yearly,119.9985171
9756201468038706,2018-10-20,Yearly,119.9985171
9756201468038706,2019-10-20,Yearly,119.9985171
9136077214834254,2017-03-28,Yearly,119.99
403265669260979,2017-08-22,Yearly,108.6784107
403265669260979,2018-08-22,Yearly,106.6437405
403265669260979,2020-04-04,Yearly,122.3272323
7.92527E+15,2017-05-12,Yearly,119.9982399
9080105413691879,2017-01-20,Monthly,15.27158106
9080105413691879,2017-02-20,Monthly,15.59890505
9080105413691879,2017-03-20,Monthly,16.12492132
9080105413691879,2017-04-20,Monthly,16.08083686
9080105413691879,2017-05-20,Monthly,16.16301129
9080105413691879,2017-06-20,Monthly,16.34709201
9080105413691879,2017-07-20,Monthly,16.12729414
9080105413691879,2017-08-20,Monthly,16.57625627
9080105413691879,2017-09-20,Monthly,16.42302218
9080105413691879,2017-10-20,Monthly,16.83526808
90552459652921,2017-05-05,Yearly,119.99
7742632868733344,2017-01-11,Yearly,119.99
1023954216529384,2017-05-27,Yearly,119.9985171
1023954216529384,2018-05-27,Yearly,119.9985171
7708489943336771,2017-05-13,Weekly,5.42718
7708489943336771,2017-05-20,Weekly,5.42718
9001219592506842,2017-10-13,Yearly,119.9982194
8117659610650144,2019-12-09,Yearly,119.9887468
8117659610650144,2019-12-09,Yearly,119.9887468
8117659610650144,2017-11-10,Yearly,119.9980608
8117659610650144,2018-11-10,Yearly,119.9980608
1329096661964843,2017-12-26,Yearly Monthly Billing,9.99
1329096661964843,2018-01-26,Yearly Monthly Billing,9.99
1329096661964843,2018-03-26,Yearly Monthly Billing,9.99
1329096661964843,2018-04-26,Yearly Monthly Billing,9.99
1329096661964843,2018-05-26,Yearly Monthly Billing,9.99
1329096661964843,2018-06-26,Yearly Monthly Billing,9.99
1329096661964843,2018-07-26,Yearly Monthly Billing,9.99
1329096661964843,2018-08-26,Yearly Monthly Billing,9.99
1329096661964843,2018-09-26,Yearly Monthly Billing,9.99
1329096661964843,2018-10-26,Yearly Monthly Billing,9.99
1329096661964843,2018-11-26,Yearly Monthly Billing,9.99
769614930221767,2017-07-24,Yearly,119.9983289
769614930221767,2018-07-24,Yearly,119.9983289
769614930221767,2019-07-24,Yearly,119.9983289
769614930221767,2020-07-24,Yearly,119.9983289
769614930221767,2021-07-24,Yearly,119.9983289
7131067896421128,2017-07-01,Yearly,119.9989934
4156002275870303,2017-11-08,Yearly,119.9970991
8461721064061854,2017-09-24,Yearly Monthly Billing,9.99
8461721064061854,2017-10-24,Yearly Monthly Billing,9.99
8461721064061854,2017-11-24,Yearly Monthly Billing,9.99
8461721064061854,2017-12-24,Yearly Monthly Billing,9.99
8461721064061854,2018-01-24,Yearly Monthly Billing,9.99
8461721064061854,2018-03-29,Yearly Monthly Billing,9.99
8461721064061854,2018-04-25,Yearly Monthly Billing,9.99
8461721064061854,2018-05-24,Yearly Monthly Billing,9.99
8461721064061854,2018-06-24,Yearly Monthly Billing,9.99
8461721064061854,2018-07-24,Yearly Monthly Billing,9.99
8461721064061854,2018-08-24,Yearly Monthly Billing,9.99
8461721064061854,2018-09-24,Yearly Monthly Billing,9.99
8461721064061854,2018-10-24,Yearly Monthly Billing,9.99
8461721064061854,2018-11-24,Yearly Monthly Billing,9.99
8461721064061854,2018-12-24,Yearly Monthly Billing,9.99
8461721064061854,2019-01-24,Yearly Monthly Billing,9.99
8461721064061854,2019-02-24,Yearly Monthly Billing,9.99
8461721064061854,2019-03-24,Yearly Monthly Billing,9.99
8461721064061854,2019-04-24,Yearly Monthly Billing,9.99
8461721064061854,2019-05-24,Yearly Monthly Billing,9.99
8461721064061854,2019-06-24,Yearly Monthly Billing,9.99
8461721064061854,2019-07-24,Yearly Monthly Billing,9.99
8461721064061854,2019-08-24,Yearly Monthly Billing,9.99
8461721064061854,2019-09-24,Yearly Monthly Billing,9.99
8461721064061854,2019-11-01,Yearly Monthly Billing,9.99
8461721064061854,2019-12-01,Yearly Monthly Billing,9.99
8461721064061854,2019-12-24,Yearly Monthly Billing,9.99
8461721064061854,2020-01-24,Yearly Monthly Billing,9.99
8461721064061854,2020-03-24,Yearly Monthly Billing,9.99
8461721064061854,2020-04-24,Yearly Monthly Billing,9.99
8461721064061854,2020-05-24,Yearly Monthly Billing,9.99
8461721064061854,2020-07-02,Yearly Monthly Billing,9.99
8461721064061854,2020-07-24,Yearly Monthly Billing,9.99
8461721064061854,2020-09-25,Yearly Monthly Billing,14.99
8461721064061854,2020-10-25,Yearly Monthly Billing,14.99
8461721064061854,2020-11-25,Yearly Monthly Billing,14.99
8461721064061854,2020-12-25,Yearly Monthly Billing,14.99
8461721064061854,2021-01-25,Yearly Monthly Billing,14.99
8461721064061854,2021-02-25,Yearly Monthly Billing,14.99
8461721064061854,2021-03-25,Yearly Monthly Billing,14.99
8461721064061854,2021-04-25,Yearly Monthly Billing,14.99
8461721064061854,2021-05-25,Yearly Monthly Billing,14.99
8461721064061854,2021-06-25,Yearly Monthly Billing,14.99
8461721064061854,2021-07-25,Yearly Monthly Billing,14.99
8461721064061854,2021-08-25,Yearly Monthly Billing,14.99
5669339035272363,2017-12-29,Yearly,119.9976339
5669339035272363,2018-12-29,Yearly,119.9976339
9321415395705719,2017-05-30,Yearly,119.9986124
7196149849298212,2017-01-19,Monthly,20
7196149849298212,2017-02-19,Monthly,20
3624936021416845,2017-11-26,Yearly,59.99
1192841497010245,2017-02-13,Yearly,119.99
9101245224809158,2017-02-10,Yearly,93.6621483
6668961337891709,2017-07-06,Yearly,119.9992933
6668961337891709,2018-07-06,Yearly,119.9992933
6668961337891709,2019-07-06,Yearly,119.9992933
7.87822E+15,2017-05-12,Weekly,4.99245
7.87822E+15,2017-05-19,Weekly,4.99245
6946015205904068,2017-11-06,Yearly,119.9985511
6946015205904068,2018-11-06,Yearly,119.9985511
6946015205904068,2019-11-06,Yearly,119.9985511
6946015205904068,2020-11-06,Yearly,119.9985511
6946015205904068,2021-11-06,Yearly,119.9985511
3995010587137472,2017-05-06,Yearly,119.9990058
3995010587137472,2018-05-06,Yearly,119.9990058
4086889140871309,2017-03-02,Yearly,119.9977273
1312343462674057,2017-06-20,Yearly,119.9989201
646716582402732,2017-10-18,Yearly Monthly Billing,9.081818182
646716582402732,2017-11-17,Yearly Monthly Billing,9.081818182
646716582402732,2017-12-11,Yearly Monthly Billing,9.081818182
646716582402732,2018-01-11,Yearly Monthly Billing,9.081818182
646716582402732,2018-03-20,Yearly Monthly Billing,9.081818182
646716582402732,2018-04-20,Yearly Monthly Billing,9.081818182
646716582402732,2018-05-19,Yearly Monthly Billing,9.081818182
646716582402732,2018-06-12,Yearly Monthly Billing,9.081818182
8645194130267124,2017-06-23,Yearly,119.99
7500904597489606,2017-09-21,Monthly,19.99
7500904597489606,2017-10-21,Monthly,19.99
2458398413317737,2017-06-30,Yearly,119.99
6499410849748458,2017-07-30,Yearly,119.99
6499410849748458,2019-12-10,Yearly,179.99
1173360870382145,2017-12-30,Yearly,127.8915314
8993774293242121,2017-08-23,Yearly,119.9987367
1536731794280379,2017-10-05,Yearly,112.3321972
4758123099621394,2017-08-13,Yearly,119.99865
6228063574426022,2017-12-12,Yearly,121.5534735
4956105985535053,2017-12-13,Yearly Monthly Billing,9.99
4956105985535053,2018-01-13,Yearly Monthly Billing,9.99
4956105985535053,2018-03-13,Yearly Monthly Billing,9.99
4956105985535053,2018-04-13,Yearly Monthly Billing,9.99
4956105985535053,2018-05-13,Yearly Monthly Billing,9.99
4956105985535053,2018-06-13,Yearly Monthly Billing,9.99
4956105985535053,2018-07-13,Yearly Monthly Billing,9.99
4956105985535053,2018-08-13,Yearly Monthly Billing,9.99
4956105985535053,2018-09-13,Yearly Monthly Billing,9.99
4956105985535053,2018-10-13,Yearly Monthly Billing,9.99
4956105985535053,2018-11-13,Yearly Monthly Billing,9.99
4956105985535053,2018-12-13,Yearly Monthly Billing,9.99
4956105985535053,2019-01-13,Yearly Monthly Billing,9.99
4956105985535053,2019-02-13,Yearly Monthly Billing,9.99
4956105985535053,2019-03-13,Yearly Monthly Billing,9.99
4956105985535053,2019-04-13,Yearly Monthly Billing,9.99
4956105985535053,2019-05-13,Yearly Monthly Billing,9.99
4956105985535053,2019-06-13,Yearly Monthly Billing,9.99
4956105985535053,2019-07-13,Yearly Monthly Billing,9.99
4956105985535053,2019-08-13,Yearly Monthly Billing,9.99
4956105985535053,2019-09-13,Yearly Monthly Billing,9.99
4956105985535053,2019-10-13,Yearly Monthly Billing,9.99
4956105985535053,2019-11-13,Yearly Monthly Billing,9.99
4956105985535053,2019-12-13,Yearly Monthly Billing,9.99
4956105985535053,2020-01-13,Yearly Monthly Billing,9.99
4956105985535053,2020-02-13,Yearly Monthly Billing,9.99
4956105985535053,2020-03-13,Yearly Monthly Billing,9.99
4956105985535053,2020-04-13,Yearly Monthly Billing,9.99
4956105985535053,2020-05-13,Yearly Monthly Billing,9.99
4956105985535053,2020-06-13,Yearly Monthly Billing,9.99
4956105985535053,2020-07-13,Yearly Monthly Billing,9.99
4956105985535053,2020-08-13,Yearly Monthly Billing,9.99
4956105985535053,2020-09-13,Yearly Monthly Billing,9.99
4956105985535053,2020-10-13,Yearly Monthly Billing,9.99
7914391992075973,2017-09-20,Yearly Monthly Billing,9.99
7914391992075973,2017-10-20,Yearly Monthly Billing,9.99
7914391992075973,2017-11-20,Yearly Monthly Billing,9.99
7914391992075973,2017-12-20,Yearly Monthly Billing,9.99
7914391992075973,2018-01-20,Yearly Monthly Billing,9.99
7914391992075973,2018-03-20,Yearly Monthly Billing,9.99
7914391992075973,2018-04-20,Yearly Monthly Billing,9.99
7914391992075973,2018-05-20,Yearly Monthly Billing,9.99
7914391992075973,2018-06-20,Yearly Monthly Billing,9.99
7914391992075973,2018-07-20,Yearly Monthly Billing,9.99
7914391992075973,2018-08-20,Yearly Monthly Billing,9.99
2380722351670685,2017-11-07,Yearly,119.9970991
2380722351670685,2018-11-07,Yearly,119.9970991
2380722351670685,2019-11-07,Yearly,119.9970991
2380722351670685,2020-11-07,Yearly,119.9970991
2380722351670685,2021-11-07,Yearly,119.9970991
984415422654686,2017-05-17,Yearly,119.9985911
2616143247141527,2017-02-27,Yearly,115.71084
6737224546574706,2017-08-14,Yearly,125.5540824
4893572952153043,2017-09-03,Yearly,111.3583994
1096546536332026,2017-03-27,Yearly,119.9992744
157022460069664,2017-08-06,Monthly,15.89335114
3132930287366759,2017-12-11,Yearly,119.998482
9193720052218786,2017-02-18,Yearly,119.998126
5323461881768702,2017-05-29,Yearly,119.9986859
1999241541077149,2017-10-13,Yearly Monthly Billing,9.99
1999241541077149,2017-11-13,Yearly Monthly Billing,9.99
1999241541077149,2017-12-13,Yearly Monthly Billing,9.99
1999241541077149,2018-01-13,Yearly Monthly Billing,9.99
1999241541077149,2018-03-13,Yearly Monthly Billing,9.99
1999241541077149,2018-04-13,Yearly Monthly Billing,9.99
1999241541077149,2018-05-13,Yearly Monthly Billing,9.99
1999241541077149,2018-06-13,Yearly Monthly Billing,9.99
1999241541077149,2018-07-13,Yearly Monthly Billing,9.99
1999241541077149,2018-08-13,Yearly Monthly Billing,9.99
1999241541077149,2018-09-13,Yearly Monthly Billing,9.99
1999241541077149,2019-09-30,Yearly Monthly Billing,10.44
1999241541077149,2019-10-30,Yearly Monthly Billing,10.58
1999241541077149,2019-11-30,Yearly Monthly Billing,10.4
1999241541077149,2019-12-30,Yearly Monthly Billing,10.57
1999241541077149,2020-01-30,Yearly Monthly Billing,10.49
1999241541077149,2020-02-29,Yearly Monthly Billing,10.29
1999241541077149,2020-03-30,Yearly Monthly Billing,9.88
1999241541077149,2020-04-30,Yearly Monthly Billing,9.92
1999241541077149,2020-05-30,Yearly Monthly Billing,10.03
1999241541077149,2020-06-30,Yearly Monthly Billing,10.11
1999241541077149,2020-07-30,Yearly Monthly Billing,10.35
1999241541077149,2020-08-30,Yearly Monthly Billing,10.55
1999241541077149,2020-09-30,Yearly Monthly Billing,10.33
1999241541077149,2020-10-30,Yearly Monthly Billing,10.37
1999241541077149,2020-11-30,Yearly Monthly Billing,10.64
1999241541077149,2020-12-30,Yearly Monthly Billing,10.78
1999241541077149,2021-01-30,Yearly Monthly Billing,10.78
1999241541077149,2021-02-28,Yearly Monthly Billing,10.85
1999241541077149,2021-03-30,Yearly Monthly Billing,10.97
1999241541077149,2021-04-30,Yearly Monthly Billing,11.24
1999241541077149,2021-05-30,Yearly Monthly Billing,11.45
1999241541077149,2021-06-30,Yearly Monthly Billing,11.17
1999241541077149,2021-07-30,Yearly Monthly Billing,11.08
1999241541077149,2021-08-30,Yearly Monthly Billing,10.96
8.14359E+15,2017-11-15,Yearly Monthly Billing,9.99
8.14359E+15,2017-12-15,Yearly Monthly Billing,9.99
8.14359E+15,2018-01-15,Yearly Monthly Billing,9.99
8.14359E+15,2018-03-15,Yearly Monthly Billing,9.99
8.14359E+15,2018-04-15,Yearly Monthly Billing,9.99
8.14359E+15,2018-05-15,Yearly Monthly Billing,9.99
8.14359E+15,2018-06-15,Yearly Monthly Billing,9.99
3065451049392354,2017-01-13,Yearly,109.0818182
3065451049392354,2018-01-13,Yearly,109.0818182
8622826503616843,2017-11-23,Yearly,119.9977742
8622826503616843,2018-11-23,Yearly,119.9977742
8622826503616843,2019-11-23,Yearly,119.9977742
8622826503616843,2020-11-23,Yearly,119.9977742
8622826503616843,2021-11-23,Yearly,119.9977742
7508547305984723,2017-03-24,Yearly,96.82070559
7508547305984723,2018-03-24,Yearly,102.7753612
7508547305984723,2019-03-24,Yearly,96.75171827
7508547305984723,2020-03-24,Yearly,93.13588281
7508547305984723,2021-03-24,Yearly,104.0756222
7715484810408888,2017-02-07,Monthly,9.99
7715484810408888,2017-03-07,Monthly,9.99
7715484810408888,2017-05-07,Yearly Monthly Billing,9.99
7715484810408888,2017-06-07,Yearly Monthly Billing,9.99
7715484810408888,2017-07-12,Yearly Monthly Billing,9.99
7715484810408888,2017-08-07,Yearly Monthly Billing,9.99
5787736601170979,2017-12-03,Yearly,121.5565127
4428013281387634,2017-11-21,Yearly Monthly Billing,9.99
4428013281387634,2017-12-21,Yearly Monthly Billing,9.99
4428013281387634,2018-01-21,Yearly Monthly Billing,9.99
4428013281387634,2018-03-21,Yearly Monthly Billing,9.99
4428013281387634,2018-04-22,Yearly Monthly Billing,9.99
4428013281387634,2018-05-22,Yearly Monthly Billing,9.99
4428013281387634,2018-06-22,Yearly Monthly Billing,9.99
4428013281387634,2018-07-22,Yearly Monthly Billing,9.99
4428013281387634,2018-08-22,Yearly Monthly Billing,9.99
4428013281387634,2018-09-22,Yearly Monthly Billing,9.99
4428013281387634,2018-11-27,Yearly Monthly Billing,14.99
4428013281387634,2018-12-27,Yearly Monthly Billing,14.99
4428013281387634,2019-01-27,Yearly Monthly Billing,14.99
4428013281387634,2019-02-27,Yearly Monthly Billing,14.99
4428013281387634,2019-03-27,Yearly Monthly Billing,14.99
4428013281387634,2019-04-27,Yearly Monthly Billing,14.99
4428013281387634,2019-05-27,Yearly Monthly Billing,14.99
4428013281387634,2019-07-02,Yearly Monthly Billing,14.99
4428013281387634,2019-07-27,Yearly Monthly Billing,14.99
4428013281387634,2019-08-27,Yearly Monthly Billing,14.99
4428013281387634,2019-09-27,Yearly Monthly Billing,14.99
4428013281387634,2019-10-27,Yearly Monthly Billing,14.99
4428013281387634,2019-11-27,Yearly Monthly Billing,14.99
4428013281387634,2019-12-27,Yearly Monthly Billing,14.99
4428013281387634,2020-01-27,Yearly Monthly Billing,14.99
4428013281387634,2020-02-27,Yearly Monthly Billing,14.99
4428013281387634,2020-03-27,Yearly Monthly Billing,14.99
4428013281387634,2020-04-27,Yearly Monthly Billing,14.99
4428013281387634,2020-05-27,Yearly Monthly Billing,14.99
4428013281387634,2020-06-27,Yearly Monthly Billing,14.99
4428013281387634,2020-07-27,Yearly Monthly Billing,14.99
4428013281387634,2020-08-27,Yearly Monthly Billing,14.99
4428013281387634,2020-09-27,Yearly Monthly Billing,14.99
4428013281387634,2020-10-27,Yearly Monthly Billing,14.99
4428013281387634,2020-11-27,Yearly Monthly Billing,14.99
4428013281387634,2020-12-27,Yearly Monthly Billing,14.99
4428013281387634,2021-01-21,Yearly Monthly Billing,14.99
4428013281387634,2021-02-21,Yearly Monthly Billing,14.99
4428013281387634,2021-03-21,Yearly Monthly Billing,14.99
4428013281387634,2021-04-21,Yearly Monthly Billing,14.99
4428013281387634,2021-05-21,Yearly Monthly Billing,14.99
4428013281387634,2021-06-21,Yearly Monthly Billing,14.99
4428013281387634,2021-07-21,Yearly Monthly Billing,14.99
4428013281387634,2021-08-21,Yearly Monthly Billing,14.99
4428013281387634,2021-09-21,Yearly Monthly Billing,14.99
4428013281387634,2021-10-21,Yearly Monthly Billing,14.99
4428013281387634,2021-11-27,Yearly Monthly Billing,14.99
4428013281387634,2021-12-26,Yearly Monthly Billing,14.99
4428013281387634,2022-01-21,Yearly Monthly Billing,14.99
9671701928406847,2017-02-22,Yearly,119.99
9671701928406847,2019-02-27,Yearly,119.99
9671701928406847,2020-03-10,Yearly,59.99
4428297474702224,2017-04-12,Yearly,119.9987849
8768305691414183,2017-11-25,Yearly,89.99
8768305691414183,2019-11-25,Yearly,179.99
8768305691414183,2020-11-25,Yearly,179.99
3960916276158872,2017-10-17,Yearly Monthly Billing,9.99
3960916276158872,2017-11-17,Yearly Monthly Billing,9.99
3960916276158872,2017-12-17,Yearly Monthly Billing,9.99
3960916276158872,2018-01-17,Yearly Monthly Billing,9.99
3960916276158872,2018-03-17,Yearly Monthly Billing,9.99
3960916276158872,2018-04-17,Yearly Monthly Billing,9.99
3960916276158872,2018-05-17,Yearly Monthly Billing,9.99
3960916276158872,2018-06-17,Yearly Monthly Billing,9.99
3960916276158872,2018-07-18,Yearly Monthly Billing,9.99
3960916276158872,2018-08-17,Yearly Monthly Billing,9.99
3960916276158872,2018-09-17,Yearly Monthly Billing,9.99
3960916276158872,2018-10-17,Yearly Monthly Billing,9.99
3960916276158872,2018-11-17,Yearly Monthly Billing,9.99
3960916276158872,2018-12-17,Yearly Monthly Billing,9.99
3960916276158872,2019-01-17,Yearly Monthly Billing,9.99
3960916276158872,2019-02-17,Yearly Monthly Billing,9.99
3960916276158872,2019-03-17,Yearly Monthly Billing,9.99
3960916276158872,2019-04-17,Yearly Monthly Billing,9.99
3960916276158872,2019-05-17,Yearly Monthly Billing,9.99
3960916276158872,2019-06-17,Yearly Monthly Billing,9.99
3960916276158872,2019-07-17,Yearly Monthly Billing,9.99
4693689883910247,2017-07-16,Yearly,119.9987097
4693689883910247,2018-07-16,Yearly,119.9987097
3.66819E+15,2017-05-16,Weekly,5
3.66819E+15,2017-05-23,Weekly,5
3.66819E+15,2017-05-30,Weekly,5
3.66819E+15,2017-06-06,Weekly,5
3.66819E+15,2017-06-13,Weekly,5
3.66819E+15,2017-06-20,Weekly,5
3.66819E+15,2017-06-27,Weekly,5
3.66819E+15,2017-07-04,Weekly,5
3.66819E+15,2017-07-11,Weekly,5
7372398183875842,2017-07-16,Yearly,119.99
1213679009756329,2017-08-18,Yearly,119.99
5.32607E+15,2017-07-25,Yearly,106.9348635
5.32607E+15,2018-01-07,Yearly,108.9900619
6803057351215781,2017-07-05,Yearly,119.9991053
6451643284023775,2017-09-18,Yearly Monthly Billing,9.99
6451643284023775,2017-10-18,Yearly Monthly Billing,9.99
6451643284023775,2017-11-18,Yearly Monthly Billing,9.99
6451643284023775,2017-12-18,Yearly Monthly Billing,9.99
3421882562466332,2017-06-05,Yearly,119.99
3421882562466332,2019-06-05,Yearly,119.99
3421882562466332,2020-06-05,Yearly,119.99
62448310836655,2017-11-04,Yearly,111.1637533
62448310836655,2018-11-04,Yearly,105.1006378
9504405194662543,2017-04-17,Yearly,119.9978066
9504405194662543,2018-04-17,Yearly,119.9978066
394813144967640,2017-10-25,Yearly,113.3976
7334213561221704,2017-12-06,Monthly,19.99
7334213561221704,2018-01-07,Monthly,19.99
7334213561221704,2018-08-24,Monthly,19.99
7334213561221704,2018-09-24,Monthly,19.99
7334213561221704,2018-10-24,Monthly,19.99
7334213561221704,2021-11-22,Yearly,23.67965
2224812019605474,2017-11-08,Yearly,120.77
2224812019605474,2018-11-08,Yearly,115.72
2224812019605474,2019-11-08,Yearly,111.51
2224812019605474,2021-01-05,Yearly,115.28
5285818084903801,2018-11-30,Yearly,115.2043235
5285818084903801,2019-11-30,Yearly,111.3725824
5285818084903801,2017-11-22,Yearly,120.0979197
8704312261180997,2017-08-17,Yearly,119.9982765
1449112622389094,2017-03-02,Yearly,116.9498643
2906318677123727,2017-07-13,Monthly,23.7505188
2020744595482318,2017-06-21,Weekly,5.37
2020744595482318,2017-06-28,Weekly,5.37
2020744595482318,2017-07-05,Weekly,5.3879
2020744595482318,2017-07-12,Weekly,5.3879
2020744595482318,2017-07-19,Weekly,5.3879
2020744595482318,2017-07-26,Weekly,5.3879
2020744595482318,2017-08-02,Weekly,5.34494
2020744595482318,2017-08-09,Weekly,5.34494
4081708578320076,2017-09-24,Yearly Monthly Billing,9.081818182
4081708578320076,2017-10-24,Yearly Monthly Billing,9.081818182
4081708578320076,2017-11-23,Yearly Monthly Billing,9.081818182
4081708578320076,2017-12-23,Yearly Monthly Billing,9.081818182
4081708578320076,2018-01-23,Yearly Monthly Billing,9.081818182
4081708578320076,2018-03-23,Yearly Monthly Billing,10.15771491
4081708578320076,2018-04-24,Yearly Monthly Billing,9.824808
4081708578320076,2018-05-24,Yearly Monthly Billing,10.06220718
4081708578320076,2018-06-24,Yearly Monthly Billing,10.01356364
4081708578320076,2018-07-24,Yearly Monthly Billing,9.856675636
1194148390657781,2017-10-07,Yearly Monthly Billing,9.081818182
1194148390657781,2017-11-07,Yearly Monthly Billing,9.081818182
1194148390657781,2017-12-07,Yearly Monthly Billing,9.081818182
1194148390657781,2018-01-07,Yearly Monthly Billing,9.081818182
6727493694501054,2017-12-07,Yearly,112.6624558
884523837627233,2017-10-13,Yearly,119.99
7583352654494093,2017-12-25,Yearly Monthly Billing,9.99
8.22123E+15,2017-04-01,Monthly,18.38804857
8.22123E+15,2017-03-19,Yearly,107.2732179
9.36149E+15,2017-05-14,Yearly,119.9977273
1331436125159946,2017-03-25,Yearly,121.973646
1331436125159946,2018-03-25,Yearly,123.2941286
1581450608080046,2017-11-30,Yearly,114.985696
3974423488744623,2017-07-14,Yearly,119.99
868769636264323,2017-02-02,Yearly,106.3081403
9093014426389095,2017-09-25,Yearly,121.5481076
1676089370977185,2017-10-30,Yearly,119.9976617
8269571446843431,2017-10-14,Monthly,20.10399419
8269571446843431,2017-10-28,Monthly,20.22084885
8269571446843431,2017-11-28,Monthly,20.22084885
8269571446843431,2017-12-28,Monthly,20.22084885
8269571446843431,2018-01-28,Monthly,20.22084885
4.59014E+15,2017-11-22,Yearly,124.1435293
432528028024808,2017-12-08,Yearly,125.1601363
8526749847323685,2017-05-04,Yearly,119.998469
4570452970863276,2017-09-28,Yearly,116.9731086
6381134162123772,2017-11-01,Yearly Monthly Billing,9.99
6381134162123772,2017-12-01,Yearly Monthly Billing,9.99
6381134162123772,2017-12-30,Yearly Monthly Billing,9.99
1784866166574489,2017-09-03,Yearly,116.9711589
1784866166574489,2018-02-25,Monthly,20.654592
5150007927141339,2017-08-03,Yearly,119.9978824
4796679512322539,2017-11-27,Yearly Monthly Billing,9.99
4796679512322539,2017-12-27,Yearly Monthly Billing,9.99
4796679512322539,2018-01-27,Yearly Monthly Billing,9.99
4796679512322539,2018-03-27,Yearly Monthly Billing,9.99
4796679512322539,2018-04-27,Yearly Monthly Billing,9.99
4796679512322539,2018-05-27,Yearly Monthly Billing,9.99
4796679512322539,2018-06-27,Yearly Monthly Billing,9.99
7945846041502924,2017-10-31,Yearly Monthly Billing,9.99
7945846041502924,2017-11-30,Yearly Monthly Billing,9.99
7945846041502924,2017-12-31,Yearly Monthly Billing,9.99
7945846041502924,2018-02-28,Yearly Monthly Billing,9.99
7945846041502924,2018-03-31,Yearly Monthly Billing,9.99
7945846041502924,2018-04-30,Yearly Monthly Billing,9.99
7945846041502924,2018-05-31,Yearly Monthly Billing,9.99
7945846041502924,2018-06-30,Yearly Monthly Billing,9.99
7945846041502924,2018-07-31,Yearly Monthly Billing,9.99
7945846041502924,2018-08-31,Yearly Monthly Billing,9.99
7945846041502924,2018-09-30,Yearly Monthly Billing,9.99
7945846041502924,2018-10-31,Yearly Monthly Billing,9.99
7945846041502924,2018-11-30,Yearly Monthly Billing,9.99
7945846041502924,2018-12-31,Yearly Monthly Billing,9.99
7945846041502924,2019-01-31,Yearly Monthly Billing,9.99
7945846041502924,2019-03-09,Yearly Monthly Billing,14.99
7945846041502924,2019-04-09,Yearly Monthly Billing,14.99
7945846041502924,2019-05-09,Yearly Monthly Billing,14.99
7945846041502924,2019-06-09,Yearly Monthly Billing,14.99
7945846041502924,2019-07-09,Yearly Monthly Billing,14.99
7945846041502924,2019-08-09,Yearly Monthly Billing,14.99
7945846041502924,2019-09-09,Yearly Monthly Billing,14.99
7945846041502924,2019-10-09,Yearly Monthly Billing,14.99
7945846041502924,2019-12-09,Yearly Monthly Billing,14.99
7945846041502924,2020-01-09,Yearly Monthly Billing,14.99
7945846041502924,2020-02-09,Yearly Monthly Billing,14.99
7945846041502924,2020-03-09,Yearly Monthly Billing,14.99
7945846041502924,2020-04-09,Yearly Monthly Billing,14.99
7945846041502924,2020-05-09,Yearly Monthly Billing,14.99
7945846041502924,2020-06-09,Yearly Monthly Billing,14.99
7945846041502924,2020-07-09,Yearly Monthly Billing,14.99
7945846041502924,2020-08-09,Yearly Monthly Billing,14.99
7945846041502924,2020-09-09,Yearly Monthly Billing,14.99
7945846041502924,2020-10-09,Yearly Monthly Billing,14.99
7945846041502924,2020-11-09,Yearly Monthly Billing,14.99
7945846041502924,2020-12-09,Yearly Monthly Billing,14.99
7945846041502924,2021-01-09,Yearly Monthly Billing,14.99
7945846041502924,2021-01-31,Yearly Monthly Billing,14.99
7945846041502924,2021-02-28,Yearly Monthly Billing,14.99
7945846041502924,2021-03-31,Yearly Monthly Billing,14.99
7945846041502924,2021-05-31,Yearly Monthly Billing,14.99
7945846041502924,2021-06-30,Yearly Monthly Billing,14.99
7945846041502924,2021-07-31,Yearly Monthly Billing,14.99
7945846041502924,2021-08-31,Yearly Monthly Billing,14.99
7945846041502924,2021-09-30,Yearly Monthly Billing,14.99
7945846041502924,2021-10-31,Yearly Monthly Billing,14.99
7945846041502924,2021-11-30,Yearly Monthly Billing,14.99
7945846041502924,2021-12-31,Yearly Monthly Billing,14.99
7945846041502924,2022-01-31,Yearly Monthly Billing,14.99
4566971550941846,2017-08-22,Monthly,19.38451777
4566971550941846,2017-09-22,Monthly,19.1652886
4864638057733526,2017-10-27,Yearly,119.9977548
1391718809856469,2017-04-14,Yearly,118.5191208
1391718809856469,2018-04-14,Yearly,123.5682743
1532497123541245,2017-09-19,Yearly,90
5675759519839475,2017-11-11,Yearly,119.9986994
895036366904465,2017-03-19,Yearly,109.9686814
895036366904465,2018-03-19,Yearly,121.6637874
895036366904465,2019-03-30,Monthly,28.03122
2043882727359376,2017-12-22,Yearly Monthly Billing,10.03616983
2043882727359376,2018-01-22,Yearly Monthly Billing,10.03617038
1297794128330491,2017-05-01,Yearly,119.9984394
7038130868040005,2017-10-14,Yearly Monthly Billing,8.12195122
7038130868040005,2017-11-14,Yearly Monthly Billing,8.12195122
7038130868040005,2017-12-14,Yearly Monthly Billing,8.12195122
7038130868040005,2018-01-14,Yearly Monthly Billing,8.12195122
7038130868040005,2018-03-24,Yearly Monthly Billing,8.12195122
7038130868040005,2018-04-19,Yearly Monthly Billing,8.12195122
7038130868040005,2018-05-14,Yearly Monthly Billing,8.12195122
7038130868040005,2018-06-14,Yearly Monthly Billing,8.12195122
7038130868040005,2018-07-14,Yearly Monthly Billing,8.12195122
7038130868040005,2018-08-14,Yearly Monthly Billing,8.12195122
7038130868040005,2018-10-01,Yearly Monthly Billing,8.12195122
6.44296E+15,2017-09-25,Yearly,114.8318787
9807783597603258,2017-04-09,Monthly,18.69264571
9807783597603258,2017-05-09,Monthly,18.89336429
8389160380669482,2017-08-17,Monthly,20.09679144
8389160380669482,2017-09-17,Monthly,20.09679144
8389160380669482,2017-10-17,Monthly,20.09679144
8389160380669482,2017-11-17,Monthly,20.09679144
8389160380669482,2017-12-17,Monthly,20.09679144
8389160380669482,2018-01-17,Monthly,20.09679144
5444506122551314,2017-06-09,Yearly,108.392272
4026050722350346,2017-05-22,Yearly,119.9989934
4026050722350346,2018-05-20,Yearly,119.9970891
2594914758405087,2017-05-23,Yearly,119.9989934
2594914758405087,2018-05-23,Yearly,119.9989934
4807649740139116,2017-03-06,Monthly,18.27713
3941002051507685,2017-04-17,Yearly,119.9978066
8757158815575689,2017-11-27,Yearly,58.56941713
8605856097340384,2017-02-27,Yearly,119.99
614869236395865,2017-05-27,Yearly,119.99
9847802828719395,2017-01-21,Yearly,95.992
3220244320182372,2017-04-24,Weekly,5.036955
7277708412511538,2017-08-10,Yearly,119.9984163
7277708412511538,2018-08-10,Yearly,119.9984163
7277708412511538,2019-08-10,Yearly,119.9984163
6196425907131231,2017-02-17,Weekly,4.482393286
6196425907131231,2017-02-24,Weekly,4.482393286
6196425907131231,2017-03-03,Weekly,4.454520857
6196425907131231,2017-03-10,Weekly,4.454520857
7638094251035223,2017-11-08,Yearly Monthly Billing,9.99
7638094251035223,2017-12-08,Yearly Monthly Billing,9.99
7638094251035223,2018-01-08,Yearly Monthly Billing,9.99
7638094251035223,2018-03-08,Yearly Monthly Billing,9.99
7975293860996207,2017-12-10,Yearly,112.0019231
9532066688900147,2017-06-09,Yearly,109.0818182
8788992637608938,2017-11-30,Yearly,119.9989666
4200161730477359,2017-11-28,Yearly Monthly Billing,9.99
4200161730477359,2017-12-29,Yearly Monthly Billing,9.99
4200161730477359,2018-03-04,Yearly Monthly Billing,9.99
4200161730477359,2018-03-28,Yearly Monthly Billing,9.99
4200161730477359,2018-04-28,Yearly Monthly Billing,9.99
4387344446526457,2017-04-28,Yearly,119.9992647
2.37987E+15,2017-02-06,Yearly,119.9976621
1567271346735236,2017-03-28,Yearly,119.99
7214535329803644,2017-05-16,Yearly,119.999155
7214535329803644,2018-05-16,Yearly,119.999155
7497199570516926,2017-05-27,Yearly,119.99
865090124500301,2017-10-02,Yearly Monthly Billing,9.844479
865090124500301,2017-11-21,Yearly Monthly Billing,14.87894908
865090124500301,2017-12-21,Yearly Monthly Billing,15.05927786
865090124500301,2018-01-21,Yearly Monthly Billing,15.05927868
865090124500301,2018-03-21,Yearly Monthly Billing,15.07294467
865090124500301,2018-04-21,Yearly Monthly Billing,14.61050317
865090124500301,2018-05-21,Yearly Monthly Billing,14.50819642
865090124500301,2018-06-21,Yearly Monthly Billing,14.56028667
865090124500301,2018-07-21,Yearly Monthly Billing,14.46997192
865090124500301,2018-08-21,Yearly Monthly Billing,14.42874942
865090124500301,2018-09-21,Yearly Monthly Billing,14.17279517
865090124500301,2018-10-21,Yearly Monthly Billing,14.12145442
865090124500301,2018-12-21,Yearly Monthly Billing,14.224011
865090124500301,2019-01-21,Yearly Monthly Billing,14.12295342
865090124500301,2019-02-21,Yearly Monthly Billing,13.95931258
865090124500301,2019-03-21,Yearly Monthly Billing,13.89510542
865090124500301,2019-04-21,Yearly Monthly Billing,13.93532858
865090124500301,2019-05-21,Yearly Monthly Billing,14.14031683
865090124500301,2019-06-21,Yearly Monthly Billing,13.97792517
865090124500301,2019-07-21,Yearly Monthly Billing,13.67038033
865090124500301,2019-08-21,Yearly Monthly Billing,13.56832342
865090124500301,2019-09-21,Yearly Monthly Billing,13.83089825
865090124500301,2019-10-21,Yearly Monthly Billing,13.71847325
865090124500301,2019-12-21,Yearly Monthly Billing,13.73258883
865090124500301,2020-01-21,Yearly Monthly Billing,13.85400783
865090124500301,2020-02-21,Yearly Monthly Billing,13.78367975
865090124500301,2020-03-21,Yearly Monthly Billing,13.52959925
865090124500301,2020-04-21,Yearly Monthly Billing,13.83676933
865090124500301,2020-05-21,Yearly Monthly Billing,14.05487383
865090124500301,2020-06-21,Yearly Monthly Billing,14.60987858
865090124500301,2020-07-21,Yearly Monthly Billing,14.82635917
865090124500301,2020-08-21,Yearly Monthly Billing,14.53068142
865090124500301,2020-09-21,Yearly Monthly Billing,14.72954875
865090124500301,2020-10-21,Yearly Monthly Billing,14.931539
865090124500301,2020-11-21,Yearly Monthly Billing,15.18836767
865090124500301,2020-12-21,Yearly Monthly Billing,15.14851925
865090124500301,2021-01-02,Yearly Monthly Billing,14.99549633
865090124500301,2021-02-02,Yearly Monthly Billing,14.6684645
865090124500301,2021-03-02,Yearly Monthly Billing,15.06207692
865090124500301,2021-04-02,Yearly Monthly Billing,15.16750658
865090124500301,2021-05-02,Yearly Monthly Billing,14.86508333
865090124500301,2021-06-02,Yearly Monthly Billing,14.68995017
865090124500301,2021-07-02,Yearly Monthly Billing,14.64547983
865090124500301,2021-08-02,Yearly Monthly Billing,14.58701883
865090124500301,2021-09-02,Yearly Monthly Billing,14.48158917
865090124500301,2021-10-02,Yearly Monthly Billing,14.06349308
865090124500301,2021-11-02,Yearly Monthly Billing,14.09447242
865090124500301,2021-12-02,Yearly Monthly Billing,14.09022525
865090124500301,2022-01-02,Yearly Monthly Billing,14.09022525
865090124500301,2022-02-02,Yearly Monthly Billing,14.09022525
5800242327158169,2017-02-26,Monthly,9.99
5800242327158169,2017-03-26,Monthly,9.99
4116004087337805,2017-10-14,Yearly,120.2009526
7611985894555911,2017-04-20,Yearly,109.0818182
3247195009133219,2017-04-24,Yearly,119.9989216
3193759636509834,2017-11-26,Monthly,19.67792471
5436522314716882,2017-02-19,Monthly,18.179424
5436522314716882,2017-03-19,Monthly,18.656424
5436522314716882,2017-04-19,Monthly,19.190664
5436522314716882,2017-05-19,Monthly,19.411992
5436522314716882,2017-06-19,Monthly,20.017464
2.56589E+15,2017-11-26,Yearly,60.04595706
8.93792E+15,2017-10-05,Yearly,80
4453236704950571,2017-04-30,Yearly,134.736724
4453236704950571,2018-04-30,Yearly,134.928684
8235173773873849,2017-04-08,Monthly,18.54565
8235173773873849,2017-05-08,Monthly,18.96227143
1445875621042303,2017-11-15,Yearly,119.9985503
4504223631693272,2017-12-25,Yearly Monthly Billing,9.99
4504223631693272,2018-01-25,Yearly Monthly Billing,9.99
4504223631693272,2018-03-25,Yearly Monthly Billing,9.99
4504223631693272,2018-04-25,Yearly Monthly Billing,9.99
4504223631693272,2018-05-25,Yearly Monthly Billing,9.99
400176133343965,2017-12-12,Yearly,115.7227645
400176133343965,2019-12-12,Yearly,105.5278453
3516281080513277,2017-05-28,Weekly,4.992
3516281080513277,2017-06-04,Weekly,5.088
3516281080513277,2017-06-11,Weekly,5.088
3516281080513277,2017-06-18,Weekly,5.088
3516281080513277,2017-06-25,Weekly,5.088
3516281080513277,2017-07-02,Weekly,5.312
3516281080513277,2017-07-09,Weekly,5.312
6887022334469004,2017-09-05,Yearly,124.4310774
1.36401E+15,2017-08-21,Yearly,119.99
1.36401E+15,2019-08-21,Yearly,119.99
4712378959773171,2017-11-27,Yearly Monthly Billing,9.596120081
4712378959773171,2017-12-27,Yearly Monthly Billing,9.71242242
4712378959773171,2018-01-27,Yearly Monthly Billing,9.712422952
4712378959773171,2018-03-27,Yearly Monthly Billing,9.721236774
4712378959773171,2018-04-27,Yearly Monthly Billing,9.422986935
4712378959773171,2018-05-27,Yearly Monthly Billing,9.357004597
4712378959773171,2018-06-27,Yearly Monthly Billing,9.3906
4712378959773171,2018-07-27,Yearly Monthly Billing,9.332351855
4712378959773171,2018-08-27,Yearly Monthly Billing,9.305765565
4712378959773171,2018-09-27,Yearly Monthly Billing,9.140688871
4712378959773171,2018-10-27,Yearly Monthly Billing,9.107576855
5356589313760825,2017-11-22,Monthly,19.99
1780855360072647,2017-12-14,Yearly,119.9983319
3479673974914927,2017-04-08,Yearly,119.99
9029415984805415,2017-05-01,Yearly,119.9984394
1.5964E+15,2017-12-01,Yearly Monthly Billing,9.99
1.5964E+15,2018-01-01,Yearly Monthly Billing,9.99
4937119052257979,2017-11-26,Yearly,116.1961698
4937119052257979,2020-11-19,Yearly,177.9237733
4937119052257979,2021-11-26,Yearly,165.1093633
9501060705680846,2017-06-17,Weekly,5.087259286
9501060705680846,2017-08-01,Weekly,5.009381143
9501060705680846,2017-08-08,Weekly,5.009381143
9501060705680846,2017-08-22,Weekly,5.009381143
9501060705680846,2017-06-30,Weekly,5.087259286
9501060705680846,2017-07-07,Weekly,5.219634143
1173264743680043,2017-12-30,Monthly,19.99
1173264743680043,2018-01-30,Monthly,19.99
8.12183E+15,2017-08-07,Yearly,117.3252221
7525601451855731,2017-12-06,Yearly,119.9989576
4207184983740981,2017-10-13,Yearly,119.9982026
8544900707514231,2017-10-28,Yearly,119.9983928
6449156613292727,2017-06-17,Yearly,112.3787943
3558304873950817,2017-06-04,Yearly,119.9979855
3558304873950817,2018-06-04,Yearly,119.9979855
366774755073343,2017-07-05,Yearly,119.9991053
366774755073343,2018-07-05,Yearly,119.9991053
6670603368253514,2017-09-12,Yearly,84.57656
6670603368253514,2018-09-12,Yearly,82.32615
6670603368253514,2019-09-12,Yearly,84.70608
2942476793693344,2017-09-19,Yearly Monthly Billing,9.081818182
2942476793693344,2017-10-19,Yearly Monthly Billing,9.081818182
2942476793693344,2017-11-19,Yearly Monthly Billing,9.081818182
2942476793693344,2017-12-19,Yearly Monthly Billing,9.081818182
2942476793693344,2018-01-29,Yearly Monthly Billing,9.081818182
2942476793693344,2018-03-19,Yearly Monthly Billing,9.081818182
4627378914682172,2017-10-30,Yearly,119.9976617
9745698689488421,2017-12-01,Yearly,116.6624015
2940447957171948,2017-02-14,Yearly,119.9981744
5065507803979847,2017-07-26,Yearly,119.9979608
9.77689E+15,2017-09-20,Yearly,111.1409531
1816327413823768,2017-07-12,Yearly,119.99
1816327413823768,2019-07-12,Yearly,119.99
1816327413823768,2020-07-12,Yearly,119.99
1816327413823768,2022-01-12,Yearly,115.6942149
8530648918093233,2017-10-25,Monthly,19.99
8530648918093233,2017-11-25,Monthly,19.99
9079140842971078,2017-07-10,Yearly,119.99
9079140842971078,2019-07-10,Yearly,119.99
9079140842971078,2020-07-10,Yearly,119.99
9079140842971078,2021-07-10,Yearly,119.99
3385268858302816,2017-07-13,Yearly,119.99
6261093609236317,2017-06-23,Yearly,118.0410169
5400000113257634,2017-09-02,Yearly Monthly Billing,9.99
5400000113257634,2017-10-02,Yearly Monthly Billing,9.99
5400000113257634,2017-11-02,Yearly Monthly Billing,9.99
5400000113257634,2017-12-02,Yearly Monthly Billing,9.99
5400000113257634,2018-01-02,Yearly Monthly Billing,9.99
5400000113257634,2018-03-02,Yearly Monthly Billing,9.99
5400000113257634,2018-04-02,Yearly Monthly Billing,9.99
5400000113257634,2018-05-02,Yearly Monthly Billing,9.99
5400000113257634,2018-06-02,Yearly Monthly Billing,9.99
5400000113257634,2018-07-02,Yearly Monthly Billing,9.99
5400000113257634,2018-08-02,Yearly Monthly Billing,9.99
5400000113257634,2018-09-02,Yearly Monthly Billing,9.99
5400000113257634,2018-10-02,Yearly Monthly Billing,9.99
5400000113257634,2018-11-02,Yearly Monthly Billing,9.99
5400000113257634,2018-12-02,Yearly Monthly Billing,9.99
5400000113257634,2019-01-10,Yearly Monthly Billing,9.99
1824620360358306,2017-06-24,Yearly,119.9989353
7374703142877867,2017-01-26,Yearly,119.9994318
8539921770800305,2017-12-25,Yearly,119.9988971
163773311232946,2017-04-19,Yearly,119.9985146
6922726388717053,2017-10-06,Yearly Monthly Billing,9.99
6922726388717053,2017-11-06,Yearly Monthly Billing,9.99
6922726388717053,2017-12-06,Yearly Monthly Billing,9.99
7483704248449618,2017-06-27,Yearly,119.9991249
7483704248449618,2018-06-27,Yearly,119.9991249
7483704248449618,2019-06-27,Yearly,119.9991249
7483704248449618,2020-06-27,Yearly,119.9991249
9406496813276244,2017-11-26,Yearly Monthly Billing,9.99
9406496813276244,2017-12-26,Yearly Monthly Billing,9.99
9406496813276244,2018-01-26,Yearly Monthly Billing,9.99
9406496813276244,2018-03-26,Yearly Monthly Billing,9.99
9406496813276244,2018-04-26,Yearly Monthly Billing,9.99
9406496813276244,2018-05-26,Yearly Monthly Billing,9.99
4125519111190074,2017-10-25,Yearly Monthly Billing,9.99
4125519111190074,2017-12-02,Yearly Monthly Billing,9.99
4125519111190074,2017-12-31,Yearly Monthly Billing,9.99
4125519111190074,2018-01-25,Yearly Monthly Billing,9.99
5546644059673313,2017-09-25,Yearly Monthly Billing,9.081818182
5546644059673313,2017-10-25,Yearly Monthly Billing,9.081818182
5546644059673313,2017-11-25,Yearly Monthly Billing,9.081818182
5546644059673313,2017-12-29,Yearly Monthly Billing,9.081818182
5546644059673313,2018-01-29,Yearly Monthly Billing,9.081818182
5546644059673313,2018-03-25,Yearly Monthly Billing,9.081818182
5546644059673313,2018-04-25,Yearly Monthly Billing,9.081818182
5546644059673313,2018-05-25,Yearly Monthly Billing,9.081818182
5546644059673313,2018-07-04,Yearly Monthly Billing,9.081818182
5546644059673313,2018-08-08,Yearly Monthly Billing,9.081818182
5546644059673313,2018-08-30,Yearly Monthly Billing,9.081818182
1330696167909659,2018-07-02,Monthly,19.13095104
1330696167909659,2018-08-02,Monthly,19.0764502
1330696167909659,2017-05-18,Yearly,112.4851929
1330696167909659,2018-08-16,Monthly,19.07593252
1330696167909659,2018-09-16,Monthly,18.73754103
1330696167909659,2018-10-16,Monthly,18.66966455
7069454925894266,2017-01-31,Monthly,19.99
6825476369757685,2017-05-29,Yearly,119.9986859
6825476369757685,2018-05-29,Yearly,119.9986859
5774878404619457,2017-11-06,Yearly Monthly Billing,9.99
5774878404619457,2017-12-06,Yearly Monthly Billing,9.99
5774878404619457,2018-01-06,Yearly Monthly Billing,9.99
5774878404619457,2018-03-06,Yearly Monthly Billing,9.99
5774878404619457,2018-04-06,Yearly Monthly Billing,9.99
5774878404619457,2018-05-06,Yearly Monthly Billing,9.99
5774878404619457,2018-06-06,Yearly Monthly Billing,9.99
5774878404619457,2018-07-06,Yearly Monthly Billing,9.99
5774878404619457,2018-08-06,Yearly Monthly Billing,9.99
5774878404619457,2018-09-06,Yearly Monthly Billing,9.99
5774878404619457,2018-10-06,Yearly Monthly Billing,9.99
7645022241011754,2017-06-18,Monthly,19.33343943
4907064593194007,2017-02-03,Yearly,119.99
4907064593194007,2018-03-25,Yearly Monthly Billing,9.99
4907064593194007,2018-04-25,Yearly Monthly Billing,9.99
4907064593194007,2018-05-25,Yearly Monthly Billing,9.99
4907064593194007,2018-06-25,Yearly Monthly Billing,9.99
4907064593194007,2018-07-25,Yearly Monthly Billing,9.99
4907064593194007,2018-08-25,Yearly Monthly Billing,9.99
4907064593194007,2018-09-25,Yearly Monthly Billing,9.99
4907064593194007,2018-10-25,Yearly Monthly Billing,9.99
4907064593194007,2018-11-25,Yearly Monthly Billing,9.99
4907064593194007,2018-12-25,Yearly Monthly Billing,9.99
4907064593194007,2019-01-25,Yearly Monthly Billing,9.99
4441303790905315,2017-11-22,Yearly,62.46478086
4441303790905315,2018-11-22,Yearly,59.28152286
4441303790905315,2019-11-22,Yearly,58.245018
4441303790905315,2020-11-22,Yearly,62.50984629
4441303790905315,2021-11-22,Yearly,64.52140314
1933153686579408,2017-11-07,Yearly Monthly Billing,9.91599075
7250566741865381,2017-01-28,Yearly,105.6121983
7250566741865381,2018-01-28,Yearly,120.544553
7315338322855471,2017-11-12,Yearly,120.1019234
4710722401733965,2017-03-19,Yearly,119.999176
4710722401733965,2018-03-19,Yearly,119.999176
4710722401733965,2019-03-23,Yearly,119.9888889
4710722401733965,2020-03-23,Yearly,119.9888889
4710722401733965,2021-03-23,Yearly,119.9888889
4710722401733965,2018-03-24,Yearly,119.9974026
4180832281386185,2017-05-08,Yearly,122.9123631
5606219622014872,2017-04-18,Weekly,5
5606219622014872,2017-04-25,Weekly,5
5606219622014872,2017-05-02,Weekly,5
5606219622014872,2017-05-09,Weekly,5
5606219622014872,2017-05-16,Weekly,5
5606219622014872,2017-05-23,Weekly,5
5606219622014872,2017-05-30,Weekly,5
5606219622014872,2017-06-06,Weekly,5
5606219622014872,2017-06-13,Weekly,5
5606219622014872,2017-06-20,Weekly,5
5606219622014872,2017-06-27,Weekly,5
5606219622014872,2017-07-04,Weekly,5
5606219622014872,2017-07-11,Weekly,5
5606219622014872,2017-07-18,Weekly,5
5606219622014872,2017-07-25,Weekly,5
5606219622014872,2017-08-01,Weekly,5
5606219622014872,2017-08-08,Weekly,5
5606219622014872,2017-08-15,Weekly,5
5606219622014872,2017-08-22,Weekly,5
5606219622014872,2017-08-29,Weekly,5
5606219622014872,2017-09-05,Weekly,5
5606219622014872,2017-09-12,Weekly,5
5606219622014872,2017-09-19,Weekly,5
5606219622014872,2017-09-26,Weekly,5
5606219622014872,2017-10-03,Weekly,5
5606219622014872,2017-10-10,Weekly,5
5606219622014872,2017-10-17,Weekly,5
5606219622014872,2017-10-24,Weekly,5
5606219622014872,2017-10-31,Weekly,5
5606219622014872,2017-11-07,Weekly,5
5606219622014872,2017-11-14,Weekly,5
5606219622014872,2017-11-21,Weekly,5
5606219622014872,2017-11-28,Weekly,5
5606219622014872,2017-12-05,Weekly,5
5606219622014872,2017-12-12,Weekly,5
5606219622014872,2017-12-19,Weekly,5
5606219622014872,2017-12-26,Weekly,5
5606219622014872,2018-01-02,Weekly,5
5606219622014872,2018-01-09,Weekly,5
5606219622014872,2018-01-16,Weekly,5
5606219622014872,2018-01-23,Weekly,5
5606219622014872,2018-01-30,Weekly,5
5606219622014872,2018-02-06,Weekly,5
5606219622014872,2018-02-13,Weekly,5
5606219622014872,2018-02-20,Weekly,5
5606219622014872,2018-02-27,Weekly,5
2505771188748468,2017-07-21,Monthly,19.46819486
2505771188748468,2017-08-21,Monthly,19.22617786
2505771188748468,2017-09-21,Monthly,19.00873943
2505771188748468,2017-10-21,Monthly,19.37643486
2505771188748468,2017-11-21,Monthly,19.51718814
2505771188748468,2017-12-21,Monthly,19.7537311
3251092036875768,2017-11-10,Yearly,119.9980608
3251092036875768,2017-11-28,Yearly,119.9981699
4368493523124062,2017-11-30,Yearly,119.99
9644345244118538,2017-06-07,Yearly,119.9986707
9644345244118538,2018-06-07,Yearly,119.9986707
9.26025E+15,2017-01-09,Monthly,19.645506
9.26025E+15,2017-02-09,Monthly,19.4772744
3741082224545662,2017-04-29,Weekly,4.626011429
3741082224545662,2017-05-06,Weekly,4.762965714
3741082224545662,2017-05-13,Weekly,4.762965714
3741082224545662,2017-05-20,Weekly,4.762965714
3741082224545662,2017-05-27,Weekly,4.762965714
3741082224545662,2017-06-03,Weekly,4.823834286
3741082224545662,2017-06-10,Weekly,4.823834286
9754960277405093,2017-02-27,Yearly,179.99
2124605303008953,2017-06-15,Yearly,119.9985719
8760753205460519,2017-12-04,Monthly,19.99
8760753205460519,2018-01-04,Monthly,19.99
8760753205460519,2018-03-04,Monthly,19.99
8760753205460519,2018-04-04,Monthly,19.99
8760753205460519,2018-05-04,Monthly,19.99
8760753205460519,2018-06-04,Monthly,19.99
8760753205460519,2018-07-04,Monthly,19.99
8760753205460519,2018-08-22,Monthly,19.99
8760753205460519,2018-09-22,Monthly,29.99
8760753205460519,2018-10-22,Monthly,29.99
8760753205460519,2018-11-22,Monthly,29.99
8760753205460519,2018-12-22,Monthly,29.99
8760753205460519,2019-01-22,Monthly,29.99
8760753205460519,2019-02-22,Monthly,29.99
8760753205460519,2019-03-22,Monthly,29.99
8760753205460519,2019-04-22,Monthly,29.99
8760753205460519,2019-05-22,Monthly,29.99
8760753205460519,2019-06-22,Monthly,29.99
8760753205460519,2019-07-22,Monthly,29.99
7208022439836776,2017-07-17,Yearly,119.9988166
3759858348944539,2017-05-30,Weekly,5.406182857
3759858348944539,2017-06-06,Weekly,5.503572
1215575966670303,2017-11-18,Yearly,119.9991506
7042500862356037,2017-06-04,Yearly,119.9979855
1779473076547996,2017-03-24,Yearly,117.25448
2394443775477802,2017-03-17,Yearly,116.9495571
5088150518712576,2017-12-16,Yearly,119.9988024
5088150518712576,2018-12-16,Yearly,119.9988024
5088150518712576,2019-12-16,Yearly,119.9988024
5088150518712576,2020-12-16,Yearly,119.9988024
5088150518712576,2021-12-16,Yearly,119.9988024
1996954066704723,2017-11-06,Yearly Monthly Billing,9.99
1996954066704723,2017-12-06,Yearly Monthly Billing,9.99
1996954066704723,2018-01-06,Yearly Monthly Billing,9.99
1996954066704723,2018-03-06,Yearly Monthly Billing,9.99
1996954066704723,2018-04-06,Yearly Monthly Billing,9.99
1996954066704723,2018-05-06,Yearly Monthly Billing,9.99
1996954066704723,2018-06-07,Yearly Monthly Billing,9.99
1996954066704723,2018-07-07,Yearly Monthly Billing,9.99
1995641160119785,2017-03-30,Weekly,5.367619714
1420957545535854,2017-01-23,Yearly,119.99
1.84939E+15,2017-09-25,Yearly Monthly Billing,9.99
1.84939E+15,2017-10-25,Yearly Monthly Billing,9.99
1.84939E+15,2017-11-25,Yearly Monthly Billing,9.99
1.84939E+15,2017-12-25,Yearly Monthly Billing,9.99
1.84939E+15,2018-01-25,Yearly Monthly Billing,9.99
1.84939E+15,2018-03-25,Yearly Monthly Billing,9.99
1.84939E+15,2018-04-25,Yearly Monthly Billing,9.99
1.84939E+15,2018-06-03,Yearly Monthly Billing,14.99
1.84939E+15,2018-07-03,Yearly Monthly Billing,14.99
1.84939E+15,2018-08-03,Yearly Monthly Billing,14.99
1.84939E+15,2018-09-03,Yearly Monthly Billing,14.99
1.84939E+15,2019-11-14,Yearly,179.99
1.84939E+15,2020-01-21,Yearly,107.99
1.84939E+15,2021-01-21,Yearly,179.99
3499130043223672,2017-07-02,Yearly,119.9989746
6924893209259684,2017-12-31,Yearly,124.9629547
6925796996680888,2017-07-23,Monthly,29.21077886
6925796996680888,2017-08-23,Monthly,28.84764786
6925796996680888,2017-09-23,Monthly,28.52139543
6925796996680888,2017-10-23,Monthly,29.07309886
6925796996680888,2017-11-23,Monthly,29.28429014
6925796996680888,2017-12-23,Monthly,29.63920769
6925796996680888,2018-01-23,Monthly,29.63920932
6925796996680888,2018-02-23,Monthly,30.22666057
6925796996680888,2018-03-23,Monthly,29.66610629
6925796996680888,2018-04-23,Monthly,28.75594314
6925796996680888,2018-05-23,Monthly,28.55458614
6925796996680888,2018-06-23,Monthly,28.65710857
6925796996680888,2018-07-23,Monthly,28.47935386
6925796996680888,2018-08-23,Monthly,28.398221
6925796996680888,2018-09-23,Monthly,27.89445971
6925796996680888,2018-10-23,Monthly,27.79341243
6925796996680888,2018-11-23,Monthly,28.08917857
6925796996680888,2018-12-23,Monthly,27.99526114
6925796996680888,2019-01-23,Monthly,27.79636271
6925796996680888,2019-02-23,Monthly,27.47428986
6925796996680888,2019-03-23,Monthly,27.34791929
6925796996680888,2019-04-23,Monthly,27.42708529
6925796996680888,2019-05-23,Monthly,27.83053686
6925796996680888,2019-06-23,Monthly,27.51092257
6925796996680888,2019-07-23,Monthly,26.90562229
6925796996680888,2019-08-23,Monthly,26.704757
6925796996680888,2019-09-23,Monthly,27.22154871
6925796996680888,2019-10-23,Monthly,27.00027729
6925796996680888,2019-11-23,Monthly,27.15492143
6925796996680888,2019-12-23,Monthly,27.02805914
6925796996680888,2020-01-23,Monthly,27.26703229
6925796996680888,2020-02-23,Monthly,27.12861471
6925796996680888,2020-03-23,Monthly,26.62854129
6925796996680888,2020-04-23,Monthly,27.233104
6925796996680888,2020-05-23,Monthly,27.66237057
8284334073763014,2017-12-11,Yearly Monthly Billing,9.99
8284334073763014,2018-01-11,Yearly Monthly Billing,9.99
8284334073763014,2018-03-11,Yearly Monthly Billing,9.99
8284334073763014,2018-04-11,Yearly Monthly Billing,9.99
8284334073763014,2018-05-11,Yearly Monthly Billing,9.99
8284334073763014,2018-06-11,Yearly Monthly Billing,9.99
8284334073763014,2018-07-11,Yearly Monthly Billing,9.99
8284334073763014,2018-08-11,Yearly Monthly Billing,9.99
2689977818767548,2017-07-06,Yearly,119.9992933
2689977818767548,2018-07-06,Yearly,119.9992933
5678008526496764,2017-08-12,Yearly,53.5579
2906674769039961,2017-09-23,Yearly,111.1409531
7818852654714428,2017-10-23,Yearly,119.9981342
6.28553E+15,2017-06-12,Yearly,119.99
9051377965163305,2017-10-29,Yearly Monthly Billing,9.99
9051377965163305,2017-12-05,Yearly Monthly Billing,9.99
9051377965163305,2018-01-01,Yearly Monthly Billing,9.99
9051377965163305,2018-01-25,Yearly Monthly Billing,9.99
7.5064E+15,2017-02-16,Yearly,90.40653148
6607829610701541,2017-10-03,Yearly,119.9981227
6607829610701541,2018-10-03,Yearly,119.9981227
6607829610701541,2019-10-03,Yearly,119.9981227
7044951297423857,2017-10-10,Weekly,5.29551
7044951297423857,2017-10-17,Weekly,5.29551
7044951297423857,2017-10-24,Weekly,5.29551
7044951297423857,2017-10-31,Weekly,5.29551
7044951297423857,2017-11-07,Weekly,5.02425
7044951297423857,2017-11-14,Weekly,5.02425
7044951297423857,2017-11-21,Weekly,5.02425
7044951297423857,2017-11-28,Weekly,5.02425
7044951297423857,2017-12-05,Weekly,5.084740287
7044951297423857,2017-12-12,Weekly,5.084740287
7044951297423857,2017-12-19,Weekly,5.084740287
7044951297423857,2017-12-26,Weekly,5.084740287
7044951297423857,2018-01-02,Weekly,5.084739495
7044951297423857,2018-01-09,Weekly,5.084739495
7044951297423857,2018-01-16,Weekly,5.084739495
7044951297423857,2018-01-23,Weekly,5.084739495
7044951297423857,2018-01-30,Weekly,5.084739495
7044951297423857,2018-02-06,Weekly,5.39451
7044951297423857,2018-02-13,Weekly,5.39451
7044951297423857,2018-02-20,Weekly,5.39451
7044951297423857,2018-02-27,Weekly,5.39451
7044951297423857,2018-03-06,Weekly,5.28561
7044951297423857,2017-05-07,Weekly,5.42718
7044951297423857,2017-05-14,Weekly,5.42718
7044951297423857,2017-05-21,Weekly,5.42718
7044951297423857,2017-05-28,Weekly,5.42718
7044951297423857,2017-06-04,Weekly,5.55291
7044951297423857,2017-06-11,Weekly,5.55291
7044951297423857,2017-06-18,Weekly,5.55291
7044951297423857,2017-06-25,Weekly,5.55291
7044951297423857,2017-07-02,Weekly,5.50836
7044951297423857,2017-07-09,Weekly,5.50836
7044951297423857,2017-07-16,Weekly,5.50836
7044951297423857,2017-07-23,Weekly,5.50836
7044951297423857,2017-07-30,Weekly,5.50836
7044951297423857,2017-08-06,Weekly,5.39055
7044951297423857,2017-08-13,Weekly,5.39055
7044951297423857,2017-08-20,Weekly,5.39055
7044951297423857,2017-08-27,Weekly,5.39055
7044951297423857,2017-09-03,Weekly,5.17176
4886730472836701,2017-12-29,Yearly,116.4744716
4934278769513139,2017-10-11,Monthly,29.55314567
4934278769513139,2018-03-23,Monthly,20.10061133
4934278769513139,2021-10-26,Monthly,15.53263067
4934278769513139,2017-12-01,Monthly,28.32277497
5898648966819268,2017-09-24,Monthly,22.564559
5898648966819268,2017-10-24,Monthly,22.686007
5898648966819268,2017-11-24,Monthly,22.964059
5898648966819268,2017-12-24,Monthly,23.12292305
5898648966819268,2018-01-24,Monthly,23.12291906
5898648966819268,2018-02-24,Monthly,22.670826
5898648966819268,2018-03-24,Monthly,22.165858
5898648966819268,2018-04-24,Monthly,22.464684
5898648966819268,2018-05-24,Monthly,21.835072
5898648966819268,2018-06-24,Monthly,21.875821
5898648966819268,2018-07-24,Monthly,21.95652
5898648966819268,2018-08-24,Monthly,21.958118
5898648966819268,2018-09-24,Monthly,21.545834
5898648966819268,2018-10-24,Monthly,21.411602
5898648966819268,2018-11-24,Monthly,21.3333
5898648966819268,2018-12-24,Monthly,21.783936
5898648966819268,2019-01-24,Monthly,21.945334
5898648966819268,2019-02-24,Monthly,21.914972
5898648966819268,2019-03-24,Monthly,21.965309
5898648966819268,2019-04-24,Monthly,22.069179
5898648966819268,2019-05-24,Monthly,22.269728
5898648966819268,2019-06-24,Monthly,22.46788
5898648966819268,2019-07-24,Monthly,22.407156
5898648966819268,2019-08-24,Monthly,22.761912
5898648966819268,2019-09-24,Monthly,22.519815
486125194694384,2017-05-03,Yearly,119.99
7099582392161284,2017-05-12,Monthly,19.99
7099582392161284,2017-06-12,Monthly,19.99
7099582392161284,2017-07-12,Monthly,19.99
7099582392161284,2017-08-12,Monthly,19.99
7099582392161284,2017-09-12,Monthly,19.99
7099582392161284,2017-10-12,Monthly,19.99
7099582392161284,2017-11-12,Monthly,19.99
7099582392161284,2017-12-12,Monthly,19.99
7099582392161284,2018-01-12,Monthly,19.99
7099582392161284,2018-02-28,Monthly,29.99
7099582392161284,2018-03-28,Monthly,29.99
7099582392161284,2018-04-28,Monthly,29.99
7099582392161284,2018-05-28,Monthly,29.99
7099582392161284,2018-06-28,Monthly,29.99
7099582392161284,2018-07-28,Monthly,29.99
7099582392161284,2018-08-28,Monthly,29.99
7099582392161284,2018-09-28,Monthly,29.99
7099582392161284,2018-10-28,Monthly,29.99
7099582392161284,2018-11-28,Monthly,29.99
7099582392161284,2019-12-16,Yearly,179.99
7099582392161284,2021-04-02,Monthly,8.11645
7099582392161284,2021-05-02,Monthly,8.2662
7099582392161284,2021-06-02,Monthly,8.05655
7099582392161284,2021-07-02,Monthly,8.06254
7099582392161284,2021-08-02,Monthly,8.21828
7099582392161284,2021-09-02,Monthly,8.54773
7099582392161284,2021-10-02,Monthly,7.96071
7099582392161284,2021-11-02,Monthly,8.12843
7099582392161284,2021-12-12,Monthly,7.58933
7099582392161284,2022-02-13,Monthly,7.58933
494817621390643,2017-05-16,Yearly,119.99
4637862160194354,2017-10-11,Yearly,119.9983193
7036452095125391,2017-03-31,Yearly,119.99
2735938180646475,2017-04-28,Yearly,96.55579766
828457053492758,2017-11-18,Yearly,119.9987268
3262305610384559,2017-10-25,Yearly,124.940007
3262305610384559,2018-10-25,Yearly,121.345726
3262305610384559,2019-10-25,Yearly,121.32573
3262305610384559,2020-10-25,Yearly,124.710053
3262305610384559,2021-10-25,Yearly,119.601075
9.99058E+15,2017-11-12,Yearly Monthly Billing,9.91599075
9.99058E+15,2017-12-12,Yearly Monthly Billing,10.03616983
9.99058E+15,2018-01-12,Yearly Monthly Billing,10.03617038
6343011296041613,2017-03-14,Yearly,119.99
1.33772E+15,2017-05-22,Weekly,4.264481571
1.33772E+15,2017-05-29,Weekly,4.264481571
1.33772E+15,2017-06-05,Weekly,4.203669
1.33772E+15,2017-06-12,Weekly,4.203669
1.33772E+15,2017-06-19,Weekly,4.203669
1.33772E+15,2017-06-26,Weekly,4.203669
1.33772E+15,2017-07-03,Weekly,4.363302
1.33772E+15,2017-07-10,Weekly,4.363302
1.33772E+15,2017-07-17,Weekly,4.363302
1.33772E+15,2017-07-24,Weekly,4.363302
1.33772E+15,2017-07-31,Weekly,4.363302
1.33772E+15,2017-08-07,Weekly,4.368369714
1.33772E+15,2017-08-14,Weekly,4.368369714
1.33772E+15,2017-08-21,Weekly,4.368369714
1.33772E+15,2017-08-28,Weekly,4.368369714
1.33772E+15,2017-09-04,Weekly,4.375971286
1.33772E+15,2017-09-11,Weekly,4.375971286
1.33772E+15,2017-09-18,Weekly,4.375971286
1.33772E+15,2017-09-25,Weekly,4.375971286
1.33772E+15,2017-10-02,Weekly,4.289820143
1.33772E+15,2017-10-09,Weekly,4.289820143
1.33772E+15,2017-10-16,Weekly,4.289820143
1.33772E+15,2017-10-23,Weekly,4.289820143
1.33772E+15,2017-10-30,Weekly,4.289820143
1.33772E+15,2017-11-06,Weekly,4.386106714
1.33772E+15,2020-06-28,3 Months,14.9855
1.33772E+15,2020-09-28,3 Months,14.018
1.33772E+15,2017-12-30,Weekly,4.409671839
1.33772E+15,2018-01-06,Weekly,4.409672092
1.33772E+15,2018-01-13,Weekly,4.409672092
1.33772E+15,2018-01-20,Weekly,4.409672092
1.33772E+15,2018-01-27,Weekly,4.409672092
1.33772E+15,2018-02-03,Weekly,4.388640571
1.33772E+15,2018-02-10,Weekly,4.388640571
1.33772E+15,2018-02-17,Weekly,4.388640571
1.33772E+15,2018-02-24,Weekly,4.388640571
1.33772E+15,2018-03-03,Weekly,4.018697429
13576624057908,2017-07-12,Yearly,128.6359451
4742237820051896,2017-07-05,Yearly,119.9990045
7547236277570785,2017-07-19,Yearly,70
2891344525133118,2017-07-05,Yearly,119.99
5842108979910538,2017-04-30,Yearly,119.9993464
1789611486732411,2017-12-17,Yearly,119.998521
744978071629910,2017-06-21,Yearly,129.4591902
7934077210391978,2017-10-02,Yearly,110.0832593
1931683606971409,2017-11-08,Yearly Monthly Billing,9.91599075
4159698916656279,2017-11-11,Yearly Monthly Billing,9.081818182
4159698916656279,2017-12-12,Yearly Monthly Billing,9.081818182
4159698916656279,2018-01-12,Yearly Monthly Billing,9.081818182
4159698916656279,2018-03-21,Yearly Monthly Billing,9.081818182
5356710530654461,2017-11-28,Yearly Monthly Billing,9.99
5356710530654461,2017-12-28,Yearly Monthly Billing,9.99
5356710530654461,2018-01-28,Yearly Monthly Billing,9.99
5085742597993057,2017-10-26,Yearly,117.264248
2.1791E+15,2017-07-07,Yearly,119.9991886
231060778512797,2017-12-04,Yearly Monthly Billing,9.99
231060778512797,2018-01-04,Yearly Monthly Billing,9.99
231060778512797,2018-03-04,Yearly Monthly Billing,9.99
231060778512797,2018-04-04,Yearly Monthly Billing,9.99
231060778512797,2018-05-04,Yearly Monthly Billing,9.99
9969423101264954,2017-12-21,Yearly,119.9981373
4837940098020126,2017-02-14,Yearly,119.9981744
4837940098020126,2018-02-14,Yearly,119.9981744
7189262537121269,2017-08-17,Yearly,116.3555921
2876311485224231,2017-11-07,Yearly Monthly Billing,9.99
8394519629662397,2017-10-11,Yearly,119.9983193
8394519629662397,2018-10-11,Yearly,119.9983193
7947080984076115,2017-06-07,Yearly,119.99
4134594219130526,2017-05-17,Yearly,114.3203019
4451631509072882,2017-07-07,Yearly,119.99
1484329272729703,2017-11-17,Yearly,120
5804545993629977,2017-07-04,Yearly,119.99
5804545993629977,2019-07-04,Yearly,119.99
1867431503498663,2017-11-12,Yearly Monthly Billing,14.39898298
1867431503498663,2017-12-12,Yearly Monthly Billing,14.5734947
1867431503498663,2018-01-12,Yearly Monthly Billing,14.5734955
1867431503498663,2018-03-12,Yearly Monthly Billing,14.58672065
1867431503498663,2018-04-12,Yearly Monthly Billing,14.13919661
1867431503498663,2018-05-12,Yearly Monthly Billing,14.04019008
1867431503498663,2018-06-12,Yearly Monthly Billing,14.0906
1867431503498663,2018-07-12,Yearly Monthly Billing,14.00319863
1867431503498663,2018-08-12,Yearly Monthly Billing,13.96330589
1867431503498663,2018-09-12,Yearly Monthly Billing,13.71560823
1867431503498663,2018-11-12,Yearly Monthly Billing,13.81135081
1867431503498663,2018-12-12,Yearly Monthly Billing,13.76517194
1867431503498663,2019-01-12,Yearly Monthly Billing,13.66737427
1867431503498663,2019-02-12,Yearly Monthly Billing,13.50901218
1867431503498663,2019-03-12,Yearly Monthly Billing,13.44687621
1867431503498663,2019-04-12,Yearly Monthly Billing,13.48580185
1867431503498663,2019-05-12,Yearly Monthly Billing,13.68417758
1867431503498663,2019-06-12,Yearly Monthly Billing,13.52702435
1867431503498663,2019-07-12,Yearly Monthly Billing,13.22940032
1867431503498663,2019-08-12,Yearly Monthly Billing,13.13063556
1867431503498663,2019-09-12,Yearly Monthly Billing,13.38474024
1867431503498663,2019-11-06,Yearly Monthly Billing,13.35197984
1867431503498663,2019-12-06,Yearly Monthly Billing,13.2896021
1867431503498663,2019-12-21,Yearly Monthly Billing,13.2896021
1867431503498663,2020-01-20,Yearly Monthly Billing,13.40710435
1867431503498663,2020-02-12,Yearly Monthly Billing,13.33904492
1867431503498663,2020-04-02,Yearly Monthly Billing,13.39042194
1867431503498663,2020-05-03,Yearly Monthly Billing,13.60149081
1867431503498663,2020-05-12,Yearly Monthly Billing,13.60149081
1867431503498663,2020-06-12,Yearly Monthly Billing,14.13859218
1867431503498663,2020-07-12,Yearly Monthly Billing,14.34808952
1867431503498663,2020-08-12,Yearly Monthly Billing,14.06194976
338331707301299,2017-08-07,Monthly,19.99543253
338331707301299,2017-09-07,Monthly,19.99543253
6868458490648466,2017-08-29,Yearly,119.9986667
3793805866146187,2017-11-04,Monthly,19.6711316
3793805866146187,2017-12-04,Monthly,19.90954031
3125001283542353,2017-12-01,Yearly,119.9985826
617216586042585,2017-12-25,Yearly,119.99
9556457264022396,2017-11-12,Yearly Monthly Billing,9.99
9556457264022396,2017-12-12,Yearly Monthly Billing,9.99
9556457264022396,2018-01-12,Yearly Monthly Billing,9.99
9556457264022396,2018-03-12,Yearly Monthly Billing,9.99
9556457264022396,2018-04-12,Yearly Monthly Billing,9.99
9556457264022396,2018-05-12,Yearly Monthly Billing,9.99
9556457264022396,2018-06-12,Yearly Monthly Billing,9.99
9556457264022396,2018-07-12,Yearly Monthly Billing,9.99
9556457264022396,2018-08-12,Yearly Monthly Billing,9.99
9556457264022396,2018-09-12,Yearly Monthly Billing,9.99
9556457264022396,2018-10-12,Yearly Monthly Billing,9.99
6002056543356638,2017-08-22,Yearly,179.99
8925678051775944,2017-02-18,Monthly,19.99
2853595224017303,2017-06-09,Yearly,117.0612441
1830908798497277,2017-08-16,Yearly,119.99
3656073517556906,2017-10-19,Yearly Monthly Billing,9.99
3656073517556906,2017-11-19,Yearly Monthly Billing,9.99
3656073517556906,2017-12-19,Yearly Monthly Billing,9.99
3656073517556906,2018-01-19,Yearly Monthly Billing,9.99
3656073517556906,2018-03-19,Yearly Monthly Billing,9.99
3656073517556906,2018-04-19,Yearly Monthly Billing,9.99
3656073517556906,2018-05-19,Yearly Monthly Billing,9.99
3656073517556906,2018-06-19,Yearly Monthly Billing,9.99
9434566296849145,2017-10-03,Yearly Monthly Billing,9.99
9986086606587455,2017-02-22,Yearly,119.9978136
650034151818674,2017-05-28,Yearly,170.1280479
650034151818674,2019-05-28,Yearly,169.7875668
5.37706E+15,2017-07-29,Yearly,118.802099
3822113872687628,2017-03-20,Yearly,119.99
3843976953827413,2017-03-17,Weekly,5.18463
3843976953827413,2017-03-24,Weekly,5.18463
3843976953827413,2017-03-31,Weekly,5.18463
3843976953827413,2017-04-07,Weekly,5.3559
3843976953827413,2017-04-14,Weekly,5.3559
3843976953827413,2017-04-21,Weekly,5.3559
3843976953827413,2017-04-28,Weekly,5.3559
3843976953827413,2017-05-05,Weekly,5.42718
3843976953827413,2017-05-12,Weekly,5.42718
505842055501491,2017-01-20,Yearly,119.99
8481042956570542,2017-11-21,Yearly,119.9984069
7.39338E+15,2017-07-30,Yearly,119.9983924
7.39338E+15,2018-07-30,Yearly,119.9983924
7.39338E+15,2019-07-30,Yearly,119.9983924
7.39338E+15,2020-07-30,Yearly,119.9983924
7.39338E+15,2021-07-30,Yearly,119.9983924
4536535107299477,2017-11-27,Yearly,59.99
2287132074495817,2017-03-27,Weekly,5.367619714
2287132074495817,2017-04-03,Weekly,5.352945
2287132074495817,2017-04-10,Weekly,5.352945
2287132074495817,2017-04-17,Weekly,5.352945
2287132074495817,2017-04-24,Weekly,5.352945
2287132074495817,2017-05-01,Weekly,5.352945
2287132074495817,2017-05-08,Weekly,5.380299
2287132074495817,2017-05-15,Weekly,5.380299
2287132074495817,2017-05-22,Weekly,5.380299
2287132074495817,2017-05-29,Weekly,5.380299
2287132074495817,2017-06-05,Weekly,5.441575286
2287132074495817,2017-06-12,Weekly,5.441575286
2287132074495817,2017-06-19,Weekly,5.441575286
2287132074495817,2017-06-26,Weekly,5.441575286
2287132074495817,2017-07-03,Weekly,5.368409571
2287132074495817,2017-07-10,Weekly,5.368409571
2287132074495817,2017-07-17,Weekly,5.368409571
2287132074495817,2017-07-24,Weekly,5.368409571
2287132074495817,2017-07-31,Weekly,5.368409571
2287132074495817,2017-08-07,Weekly,5.517858857
2287132074495817,2017-08-14,Weekly,5.517858857
2287132074495817,2017-08-21,Weekly,5.517858857
2287132074495817,2017-08-28,Weekly,5.517858857
2287132074495817,2017-09-04,Weekly,5.466850714
2287132074495817,2017-09-11,Weekly,5.466850714
2287132074495817,2017-09-18,Weekly,5.466850714
2287132074495817,2017-09-25,Weekly,5.466850714
2287132074495817,2017-10-02,Weekly,5.604078
2287132074495817,2017-10-09,Weekly,5.604078
2287132074495817,2017-10-16,Weekly,5.604078
2287132074495817,2017-10-23,Weekly,5.604078
2287132074495817,2017-10-30,Weekly,5.604078
2287132074495817,2017-11-06,Weekly,5.572359
2287132074495817,2017-11-13,Weekly,5.572359
312141734143839,2017-07-10,Yearly,119.99
312141734143839,2019-07-10,Yearly,119.99
7191357072206417,2017-10-05,Yearly Monthly Billing,9.99
7191357072206417,2017-11-05,Yearly Monthly Billing,9.99
3.85479E+15,2017-08-04,Yearly,119.999178
3801219978054392,2017-10-12,Yearly Monthly Billing,9.99
3801219978054392,2017-11-12,Yearly Monthly Billing,9.99
3801219978054392,2017-12-12,Yearly Monthly Billing,9.99
3801219978054392,2018-01-12,Yearly Monthly Billing,9.99
3801219978054392,2018-03-12,Yearly Monthly Billing,9.99
3801219978054392,2018-04-12,Yearly Monthly Billing,9.99
3801219978054392,2018-05-12,Yearly Monthly Billing,9.99
3801219978054392,2018-06-12,Yearly Monthly Billing,9.99
3801219978054392,2018-07-12,Yearly Monthly Billing,9.99
3801219978054392,2018-08-12,Yearly Monthly Billing,9.99
3801219978054392,2018-09-12,Yearly Monthly Billing,9.99
2592272659450039,2017-01-20,Yearly,119.1669591
2592272659450039,2018-01-20,Yearly,127.891304
2592272659450039,2019-01-20,Yearly,119.8772957
2592272659450039,2020-01-20,Yearly,119.3541424
7593282818013697,2017-05-05,Yearly,119.9987889
7593282818013697,2018-05-05,Yearly,119.9987889
423689723120075,2017-12-30,Yearly,119.5524699
5926242356560711,2017-03-25,Monthly,18.32292
3306660243893309,2017-11-12,Yearly,119.9984486
5127168819780079,2017-10-12,Yearly Monthly Billing,9.99
5127168819780079,2017-11-12,Yearly Monthly Billing,9.99
5127168819780079,2017-12-12,Yearly Monthly Billing,9.99
5127168819780079,2018-01-12,Yearly Monthly Billing,9.99
5127168819780079,2018-03-12,Yearly Monthly Billing,9.99
5127168819780079,2018-04-12,Yearly Monthly Billing,9.99
5127168819780079,2018-05-13,Yearly Monthly Billing,9.99
5127168819780079,2018-06-17,Yearly Monthly Billing,9.99
5127168819780079,2018-07-16,Yearly Monthly Billing,9.99
5127168819780079,2018-08-12,Yearly Monthly Billing,9.99
5127168819780079,2018-09-12,Yearly Monthly Billing,9.99
5127168819780079,2018-10-12,Yearly Monthly Billing,9.99
5127168819780079,2018-11-16,Yearly Monthly Billing,9.99
5127168819780079,2018-12-16,Yearly Monthly Billing,9.99
5127168819780079,2019-01-12,Yearly Monthly Billing,9.99
5127168819780079,2019-02-12,Yearly Monthly Billing,9.99
9946817481785397,2017-06-28,Yearly,119.99
1412374451926414,2017-01-13,Monthly,19.99
1412374451926414,2017-02-13,Monthly,19.99
1412374451926414,2017-03-13,Monthly,19.99
1412374451926414,2017-04-14,Monthly,19.99
403834115591586,2017-11-05,Yearly,119.9989207
403834115591586,2018-11-05,Yearly,119.9989207
9852577409241345,2017-10-25,Yearly Monthly Billing,9.844479
9852577409241345,2017-11-25,Yearly Monthly Billing,9.91599075
9852577409241345,2017-12-25,Yearly Monthly Billing,10.03616983
9852577409241345,2018-01-25,Yearly Monthly Billing,10.03617038
9852577409241345,2018-03-25,Yearly Monthly Billing,10.045278
9852577409241345,2018-05-04,Yearly Monthly Billing,9.66890475
9852577409241345,2018-06-02,Yearly Monthly Billing,9.70362
9852577409241345,2018-06-25,Yearly Monthly Billing,9.70362
9852577409241345,2018-07-25,Yearly Monthly Billing,9.64343025
9852577409241345,2018-08-25,Yearly Monthly Billing,9.61595775
9852577409241345,2018-09-25,Yearly Monthly Billing,9.4453785
9960805593101844,2018-08-29,Yearly,119.9962475
9960805593101844,2017-08-23,Yearly,119.9987367
622151926982936,2017-12-03,Yearly,119.99
6729166564587162,2017-04-07,Yearly,109.0818182
7934070409956571,2017-02-02,Yearly,119.9986631
7543438978189199,2017-12-24,Yearly Monthly Billing,9.99
7543438978189199,2018-03-01,Yearly Monthly Billing,14.99
7543438978189199,2018-04-01,Yearly Monthly Billing,14.99
4109991785008958,2017-11-02,Yearly,120
342781366025319,2017-09-17,Yearly Monthly Billing,9.99
342781366025319,2017-10-17,Yearly Monthly Billing,9.99
342781366025319,2017-11-17,Yearly Monthly Billing,9.99
342781366025319,2017-12-17,Yearly Monthly Billing,9.99
342781366025319,2018-01-17,Yearly Monthly Billing,9.99
5298118538401827,2017-12-12,Yearly,127.8916257
5298118538401827,2018-12-12,Yearly,120.6551265
947033511625810,2017-11-21,Yearly,119.99
947033511625810,2019-11-21,Yearly,119.99
6430935702203112,2017-04-05,Monthly,15.03787557
6430935702203112,2017-05-05,Monthly,14.90700086
6430935702203112,2017-06-05,Monthly,14.98700929
6430935702203112,2017-07-05,Monthly,15.37698414
6055390884531152,2017-10-13,Yearly Monthly Billing,9.99
7688613385413234,2017-07-02,Monthly,19.792099
7688613385413234,2017-08-02,Monthly,19.54605542
7688613385413234,2017-09-02,Monthly,19.32499933
7688613385413234,2017-10-02,Monthly,19.69881233
2799722645369279,2017-04-20,Yearly,119.9987543
2799722645369279,2018-04-20,Yearly,119.9987543
8912390191495565,2017-05-22,Monthly,19.0534937
8912390191495565,2017-06-22,Monthly,19.66596042
117892248170151,2017-12-10,Yearly,99.99166667
6691345621685932,2017-10-24,Yearly,119.9981342
2497711443613444,2017-05-20,Yearly,119.9986631
2497711443613444,2017-07-30,Yearly,83.41
4958888077260355,2017-02-18,Yearly,119.998126
5641767640154418,2017-05-07,Yearly,122.9124668
5641767640154418,2018-05-07,Yearly,121.1142238
8922132027551259,2017-08-02,Yearly,119.9982571
9418689314279113,2017-11-25,Yearly Monthly Billing,9.99
9418689314279113,2018-01-02,Yearly Monthly Billing,9.99
9418689314279113,2018-01-25,Yearly Monthly Billing,9.99
9418689314279113,2018-03-25,Yearly Monthly Billing,9.99
9418689314279113,2018-04-25,Yearly Monthly Billing,9.99
9418689314279113,2018-05-25,Yearly Monthly Billing,9.99
5.06513E+15,2017-09-25,Yearly,121.5481076
5.06513E+15,2019-05-18,Monthly,19.9971537
5.06513E+15,2019-06-18,Monthly,19.9971537
5.06513E+15,2019-07-18,Monthly,19.9971537
5.06513E+15,2019-09-18,Monthly,19.9971537
5.06513E+15,2019-10-18,Monthly,19.9971537
5.06513E+15,2020-07-16,Monthly,19.9971537
5.06513E+15,2020-08-06,Yearly,171.8181818
5.06513E+15,2020-08-06,Yearly,171.8181818
2215403198451901,2017-05-03,Yearly,110.649315
4.77352E+15,2017-02-19,Yearly,110.517602
4.77352E+15,2018-02-19,Yearly,115.7799746
225912333414876,2017-08-30,Yearly,175.9857379
4354467925012277,2017-12-23,Yearly,119.9989379
6340972212024244,2017-09-19,Yearly,120.6834005
6340972212024244,2019-10-15,Yearly,179.9907563
6340972212024244,2020-10-15,Yearly,179.9907563
6340972212024244,2021-10-15,Yearly,179.9907563
6340972212024244,2018-10-02,Yearly,179.9997693
931811680958121,2017-08-24,Yearly,179.9966387
931811680958121,2018-08-24,Yearly,179.9966387
3185637977060379,2017-09-04,Yearly,119.9975712
3185637977060379,2018-09-04,Yearly,119.9975712
5453488785388774,2017-12-19,Yearly Monthly Billing,9.99
5453488785388774,2018-01-19,Yearly Monthly Billing,9.99
5453488785388774,2018-03-19,Yearly Monthly Billing,9.99
4879387297073244,2017-06-16,Yearly,119.99
9535400206128983,2017-12-16,Yearly,119.9988024
1778264643342277,2017-06-21,Yearly,128.0158877
490773859094351,2017-04-27,Yearly,119.9985579
1273569615132322,2017-09-23,Monthly,19.99
1273569615132322,2017-10-23,Monthly,19.99
1273569615132322,2017-11-23,Monthly,19.99
1273569615132322,2017-12-23,Monthly,19.99
1273569615132322,2018-01-23,Monthly,19.99
7446244011342145,2017-04-03,Yearly,111.2832876
7370156506797056,2017-09-20,Monthly,19.99381599
7370156506797056,2017-10-20,Monthly,19.99381599
7370156506797056,2017-11-20,Monthly,19.99381599
7370156506797056,2017-12-20,Monthly,19.99381599
7370156506797056,2018-01-20,Monthly,19.99381599
7370156506797056,2018-02-20,Monthly,19.99381599
2635726541505213,2017-09-21,Yearly,119.9986609
2635726541505213,2018-09-21,Yearly,119.9986609
2635726541505213,2019-09-21,Yearly,119.9986609
2635726541505213,2020-09-21,Yearly,119.9986609
2635726541505213,2021-09-21,Yearly,119.9986609
5713359211414311,2017-07-12,Yearly,119.99
3828827288693345,2017-01-25,Monthly,20
3828827288693345,2017-02-25,Monthly,20
3828827288693345,2017-03-25,Monthly,20
3828827288693345,2017-04-25,Monthly,20
3828827288693345,2017-05-25,Monthly,20
3828827288693345,2017-06-25,Monthly,20
3828827288693345,2017-07-25,Monthly,20
3828827288693345,2017-08-25,Monthly,20
3828827288693345,2017-09-25,Monthly,20
3828827288693345,2017-10-25,Monthly,20
1.11021E+15,2017-02-10,Monthly,20.05639469
1.11021E+15,2017-03-10,Monthly,20.05639469
1.11021E+15,2017-04-10,Monthly,20.05639469
1.11021E+15,2017-05-10,Monthly,20.05639469
9619480743970375,2017-07-05,Yearly,119.9991053
9619480743970375,2018-07-05,Yearly,119.9991053
6047193058535207,2017-07-16,Yearly,179.9941176
6047193058535207,2018-07-16,Yearly,179.9941176
6047193058535207,2021-01-27,3 Months,59.99581256
1262629800944722,2017-08-10,Yearly,119.99
1262629800944722,2019-08-10,Yearly,119.99
1262629800944722,2020-08-10,Yearly,119.99
1889250251355613,2017-11-18,Yearly,110.8361449
5566204124113484,2017-07-15,Yearly Monthly Billing,9.99
5566204124113484,2017-08-15,Yearly Monthly Billing,9.99
5566204124113484,2017-09-15,Yearly Monthly Billing,9.99
5566204124113484,2017-10-15,Yearly Monthly Billing,9.99
5566204124113484,2017-11-15,Yearly Monthly Billing,9.99
5566204124113484,2017-12-15,Yearly Monthly Billing,9.99
5566204124113484,2018-01-15,Yearly Monthly Billing,9.99
5566204124113484,2018-03-15,Yearly Monthly Billing,9.99
5566204124113484,2018-04-15,Yearly Monthly Billing,9.99
5566204124113484,2018-05-15,Yearly Monthly Billing,9.99
5566204124113484,2018-06-15,Yearly Monthly Billing,9.99
5282823328361104,2017-01-29,Yearly,119.99
5282823328361104,2018-01-29,Yearly,119.99
5282823328361104,2020-01-29,Yearly,119.99
4440771112262201,2017-08-31,Yearly,116.3555921
3854607647543356,2017-11-25,Yearly,59.99
6631128920853247,2017-05-14,Yearly,119.99
6631128920853247,2019-05-14,Yearly,119.99
2805557249285798,2017-07-18,Yearly,119.9992507
2805557249285798,2018-07-18,Yearly,119.9992507
8099491414851205,2017-09-01,Yearly Monthly Billing,9.99
8099491414851205,2017-10-01,Yearly Monthly Billing,9.99
8099491414851205,2017-11-01,Yearly Monthly Billing,9.99
8099491414851205,2017-12-01,Yearly Monthly Billing,9.99
8099491414851205,2018-01-01,Yearly Monthly Billing,9.99
8099491414851205,2018-03-02,Yearly Monthly Billing,9.99
3660094215902184,2017-05-11,Weekly,5
5226907630399461,2017-03-03,Yearly,119.99
5226907630399461,2019-03-28,Yearly,119.99
6314831345751024,2017-07-07,Yearly,128.4558776
9341333983051237,2017-06-17,Yearly,119.9980792
2005676409362811,2017-12-07,Yearly Monthly Billing,9.99
2005676409362811,2018-01-07,Yearly Monthly Billing,9.99
2005676409362811,2018-03-07,Yearly Monthly Billing,9.99
8400728010488441,2017-05-16,Weekly,5
48099586247165,2017-09-15,Yearly Monthly Billing,9.99
48099586247165,2017-10-15,Yearly Monthly Billing,9.99
48099586247165,2017-11-15,Yearly Monthly Billing,9.99
7577006883610187,2017-11-25,Yearly Monthly Billing,9.99
7577006883610187,2017-12-25,Yearly Monthly Billing,9.99
7577006883610187,2018-01-25,Yearly Monthly Billing,9.99
7577006883610187,2018-03-25,Yearly Monthly Billing,9.99
7577006883610187,2018-04-25,Yearly Monthly Billing,9.99
7577006883610187,2018-05-25,Yearly Monthly Billing,9.99
7577006883610187,2018-06-25,Yearly Monthly Billing,9.99
7577006883610187,2018-07-25,Yearly Monthly Billing,9.99
7577006883610187,2018-08-25,Yearly Monthly Billing,9.99
7577006883610187,2018-09-25,Yearly Monthly Billing,9.99
7577006883610187,2018-10-25,Yearly Monthly Billing,9.99
7577006883610187,2018-11-25,Yearly Monthly Billing,9.99
7577006883610187,2018-12-25,Yearly Monthly Billing,9.99
7577006883610187,2019-01-25,Yearly Monthly Billing,9.99
7577006883610187,2019-02-25,Yearly Monthly Billing,9.99
7577006883610187,2019-03-25,Yearly Monthly Billing,9.99
7577006883610187,2019-04-25,Yearly Monthly Billing,9.99
7577006883610187,2019-05-25,Yearly Monthly Billing,9.99
7577006883610187,2019-06-25,Yearly Monthly Billing,9.99
7577006883610187,2019-07-25,Yearly Monthly Billing,9.99
7577006883610187,2019-08-25,Yearly Monthly Billing,9.99
7577006883610187,2019-09-25,Yearly Monthly Billing,9.99
6862787127621702,2017-01-05,Yearly,119.9968487
9304339260203497,2017-07-21,Yearly,119.9990991
8442996248752933,2017-09-15,Yearly,113.169105
4427146786515676,2017-12-17,Yearly,119.998521
3355633258591462,2017-01-14,Yearly,119.9964706
3355633258591462,2018-01-14,Yearly,119.9964706
6270741973511326,2017-06-05,Monthly,19.50207742
6270741973511326,2017-07-05,Monthly,19.792099
6270741973511326,2017-08-05,Monthly,19.54605542
6270741973511326,2017-09-06,Monthly,19.32499933
6270741973511326,2017-10-05,Monthly,19.69881233
6270741973511326,2017-11-05,Monthly,19.84190742
6270741973511326,2017-12-06,Monthly,20.08238588
6270741973511326,2018-01-10,Monthly,20.08238698
6270741973511326,2018-03-05,Monthly,20.10061133
6270741973511326,2018-04-05,Monthly,19.48391983
6270741973511326,2018-05-05,Monthly,19.34748808
6270741973511326,2018-06-05,Monthly,19.41695333
6270741973511326,2018-07-05,Monthly,19.29651358
6270741973511326,2019-06-19,Yearly Monthly Billing,13.46445975
6270741973511326,2019-07-23,Yearly Monthly Billing,13.0439085
6270741973511326,2019-08-23,Yearly Monthly Billing,13.3006775
6270741973511326,2019-09-18,Yearly Monthly Billing,13.85740725
6270741973511326,2019-10-18,Yearly Monthly Billing,13.937837
6270741973511326,2019-11-18,Yearly Monthly Billing,14.01155525
6270741973511326,2019-12-18,Yearly Monthly Billing,14.13301175
6270741973511326,2020-01-23,Yearly Monthly Billing,13.77925075
6270741973511326,2020-02-22,Yearly Monthly Billing,13.388793
6270741973511326,2020-03-18,Yearly Monthly Billing,13.445083
8636999471536208,2017-05-12,Yearly,179.99
906862208357042,2017-02-28,Yearly,119.99
9177353212920423,2017-04-26,Weekly,4.454520857
9177353212920423,2017-05-03,Weekly,4.264481571
9177353212920423,2017-05-10,Weekly,4.264481571
9177353212920423,2017-05-17,Weekly,4.264481571
2790932131772613,2017-06-13,Yearly,119.9981597
3.93022E+15,2017-03-21,Yearly,121.9723932
3.93022E+15,2018-03-21,Yearly,123.2928622
3.93022E+15,2019-03-21,Yearly,115.1327891
3.93022E+15,2020-03-21,Yearly,105.5098917
3556811207134139,2017-12-26,Yearly Monthly Billing,10.03616983
3556811207134139,2018-01-26,Yearly Monthly Billing,10.03617038
3556811207134139,2018-04-08,Yearly Monthly Billing,9.7370865
3556811207134139,2018-05-29,Yearly Monthly Billing,9.66890475
3556811207134139,2018-06-28,Yearly Monthly Billing,9.70362
3556811207134139,2018-07-07,Yearly Monthly Billing,9.64343025
3556811207134139,2018-07-27,Yearly Monthly Billing,9.64343025
3556811207134139,2018-08-31,Yearly Monthly Billing,9.61595775
3556811207134139,2018-10-26,Yearly Monthly Billing,9.41116275
3556811207134139,2018-11-24,Yearly Monthly Billing,9.5113125
3556811207134139,2018-11-30,Yearly Monthly Billing,9.5113125
3556811207134139,2018-12-26,Yearly Monthly Billing,9.479511
3556811207134139,2019-01-26,Yearly Monthly Billing,9.41216175
1477079501012357,2017-07-18,Yearly,119.9992507
3806416526570399,2017-12-30,Yearly,119.99828
3806416526570399,2018-12-30,Yearly,119.99828
1405488700163499,2017-10-15,Yearly,119.9988235
7242368546672893,2017-09-20,Yearly Monthly Billing,9.99
7242368546672893,2017-10-20,Yearly Monthly Billing,9.99
7242368546672893,2017-11-20,Yearly Monthly Billing,9.99
7242368546672893,2017-12-20,Yearly Monthly Billing,9.99
7242368546672893,2018-01-20,Yearly Monthly Billing,9.99
7242368546672893,2018-03-20,Yearly Monthly Billing,9.99
7242368546672893,2018-04-20,Yearly Monthly Billing,9.99
7242368546672893,2018-05-20,Yearly Monthly Billing,9.99
7242368546672893,2018-06-20,Yearly Monthly Billing,9.99
7242368546672893,2018-07-20,Yearly Monthly Billing,9.99
7242368546672893,2018-08-20,Yearly Monthly Billing,9.99
9539355233496083,2017-07-25,Yearly,119.9980901
1217098013615926,2017-10-13,Yearly,119.9982194
3806908618042037,2017-10-30,Monthly,19.99
4548306452474456,2017-07-24,Yearly,119.99
4548306452474456,2020-12-15,Yearly Monthly Billing,16.02
4548306452474456,2021-01-15,Yearly Monthly Billing,16.02
4548306452474456,2021-02-15,Yearly Monthly Billing,16.02
4548306452474456,2021-03-15,Yearly Monthly Billing,16.02
4548306452474456,2021-04-15,Yearly Monthly Billing,16.02
4548306452474456,2021-05-15,Yearly Monthly Billing,16.02
4548306452474456,2021-06-15,Yearly Monthly Billing,16.02
4548306452474456,2021-07-15,Yearly Monthly Billing,16.02
4548306452474456,2021-08-15,Yearly Monthly Billing,16.02
4548306452474456,2021-09-15,Yearly Monthly Billing,16.02
4548306452474456,2021-10-15,Yearly Monthly Billing,16.02
4548306452474456,2021-11-15,Yearly Monthly Billing,16.02
4548306452474456,2021-12-15,Yearly Monthly Billing,16.02
4548306452474456,2022-01-15,Yearly Monthly Billing,16.02
4548306452474456,2022-02-15,Yearly Monthly Billing,16.02
4.14708E+15,2017-02-25,Monthly,19.99
4.14708E+15,2017-03-29,Monthly,19.99
969670744596220,2017-01-25,Yearly,119.99
969670744596220,2018-01-25,Yearly,119.99
1797465730063936,2017-06-24,Monthly,19.99852941
1797465730063936,2017-07-24,Monthly,19.99852941
1797465730063936,2017-08-24,Monthly,19.99852941
1797465730063936,2017-09-24,Monthly,19.99852941
1797465730063936,2017-10-24,Monthly,19.99852941
4281681065107983,2017-08-03,Yearly,109.0818182
5840850887065226,2017-11-27,Yearly,59.99
8036078526066705,2018-04-12,Monthly,9.531256286
8036078526066705,2018-06-21,Monthly,14.76648229
8036078526066705,2018-07-21,Monthly,13.57922743
8036078526066705,2018-09-23,Monthly,9.004045714
8036078526066705,2018-11-15,Monthly,8.755249714
8036078526066705,2018-12-15,Monthly,8.944808571
8036078526066705,2019-01-15,Monthly,8.986274571
8036078526066705,2019-02-15,Monthly,9.033664286
8036078526066705,2019-03-15,Monthly,9.134367429
8036078526066705,2019-04-15,Monthly,9.033664286
8036078526066705,2019-05-15,Monthly,9.371316
8036078526066705,2019-06-15,Monthly,9.377239714
8036078526066705,2017-09-01,Monthly,21.76919429
8255897277075706,2017-05-04,Yearly,114.6365847
8255897277075706,2018-05-04,Yearly,116.5527997
8255897277075706,2019-05-04,Yearly,113.8544561
8255897277075706,2020-05-04,Yearly,110.1940944
4977120468125852,2017-07-25,Yearly,179.99
7555540891031133,2017-06-28,Yearly,119.9989672
7555540891031133,2018-06-28,Yearly,119.9989672
7555540891031133,2019-06-28,Yearly,119.9989672
913401228705916,2017-04-11,Yearly,119.99
6692353401578998,2017-07-10,Yearly,119.9988193
6692353401578998,2019-05-28,Yearly,119.9988193
6692353401578998,2020-05-28,Yearly,119.9988193
6692353401578998,2021-05-28,Yearly,119.9988193
2719076902362799,2017-11-13,Yearly,119.9978758
2719076902362799,2018-11-13,Yearly,119.9978758
8100173162142564,2017-12-03,Yearly Monthly Billing,9.99
8100173162142564,2018-01-03,Yearly Monthly Billing,9.99
8100173162142564,2018-03-03,Yearly Monthly Billing,9.99
8100173162142564,2018-04-03,Yearly Monthly Billing,9.99
8100173162142564,2018-05-03,Yearly Monthly Billing,9.99
7408877360734889,2017-05-10,Yearly,97.048761
937754076412113,2017-03-07,Monthly,18.01130571
7185530006877208,2017-10-05,Yearly,120.400759
4252993850564597,2017-06-06,Yearly,119.99
2.27556E+15,2017-01-21,Monthly,9.99
2.27556E+15,2017-02-21,Monthly,9.99
2.27556E+15,2017-03-21,Monthly,9.99
2.27556E+15,2017-05-21,Yearly Monthly Billing,9.99
2.27556E+15,2017-06-21,Yearly Monthly Billing,9.99
2.27556E+15,2017-07-21,Yearly Monthly Billing,9.99
2.27556E+15,2017-08-21,Yearly Monthly Billing,9.99
2.27556E+15,2017-09-21,Yearly Monthly Billing,9.99
2.27556E+15,2017-10-21,Yearly Monthly Billing,9.99
2.27556E+15,2017-11-21,Yearly Monthly Billing,9.99
2.27556E+15,2017-12-21,Yearly Monthly Billing,9.99
2721872805123923,2017-02-28,Yearly,106.3081403
7820635594499381,2017-11-25,Yearly,59.99
7820635594499381,2019-11-25,Yearly,119.99
7820635594499381,2020-11-25,Yearly,119.99
1094476143814164,2017-10-17,Yearly,119.9974848
4161318915874216,2017-10-05,Yearly,115.3632726
6394965977433112,2017-11-21,Yearly,119.9983584
6394965977433112,2018-11-21,Yearly,119.9983584
6394965977433112,2019-11-21,Yearly,119.9983584
8208145859715702,2017-09-28,Monthly,20.93
303513135828228,2017-02-17,Yearly,119.9990681
7886234014259832,2017-06-16,Yearly,119.9988313
8.1847E+15,2017-08-09,Yearly,119.9984226
8.1847E+15,2018-08-09,Yearly,119.9984226
3432716035324739,2017-08-16,Yearly,119.9985197
7340565215542879,2017-01-07,Yearly,179.99
4206116417663429,2017-06-07,Yearly,179.9980392
3618049235561652,2017-04-08,Yearly,119.99
9265489913077435,2017-06-12,Yearly,116.0937958
5800873823982521,2017-03-17,Yearly,119.9996837
5800873823982521,2019-12-25,Monthly,29.99911765
5800873823982521,2020-01-25,Monthly,29.99911765
5800873823982521,2020-02-25,Monthly,29.99911765
5800873823982521,2020-03-25,Monthly,29.99911765
5800873823982521,2020-03-28,Yearly,29.99911765
5800873823982521,2021-03-28,Yearly,29.99911765
5800873823982521,2021-12-24,Yearly,179.9941176
5800873823982521,2018-04-16,Yearly,119.9974492
1263340926242687,2017-11-17,Yearly Monthly Billing,9.99
1263340926242687,2017-12-17,Yearly Monthly Billing,9.99
1263340926242687,2018-01-17,Yearly Monthly Billing,9.99
1263340926242687,2018-03-17,Yearly Monthly Billing,9.99
1263340926242687,2018-04-17,Yearly Monthly Billing,9.99
1263340926242687,2018-05-17,Yearly Monthly Billing,9.99
1263340926242687,2018-06-17,Yearly Monthly Billing,9.99
1263340926242687,2018-07-17,Yearly Monthly Billing,9.99
1263340926242687,2018-08-17,Yearly Monthly Billing,9.99
1263340926242687,2018-09-17,Yearly Monthly Billing,9.99
1263340926242687,2018-10-17,Yearly Monthly Billing,9.99
1263340926242687,2018-11-20,Yearly Monthly Billing,14.99
1263340926242687,2018-12-20,Yearly Monthly Billing,14.99
1263340926242687,2019-01-20,Yearly Monthly Billing,14.99
1263340926242687,2019-02-20,Yearly Monthly Billing,14.99
1263340926242687,2019-03-20,Yearly Monthly Billing,14.99
1263340926242687,2019-04-20,Yearly Monthly Billing,14.99
1263340926242687,2019-05-20,Yearly Monthly Billing,14.99
1263340926242687,2019-06-20,Yearly Monthly Billing,14.99
1263340926242687,2019-07-20,Yearly Monthly Billing,14.99
1263340926242687,2019-08-20,Yearly Monthly Billing,14.99
1263340926242687,2019-09-20,Yearly Monthly Billing,14.99
1263340926242687,2019-10-20,Yearly Monthly Billing,14.99
1263340926242687,2019-11-20,Yearly Monthly Billing,14.99
1263340926242687,2019-12-20,Yearly Monthly Billing,14.99
1263340926242687,2020-01-20,Yearly Monthly Billing,14.99
1263340926242687,2020-02-20,Yearly Monthly Billing,14.99
1263340926242687,2020-03-20,Yearly Monthly Billing,14.99
1263340926242687,2020-04-20,Yearly Monthly Billing,14.99
1263340926242687,2020-05-20,Yearly Monthly Billing,14.99
1263340926242687,2020-06-20,Yearly Monthly Billing,14.99
1263340926242687,2020-07-20,Yearly Monthly Billing,14.99
1263340926242687,2020-08-20,Yearly Monthly Billing,14.99
1263340926242687,2020-09-20,Yearly Monthly Billing,14.99
1263340926242687,2020-10-20,Yearly Monthly Billing,14.99
4553954391960652,2017-01-29,Monthly,19.99
4553954391960652,2017-02-28,Monthly,19.99
4553954391960652,2017-03-28,Monthly,19.99
4553954391960652,2017-04-28,Monthly,19.99
4553954391960652,2018-03-21,Yearly Monthly Billing,9.99
4553954391960652,2018-04-20,Yearly Monthly Billing,9.99
4553954391960652,2018-05-19,Yearly Monthly Billing,9.99
4553954391960652,2018-06-19,Yearly Monthly Billing,9.99
4553954391960652,2018-07-19,Yearly Monthly Billing,9.99
4553954391960652,2018-08-19,Yearly Monthly Billing,9.99
4553954391960652,2018-09-19,Yearly Monthly Billing,9.99
4553954391960652,2018-10-19,Yearly Monthly Billing,9.99
4553954391960652,2018-11-19,Yearly Monthly Billing,9.99
4553954391960652,2018-12-19,Yearly Monthly Billing,9.99
520930920273383,2017-02-05,Yearly,119.99
520930920273383,2019-03-01,Yearly,59.99
520930920273383,2020-02-29,Yearly,119.99
520930920273383,2021-02-04,Yearly,119.99
520930920273383,2022-02-12,Yearly,119.99
3653492185283453,2017-04-17,Yearly,113.153595
3653492185283453,2019-04-17,Yearly,112.4850792
8631918707391839,2017-07-31,Yearly,114.9760697
8631918707391839,2019-07-27,Yearly,105.9027806
8631918707391839,2020-03-04,Yearly,104.8121666
8631918707391839,2021-03-04,Yearly,116.6840854
3110176076136237,2017-07-25,Yearly,119.9980901
7180348026536268,2017-07-04,Yearly,109.0818182
4584108693240502,2017-08-12,Yearly,116.3555921
2.40083E+15,2017-02-04,Yearly,119.99
6168571987381098,2017-06-15,Monthly,19.46786348
6168571987381098,2017-07-15,Monthly,18.64132993
7.51423E+15,2017-01-15,Yearly,116.7006429
2704759818297209,2017-12-14,Yearly,119.9983319
1028390466489476,2017-05-14,Yearly,119.99
1028390466489476,2021-01-24,3 Months,16.3619972
1028390466489476,2021-04-24,3 Months,16.270414
1028390466489476,2021-07-24,3 Months,16.2262928
1028390466489476,2021-10-24,3 Months,15.6152621
1028390466489476,2022-01-24,3 Months,16.2089289
5002464779503926,2017-03-22,Yearly,119.9988592
7111267647653377,2017-01-20,Yearly,109.0818182
7111267647653377,2018-01-20,Yearly,109.0818182
8077372120148642,2017-09-19,Yearly,120.6834005
5431540195132085,2017-12-03,Yearly Monthly Billing,9.081818182
5431540195132085,2018-01-03,Yearly Monthly Billing,9.081818182
5431540195132085,2018-03-03,Yearly Monthly Billing,9.081818182
5431540195132085,2018-04-03,Yearly Monthly Billing,9.081818182
5431540195132085,2018-05-03,Yearly Monthly Billing,9.081818182
5431540195132085,2018-06-03,Yearly Monthly Billing,9.081818182
5431540195132085,2018-07-03,Yearly Monthly Billing,9.081818182
5431540195132085,2018-08-03,Yearly Monthly Billing,9.081818182
5431540195132085,2018-09-03,Yearly Monthly Billing,9.081818182
5431540195132085,2018-10-03,Yearly Monthly Billing,9.081818182
5431540195132085,2018-11-03,Yearly Monthly Billing,9.081818182
5431540195132085,2018-12-03,Yearly Monthly Billing,9.081818182
5431540195132085,2019-01-03,Yearly Monthly Billing,9.081818182
5431540195132085,2019-02-03,Yearly Monthly Billing,9.081818182
5431540195132085,2019-03-03,Yearly Monthly Billing,9.081818182
5431540195132085,2019-04-03,Yearly Monthly Billing,9.081818182
5431540195132085,2019-05-03,Yearly Monthly Billing,9.081818182
5431540195132085,2019-06-03,Yearly Monthly Billing,9.081818182
5431540195132085,2019-07-03,Yearly Monthly Billing,9.081818182
5431540195132085,2019-08-03,Yearly Monthly Billing,9.081818182
5431540195132085,2019-09-03,Yearly Monthly Billing,9.081818182
5431540195132085,2019-10-03,Yearly Monthly Billing,9.081818182
5431540195132085,2020-11-15,Yearly Monthly Billing,15.779709
5431540195132085,2020-12-15,Yearly Monthly Billing,16.114945
5431540195132085,2021-01-15,Yearly Monthly Billing,16.128739
5431540195132085,2021-02-15,Yearly Monthly Billing,15.954433
5431540195132085,2021-03-15,Yearly Monthly Billing,16.245152
5431540195132085,2021-04-15,Yearly Monthly Billing,16.093209
5431540195132085,2021-05-15,Yearly Monthly Billing,15.822972
5431540195132085,2021-06-15,Yearly Monthly Billing,15.346034
5431540195132085,2021-07-15,Yearly Monthly Billing,15.114253
5431540195132085,2021-08-23,Yearly Monthly Billing,15.135362
5431540195132085,2021-10-11,Yearly Monthly Billing,14.914658
5431540195132085,2021-10-15,Yearly Monthly Billing,14.914658
1066097082223695,2017-10-12,Yearly,119.83
4222225468972879,2017-01-20,Monthly,18.25443214
4222225468972879,2017-02-20,Monthly,18.193425
5890282819688735,2017-12-28,Yearly Monthly Billing,9.99
5890282819688735,2018-03-09,Yearly Monthly Billing,14.99
5890282819688735,2018-04-09,Yearly Monthly Billing,14.99
5890282819688735,2018-05-16,Yearly Monthly Billing,14.99
5890282819688735,2019-01-22,Yearly Monthly Billing,15.56
5890282819688735,2019-02-22,Yearly Monthly Billing,15.71
5890282819688735,2019-03-22,Yearly Monthly Billing,15.48
7511973411701837,2017-07-04,Yearly,119.9990045
2119362718590138,2017-03-08,Monthly,18.16711286
2119362718590138,2017-04-08,Monthly,18.69264571
9754944838032083,2017-08-12,Yearly Monthly Billing,14.99
7714576496985442,2017-11-01,Yearly,120.77
660592889658825,2018-12-13,Yearly,119.988466
660592889658825,2021-01-22,Yearly,175.1948235
660592889658825,2022-01-22,Yearly,175.1948235
660592889658825,2017-11-07,Yearly,119.9970991